LSOA21CD,LSOA21NM,dft_business_raw,dft_overall_raw,ptal_inspired_raw,cumulative_30min_raw,cumulative_45min_raw,cumulative_60min_raw,dft_business_percentile,ptal_inspired_percentile,cumulative_45min_percentile,dft_overall_percentile,cumulative_30min_percentile,cumulative_60min_percentile,gap_dft_minus_ptal,gap_dft_minus_cumulative,gap_ptal_minus_cumulative,three_method_range
E01011264,Leeds 011A,60.9,68.17,33.6071184120465,1575,9675,19675,11.088295687885,24.435318275154,19.1991786447639,24.435318275154,20.1232032854209,14.0657084188912,-13.347022587269,-8.11088295687885,5.23613963039014,13.347022587269
E01011265,Leeds 009A,69.23,77.25,62.6967830253251,8675,16650,30225,47.2279260780288,70.0205338809035,25.7700205338809,71.5605749486653,53.7987679671458,16.4271047227926,-22.7926078028747,21.4579055441478,44.2505133470226,44.2505133470226
E01011266,Leeds 008A,64.39,67.86,24.4695414099932,800,800,800,18.6858316221766,13.5523613963039,7.18685831622177,23.305954825462,14.0657084188912,4.31211498973306,5.13347022587269,11.4989733059548,6.36550308008214,11.4989733059548
E01011267,Leeds 009B,66.92,74.5,47.0225872689939,3525,10175,16575,28.952772073922,46.0985626283368,20.0205338809035,56.2628336755647,32.5462012320329,11.9096509240246,-17.1457905544148,8.93223819301848,26.0780287474333,26.0780287474333
E01011268,Leeds 010A,63.4,70.6,41.3415468856947,325,9775,16575,14.7843942505133,36.3449691991786,19.5071868583162,33.8809034907598,8.31622176591376,11.9096509240246,-21.5605749486653,-4.72279260780287,16.8377823408624,21.5605749486653
E01011269,Leeds 011B,62.93,72.47,38.911704312115,1575,9675,19675,13.5523613963039,31.211498973306,19.1991786447639,42.7104722792608,20.1232032854209,14.0657084188912,-17.6591375770021,-5.64681724845996,12.0123203285421,17.6591375770021
E01011270,Leeds 008B,56.84,56.06,6.50239561943874,0,0,0,7.59753593429158,1.23203285420945,0.410677618069815,5.3388090349076,0.513347022587269,0.410677618069815,6.36550308008214,7.18685831622177,0.821355236139631,7.18685831622177
E01011271,Leeds 009C,67.57,73.48,39.8357289527721,3775,10975,15900,33.3675564681725,32.6488706365503,21.3552361396304,49.0759753593429,34.7022587268994,10.9856262833676,0.718685831622182,12.0123203285421,11.2936344969199,12.0123203285421
E01011272,Leeds 009D,63.93,70.16,5.61259411362081,2950,12300,23000,17.6591375770021,0.616016427104723,21.7659137577002,32.3408624229979,29.3634496919918,14.7843942505133,17.0431211498973,-4.10677618069815,-21.1498973305955,21.1498973305955
E01011273,Leeds 010B,63.41,72.66,42.0260095824778,8775,14100,26075,14.9897330595483,37.6796714579055,23.8193018480493,43.9425051334702,54.2094455852156,15.9137577002053,-22.6899383983573,-8.82956878850103,13.8603696098563,22.6899383983573
E01011274,Leeds 010C,63.51,73.42,67.2142368240931,5850,20425,48300,16.4271047227926,75.564681724846,31.6221765913758,48.4599589322382,41.8891170431211,20.7392197125257,-59.1375770020534,-15.1950718685832,43.9425051334702,59.1375770020534
E01011275,Leeds 010D,63.23,71.23,44.798083504449,7975,14000,26075,14.5790554414784,42.5051334702259,23.4086242299795,37.5770020533881,51.7453798767967,15.9137577002053,-27.9260780287474,-8.82956878850103,19.0965092402464,27.9260780287474
E01011276,Leeds 011C,62.48,70.9,55.0992470910336,6650,26225,111600,13.1416837782341,60.2669404517454,39.4250513347023,36.5503080082136,45.9958932238193,31.0061601642711,-47.1252566735113,-26.2833675564682,20.8418891170431,47.1252566735113
E01011277,Leeds 014A,60.34,64.84,27.7207392197125,2300,6875,23800,10.4722792607803,16.4271047227926,14.7843942505133,15.8110882956879,24.6406570841889,14.9897330595483,-5.95482546201232,-4.31211498973306,1.64271047227926,5.95482546201232
E01011278,Leeds 014B,63.45,70.1,58.3162217659138,11025,26500,109290,15.8110882956879,64.0657084188912,40.2464065708419,31.8275154004107,60.1642710472279,30.1848049281314,-48.2546201232033,-24.435318275154,23.8193018480493,48.2546201232033
E01011279,Leeds 008C,66.73,71.92,4.03832991101985,300,300,300,27.4127310061602,0,3.38809034907598,40.6570841889117,7.49486652977413,2.46406570841889,27.4127310061602,24.0246406570842,-3.38809034907598,27.4127310061602
E01011280,Leeds 008D,67.36,71.64,36.0369609856263,3725,10175,15900,31.0061601642711,26.694045174538,20.0205338809035,39.2197125256674,33.8809034907598,10.9856262833676,4.31211498973306,10.9856262833676,6.6735112936345,10.9856262833676
E01011281,Leeds 059A,71.29,72.54,26.009582477755,825,6100,77725,65.2977412731006,14.5790554414784,13.7577002053388,43.3264887063655,14.5790554414784,24.6406570841889,50.7186858316222,51.5400410677618,0.821355236139631,51.5400410677618
E01011282,Leeds 059B,71.8,77.27,54.0041067761807,6025,71870,291685,68.8911704312115,57.700205338809,57.700205338809,72.0739219712526,42.9158110882957,68.3778234086242,11.1909650924025,11.1909650924025,0,11.1909650924025
E01011283,Leeds 059C,73.12,76,42.984257357974,11900,227765,389980,78.952772073922,39.8357289527721,82.7515400410678,62.9363449691992,61.8069815195072,95.482546201232,39.1170431211499,-3.79876796714578,-42.9158110882957,42.9158110882957
E01011284,Leeds 071A,74.96,81.27,40.3832991101985,11050,150590,299325,90.7597535934292,34.394250513347,72.8952772073922,87.6796714579056,60.3696098562628,71.2525667351129,56.3655030800821,17.864476386037,-38.5010266940452,56.3655030800821
E01011286,Leeds 059D,72.91,77.11,59.4455852156058,14175,216830,388205,77.0020533880904,65.2977412731006,81.3141683778234,69.6098562628337,67.0431211498973,94.8665297741273,11.7043121149897,-4.31211498973306,-16.0164271047228,16.0164271047228
E01011287,Leeds 067B,73.12,74.86,56.6050650239562,11375,69530,282950,78.952772073922,62.217659137577,56.2628336755647,58.2135523613963,60.9856262833676,65.2977412731006,16.735112936345,22.6899383983573,5.95482546201232,22.6899383983573
E01011292,Leeds 071B,74.72,82.22,75.2566735112936,94490,251170,386035,89.7330595482546,86.0369609856263,87.4743326488706,91.170431211499,89.1170431211499,94.4558521560575,3.69609856262834,2.25872689938397,-1.43737166324436,3.69609856262834
E01011293,Leeds 071C,75.36,82.32,83.3333333333333,115825,276995,414925,93.2238193018481,93.7371663244353,93.4291581108829,92.1971252566735,94.6611909650924,98.3572895277207,-0.513347022587269,-0.205338809034899,0.30800821355237,0.513347022587269
E01011294,Leeds 071D,75.04,80.01,71.7659137577002,49500,244645,361580,91.9917864476386,81.3141683778234,84.5995893223819,82.7515400410678,80.082135523614,86.0369609856263,10.6776180698152,7.39219712525667,-3.28542094455852,10.6776180698152
E01011295,Leeds 059E,71.2,74.25,40.5886379192334,4450,45630,276685,64.476386036961,34.9075975359343,49.4866529774127,54.9281314168378,36.4476386036961,63.4496919917865,29.5687885010267,14.9897330595483,-14.5790554414784,29.5687885010267
E01011296,Leeds 030A,52.52,49.22,17.9671457905544,450,450,450,5.74948665297741,7.18685831622177,5.03080082135524,2.6694045174538,10.1642710472279,3.38809034907598,-1.43737166324435,0.718685831622176,2.15605749486653,2.15605749486653
E01011297,Leeds 030B,54.84,49.13,27.3100616016427,0,0,0,6.36550308008214,15.605749486653,0.410677618069815,2.46406570841889,0.513347022587269,0.410677618069815,-9.24024640657084,5.95482546201232,15.1950718685832,15.1950718685832
E01011298,Leeds 088A,64.27,55.31,35.7973990417522,0,0,0,18.0698151950719,26.4887063655031,0.410677618069815,5.13347022587269,0.513347022587269,0.410677618069815,-8.41889117043121,17.6591375770021,26.0780287474333,26.0780287474333
E01011299,Leeds 088B,53.61,56.47,34.4969199178645,600,600,600,5.95482546201232,25.0513347022587,6.36550308008214,5.54414784394251,12.217659137577,4.10677618069815,-19.0965092402464,-0.410677618069816,18.6858316221766,19.0965092402464
E01011300,Leeds 089A,61.28,64.28,69.0280629705681,400,24335,42760,11.9096509240246,77.82340862423,37.9876796714579,14.0657084188912,9.44558521560575,19.1991786447639,-65.9137577002053,-26.0780287474333,39.8357289527721,65.9137577002053
E01011301,Leeds 089B,60.59,65.37,66.3928815879535,2060,25135,47165,10.6776180698152,74.3326488706366,38.8090349075975,17.2484599589322,23.6139630390144,20.5338809034908,-63.6550308008214,-28.1314168377823,35.523613963039,63.6550308008214
E01011302,Leeds 088C,59.2,62.93,38.7405886379192,525,4585,32710,9.85626283367557,31.0061601642711,11.7043121149897,11.4989733059548,11.4989733059548,17.2484599589322,-21.1498973305955,-1.84804928131417,19.3018480492813,21.1498973305955
E01011303,Leeds 088D,59.09,64.68,33.1964407939767,1125,24735,46835,9.65092402464066,23.9219712525667,38.5010266940452,15.4004106776181,17.1457905544148,20.3285420944559,-14.2710472279261,-28.8501026694045,-14.5790554414784,28.8501026694045
E01011304,Leeds 089C,58.28,64.88,68.1724845995893,1400,29360,57065,8.82956878850103,76.5913757700205,41.6837782340862,16.0164271047228,18.8911704312115,21.5605749486653,-67.7618069815195,-32.8542094455852,34.9075975359343,67.7618069815195
E01011305,Leeds 089D,57.24,63.05,63.4839151266256,1150,9360,45440,8.0082135523614,71.5605749486653,18.0698151950719,11.7043121149897,17.6591375770021,19.917864476386,-63.5523613963039,-10.0616016427105,53.4907597535934,63.5523613963039
E01011306,Leeds 089E,56.81,60.37,40.5886379192334,75,75,75,7.39219712525667,34.9075975359343,1.23203285420945,9.24024640657084,1.64271047227926,1.23203285420945,-27.5154004106776,6.16016427104723,33.6755646817249,33.6755646817249
E01011307,Leeds 103A,58.18,64.28,36.5845311430527,400,8450,31305,8.62422997946612,28.1314168377823,16.6324435318275,14.0657084188912,9.44558521560575,17.0431211498973,-19.5071868583162,-8.0082135523614,11.4989733059548,19.5071868583162
E01011308,Leeds 103B,57.44,62.81,46.1327857631759,3350,17565,57890,8.2135523613963,44.558521560575,27.9260780287474,11.2936344969199,31.8275154004107,21.7659137577002,-36.3449691991786,-19.7125256673511,16.6324435318275,36.3449691991786
E01011309,Leeds 030C,48.24,43.96,44.8323066392882,350,350,8150,2.87474332648871,42.7104722792608,4.10677618069815,0.82135523613963,8.82956878850103,7.39219712525667,-39.8357289527721,-1.23203285420945,38.6036960985626,39.8357289527721
E01011310,Leeds 030D,47.45,42.28,17.4880219028063,200,950,16125,2.46406570841889,6.98151950718686,7.39219712525667,0.616016427104723,4.20944558521561,11.2936344969199,-4.51745379876797,-4.92813141683778,-0.410677618069816,4.92813141683778
E01011311,Leeds 022A,51.95,40.96,19.4729637234771,350,350,350,5.3388090349076,8.0082135523614,4.10677618069815,0,8.82956878850103,2.97741273100616,-2.6694045174538,1.23203285420945,3.90143737166325,3.90143737166325
E01011312,Leeds 086A,75.11,83.42,85.5578370978782,102490,270840,380035,92.1971252566735,95.2772073921971,92.1971252566735,95.8932238193019,90.3490759753593,93.2238193018481,-3.08008213552361,0,3.08008213552361,3.08008213552361
E01011313,Leeds 091A,72.95,78.91,50.3422313483915,19215,72115,284790,77.4127310061602,51.7453798767967,57.905544147844,77.0020533880904,72.6899383983573,65.7084188911704,25.6673511293634,19.5071868583162,-6.16016427104723,25.6673511293634
E01011314,Leeds 091B,73.27,79.63,50.6160164271047,10965,111490,301390,80.6981519507187,51.9507186858316,65.9137577002053,80.4928131416838,59.958932238193,71.4579055441479,28.7474332648871,14.7843942505133,-13.9630390143737,28.7474332648871
E01011315,Leeds 090A,72.79,78.23,37.6796714579056,12465,81715,289870,75.8726899383984,29.7741273100616,59.958932238193,74.9486652977413,63.2443531827515,67.7618069815195,46.0985626283368,15.9137577002053,-30.1848049281314,46.0985626283368
E01011316,Leeds 086B,74.53,82.01,82.9568788501027,53665,239090,365735,88.2956878850103,93.0184804928131,83.9835728952772,90.1437371663244,81.3141683778234,88.911704312115,-4.72279260780287,4.31211498973306,9.03490759753593,9.03490759753593
E01011317,Leeds 090B,72.96,73.67,76.1122518822724,62525,223790,364870,77.82340862423,86.652977412731,81.9301848049281,50.4106776180698,83.5728952772074,88.0903490759754,-8.82956878850102,-4.10677618069815,4.72279260780287,8.82956878850102
E01011318,Leeds 090C,73.58,71.24,73.1690622861054,18625,116515,311670,82.5462012320329,82.6488706365503,67.1457905544148,37.8850102669405,72.2792607802875,73.7166324435318,-0.102669404517457,15.4004106776181,15.5030800821355,15.5030800821355
E01011319,Leeds 091C,73.62,79.17,88.8432580424367,56540,244465,371980,82.9568788501027,97.9466119096509,84.394250513347,78.6447638603696,82.0328542094456,91.170431211499,-14.9897330595483,-1.43737166324435,13.5523613963039,14.9897330595483
E01011320,Leeds 091D,73.29,79.09,81.0746064339494,56540,208765,360320,80.9034907597536,91.170431211499,79.8767967145791,78.2340862422998,82.0328542094456,85.4209445585216,-10.2669404517454,1.02669404517454,11.2936344969199,11.2936344969199
E01011321,Leeds 090D,72.79,77.05,75.6331279945243,20390,143590,310395,75.8726899383984,86.2422997946612,71.4579055441479,69.1991786447639,74.1273100616017,73.5112936344969,-10.3696098562628,4.4147843942505,14.7843942505133,14.7843942505133
E01011322,Leeds 091E,72.05,74.69,70.9787816563997,13440,136890,292325,70.4312114989733,80.6981519507187,70.2258726899384,57.0841889117043,65.0924024640657,68.993839835729,-10.2669404517454,0.205338809034913,10.4722792607803,10.4722792607803
E01011323,Leeds 051A,71.34,76.17,66.7008898015058,5700,45700,288685,65.7084188911704,75.0513347022587,49.6919917864476,64.2710472279261,41.4784394250513,67.1457905544148,-9.3429158110883,16.0164271047228,25.3593429158111,25.3593429158111
E01011324,Leeds 046A,71.96,73.96,60.9514031485284,6350,138020,321070,70.0205338809035,67.7618069815195,70.6365503080082,52.7720739219713,44.558521560575,75.9753593429158,2.25872689938397,-0.616016427104725,-2.8747433264887,2.8747433264887
E01011325,Leeds 046B,70.49,71.77,30.082135523614,2325,12850,160745,58.9322381930185,19.5071868583162,22.5872689938398,39.8357289527721,25.1540041067762,41.0677618069815,39.4250513347023,36.3449691991786,-3.08008213552361,39.4250513347023
E01011326,Leeds 046C,71.8,73.83,49.6235455167693,9700,133170,276535,68.8911704312115,50.3080082135524,69.4045174537988,51.2320328542095,56.776180698152,63.2443531827515,18.5831622176591,-0.513347022587283,-19.0965092402464,19.0965092402464
E01011327,Leeds 052A,68.16,70.81,35.7631759069131,275,4325,24915,38.1930184804928,26.2833675564682,11.2936344969199,35.4209445585216,6.57084188911704,15.1950718685832,11.9096509240246,26.8993839835729,14.9897330595483,26.8993839835729
E01011328,Leeds 052B,69.12,74.23,55.9206023271732,9800,39440,244995,45.5852156057495,61.8069815195072,47.4332648870637,54.6201232032854,57.3921971252567,55.2361396303902,-16.2217659137577,-1.84804928131417,14.3737166324435,16.2217659137577
E01011329,Leeds 051B,70.32,74.51,66.7008898015058,4625,32080,208615,57.5975359342916,75.0513347022587,42.9158110882957,56.4681724845996,37.1663244353183,48.4599589322382,-17.4537987679672,14.6817248459959,32.135523613963,32.135523613963
E01011330,Leeds 051C,69.58,72.07,54.4147843942505,875,22240,155930,50.9240246406571,58.5215605749487,35.7289527720739,41.3757700205339,14.9897330595483,40.041067761807,-7.59753593429158,15.1950718685832,22.7926078028747,22.7926078028747
E01011331,Leeds 058A,72.7,78.9,66.1533196440794,4800,46170,294860,75.1540041067762,73.7166324435318,49.8973305954826,76.7967145790555,38.6036960985626,69.8151950718686,1.43737166324436,25.2566735112936,23.8193018480493,25.2566735112936
E01011332,Leeds 046D,71.36,74.49,41.9917864476386,4150,30995,225060,65.9137577002053,37.3716632443532,42.0944558521561,56.0574948665298,35.4209445585216,51.7453798767967,28.5420944558522,23.8193018480493,-4.72279260780288,28.5420944558522
E01011333,Leeds 051D,70.04,75.23,44.9691991786448,7000,35345,268685,56.1601642710472,43.3264887063655,44.9691991786448,58.9322381930185,47.4332648870637,61.6016427104723,12.8336755646817,11.1909650924025,-1.64271047227926,12.8336755646817
E01011334,Leeds 058B,74.04,78.77,43.668720054757,14750,79370,299110,85.8316221765914,40.6570841889117,59.5482546201232,76.3860369609856,67.7618069815195,70.8418891170431,45.1745379876797,26.2833675564682,-18.8911704312115,45.1745379876797
E01011335,Leeds 052C,71.09,77.25,54.3805612594114,13040,36030,263890,63.6550308008214,58.3162217659138,45.3798767967146,71.5605749486653,64.476386036961,60.1642710472279,5.3388090349076,18.2751540041068,12.9363449691992,18.2751540041068
E01011336,Leeds 058C,73.02,78.95,73.1690622861054,6375,76170,298285,78.2340862422998,82.6488706365503,58.9322381930185,77.4127310061602,44.8665297741273,70.6365503080082,-4.41478439425052,19.3018480492813,23.7166324435318,23.7166324435318
E01011337,Leeds 058D,72.96,76.92,41.5126625598905,10675,64365,267570,77.82340862423,36.5503080082136,54.2094455852156,68.5831622176591,59.5482546201232,61.1909650924025,41.2731006160164,23.6139630390144,-17.6591375770021,41.2731006160164
E01011338,Leeds 064A,77.06,85.35,78.6447638603696,172900,330785,406770,98.3572895277207,88.911704312115,98.9733059548255,98.7679671457906,98.3572895277207,97.741273100616,9.44558521560575,-0.616016427104725,-10.0616016427105,10.0616016427105
E01011339,Leeds 060A,70.44,74.86,76.0438056125941,32150,209505,333180,58.3162217659138,86.4476386036961,80.2874743326489,58.2135523613963,77.6180698151951,78.8501026694045,-28.1314168377823,-21.9712525667351,6.16016427104722,28.1314168377823
E01011340,Leeds 060B,73.21,80.48,64.476386036961,16000,83945,255205,79.7741273100616,72.3819301848049,60.5749486652977,85.0102669404518,70.0205338809035,57.0841889117043,7.39219712525667,19.1991786447639,11.8069815195072,19.1991786447639
E01011341,Leeds 061A,72.75,77.19,73.4770704996578,58800,182085,325080,75.564681724846,83.7782340862423,78.2340862422998,71.047227926078,82.7515400410678,77.0020533880904,-8.2135523613963,-2.6694045174538,5.5441478439425,8.2135523613963
E01011342,Leeds 060C,71.82,76.25,61.9438740588638,15925,85870,276285,69.3018480492813,68.993839835729,61.8069815195072,64.8870636550308,69.8151950718686,63.0390143737166,0.30800821355237,7.49486652977413,7.18685831622176,7.49486652977413
E01011343,Leeds 061B,71.75,76.43,66.8035592060233,7825,130310,312555,68.3778234086242,75.3593429158111,68.993839835729,66.0164271047228,50.8213552361396,74.1273100616017,-6.98151950718686,-0.616016427104725,6.36550308008214,6.98151950718686
E01011344,Leeds 065A,73.58,83.28,82.5119780971937,72025,247045,351310,82.5462012320329,92.1971252566735,85.2156057494867,95.0718685831622,85.0102669404518,82.2381930184805,-9.65092402464066,-2.6694045174538,6.98151950718686,9.65092402464066
E01011345,Leeds 061C,72.87,79.96,68.2409308692676,24400,136295,294100,76.5913757700205,76.7967145790555,69.6098562628337,82.3408624229979,76.5913757700205,69.4045174537988,-0.205338809034913,6.98151950718686,7.18685831622177,7.18685831622177
E01011346,Leeds 060D,73.26,77.75,70.3285420944559,18500,173635,323855,80.4928131416838,79.8767967145791,75.7700205338809,73.7166324435318,72.0739219712526,76.7967145790555,0.616016427104725,4.72279260780287,4.10677618069815,4.72279260780287
E01011347,Leeds 065B,73.7,82.63,25.1882272416153,72225,225405,350830,83.5728952772074,14.0657084188912,82.3408624229979,93.6344969199179,85.4209445585216,81.7248459958932,69.5071868583162,1.23203285420945,-68.2751540041068,69.5071868583162
E01011348,Leeds 065C,74.58,82.31,85.6947296372348,73260,260660,369155,88.5010266940452,95.5852156057495,89.7330595482546,91.9917864476386,85.8316221765914,90.4517453798768,-7.0841889117043,-1.23203285420944,5.85215605749487,7.0841889117043
E01011349,Leeds 065D,75.76,83.41,74.6064339493498,78400,260285,382070,94.8665297741273,85.3182751540041,89.5277207392197,95.6878850102669,87.6796714579056,93.6344969199179,9.5482546201232,5.3388090349076,-4.2094455852156,9.5482546201232
E01011350,Leeds 034A,72.17,79.74,70.1574264202601,61595,214955,330195,71.8685831622177,79.3634496919918,80.9034907597536,81.3141683778234,83.1622176591376,78.2340862422998,-7.49486652977413,-9.03490759753593,-1.54004106776181,9.03490759753593
E01011351,Leeds 034B,71.44,78.71,63.4839151266256,12525,121295,289805,66.735112936345,71.5605749486653,68.1724845995893,75.9753593429158,63.4496919917865,67.5564681724846,-4.82546201232032,-1.43737166324435,3.38809034907597,4.82546201232032
E01011352,Leeds 034C,72.66,81.84,89.9383983572895,73445,250355,352770,74.9486652977413,98.1519507186858,87.0636550308008,89.7330595482546,86.0369609856263,82.9568788501027,-23.2032854209446,-12.1149897330595,11.088295687885,23.2032854209446
E01011353,Leeds 034D,71.3,76.54,6.91307323750856,13125,150795,302480,65.5030800821355,1.64271047227926,73.1006160164271,66.3244353182752,64.6817248459959,71.6632443531828,63.8603696098563,-7.59753593429159,-71.4579055441479,71.4579055441479
E01011354,Leeds 038A,70.32,75.09,21.047227926078,11070,136385,314720,57.5975359342916,9.85626283367557,69.8151950718686,58.5215605749487,60.5749486652977,74.7433264887064,47.741273100616,-12.217659137577,-59.958932238193,59.958932238193
E01011355,Leeds 038B,72.12,77.6,47.5701574264203,8320,152615,304890,71.3552361396304,47.8439425051335,73.5112936344969,73.1006160164271,52.5667351129363,72.0739219712526,23.5112936344969,-2.15605749486653,-25.6673511293635,25.6673511293635
E01011356,Leeds 042A,73.37,81.04,81.1088295687885,98900,280195,364610,81.4168377823409,91.4784394250513,94.2505133470226,86.9609856262834,89.5277207392197,87.6796714579056,-10.0616016427105,-12.8336755646817,-2.77207392197126,12.8336755646817
E01011357,Leeds 038C,73.81,80.15,79.9452429842574,67095,247240,345245,84.394250513347,89.7330595482546,85.4209445585216,83.6755646817249,84.394250513347,80.4928131416838,-5.3388090349076,-1.02669404517454,4.31211498973306,5.3388090349076
E01011358,Leeds 042B,72.84,78.27,52.1902806297057,57020,225490,323545,76.1806981519507,54.2094455852156,82.5462012320329,75.1540041067762,82.3408624229979,76.5913757700205,21.9712525667351,-6.36550308008214,-28.3367556468173,28.3367556468173
E01011359,Leeds 042C,72.37,79.71,39.9726214921287,73945,178565,317695,72.6899383983573,33.0595482546201,77.4127310061602,81.1088295687885,86.2422997946612,75.564681724846,39.6303901437372,-4.72279260780287,-44.35318275154,44.35318275154
E01011360,Leeds 042D,74.71,82.66,81.1772758384668,102425,288120,368385,89.5277207392197,91.7864476386037,95.6878850102669,93.8398357289528,90.1437371663244,89.5277207392197,-2.25872689938397,-6.16016427104722,-3.90143737166325,6.16016427104722
E01011361,Leeds 042E,74.27,82.81,67.2484599589323,105750,248545,355760,86.652977412731,75.7700205338809,86.2422997946612,94.2505133470226,91.3757700205339,83.7782340862423,10.8829568788501,0.410677618069812,-10.4722792607803,10.8829568788501
E01011362,Leeds 081A,74.91,78.36,62.9363449691992,48075,210390,357725,90.5544147843943,70.4312114989733,80.4928131416838,75.3593429158111,79.4661190965093,84.5995893223819,20.1232032854209,10.0616016427105,-10.0616016427105,20.1232032854209
E01011363,Leeds 071E,76.34,79.96,96.9541409993155,136250,304410,411665,96.5092402464066,99.7946611909651,97.1252566735113,82.3408624229979,96.7145790554415,98.1519507186858,-3.28542094455851,-0.616016427104711,2.6694045174538,3.28542094455851
E01011364,Leeds 085A,75.38,81.45,82.7857631759069,165515,313910,404585,93.4291581108829,92.8131416837782,98.3572895277207,88.0903490759754,97.9466119096509,97.5359342915811,0.616016427104711,-4.92813141683779,-5.5441478439425,5.5441478439425
E01011366,Leeds 082A,75.39,78.67,60.7460643394935,12025,197265,330135,93.6344969199179,67.2484599589323,78.6447638603696,75.7700205338809,62.0123203285421,78.0287474332649,26.3860369609856,14.9897330595483,-11.3963039014374,26.3860369609856
E01011368,Leeds 082C,75.62,80.63,70.3969883641342,88065,269690,375715,94.6611909650924,80.082135523614,91.9917864476386,86.0369609856263,88.7063655030801,91.9917864476386,14.5790554414784,2.6694045174538,-11.9096509240246,14.5790554414784
E01011369,Leeds 090E,73.21,75.41,76.5229295003422,97640,275895,385860,79.7741273100616,87.2689938398357,93.0184804928131,59.5482546201232,89.3223819301848,94.2505133470226,-7.49486652977413,-13.2443531827515,-5.74948665297741,13.2443531827515
E01011370,Leeds 082D,74.03,79.92,63.3127994524299,58715,228915,357320,85.6262833675565,70.9445585215606,82.9568788501027,81.9301848049281,82.5462012320329,84.394250513347,14.6817248459959,2.6694045174538,-12.0123203285421,14.6817248459959
E01011371,Leeds 085B,75.85,83.52,74.0246406570842,156215,305135,400760,95.0718685831622,84.394250513347,97.3305954825462,96.5092402464066,97.5359342915811,97.3305954825462,10.6776180698152,-2.25872689938399,-12.9363449691992,12.9363449691992
E01011372,Leeds 086C,74.9,83.39,18.8227241615332,59390,262340,376810,90.3490759753593,7.59753593429158,89.9383983572895,95.482546201232,82.9568788501027,92.6078028747433,82.7515400410678,0.410677618069812,-82.3408624229979,82.7515400410678
E01011373,Leeds 085C,74.7,82.29,55.2361396303902,55565,218240,350390,89.3223819301848,60.5749486652977,81.5195071868583,91.7864476386037,81.7248459958932,81.5195071868583,28.7474332648871,7.80287474332648,-20.9445585215606,28.7474332648871
E01011374,Leeds 085D,75.24,82.94,15.9479808350445,100115,280840,376435,92.7104722792608,6.16016427104723,94.4558521560575,94.6611909650924,89.7330595482546,92.1971252566735,86.5503080082136,-1.7453798767967,-88.2956878850103,88.2956878850103
E01011375,Leeds 086D,74.25,81.96,12.5941136208077,51315,198515,328845,86.3449691991787,3.49075975359343,78.8501026694045,89.9383983572895,80.4928131416838,77.6180698151951,82.8542094455852,7.49486652977413,-75.3593429158111,82.8542094455852
E01011376,Leeds 013A,63.13,60.29,36.2765229295003,1125,5950,18215,14.1683778234086,26.8993839835729,13.5523613963039,9.03490759753593,17.1457905544148,13.347022587269,-12.7310061601643,0.616016427104723,13.347022587269,13.347022587269
E01011377,Leeds 013B,65.26,66.61,40.7597535934292,3725,10475,80970,21.9712525667351,35.4209445585216,20.5338809034908,20.7392197125257,33.8809034907598,26.0780287474333,-13.4496919917864,1.43737166324435,14.8870636550308,14.8870636550308
E01011378,Leeds 013C,65.48,68.59,40.5886379192334,1000,6725,33565,22.7926078028747,34.9075975359343,14.476386036961,27.3100616016427,15.8110882956879,17.4537987679671,-12.1149897330596,8.31622176591376,20.4312114989733,20.4312114989733
E01011379,Leeds 017A,66.55,70.61,61.0540725530459,4425,19865,142715,26.3860369609856,68.1724845995893,30.8008213552361,34.0862422997947,36.1396303901437,37.3716632443532,-41.7864476386037,-4.41478439425051,37.3716632443532,41.7864476386037
E01011380,Leeds 016A,63.88,63.22,38.5010266940452,1125,9090,80765,17.4537987679671,30.8008213552361,17.5564681724846,12.3203285420945,17.1457905544148,25.6673511293635,-13.347022587269,-0.102669404517453,13.2443531827515,13.347022587269
E01011381,Leeds 016B,65.35,68.24,19.9863107460643,0,650,8625,22.17659137577,8.72689938398357,6.57084188911704,25.2566735112936,0.513347022587269,8.41889117043121,13.4496919917864,15.605749486653,2.15605749486653,15.605749486653
E01011382,Leeds 013D,67.25,66.37,62.3545516769336,5025,16550,131120,30.3901437371663,69.4045174537988,25.4620123203285,19.3018480492813,40.5544147843943,34.2915811088296,-39.0143737166325,4.92813141683778,43.9425051334702,43.9425051334702
E01011383,Leeds 019A,65.79,70.43,32.340862422998,4975,18015,144465,23.8193018480493,22.9979466119097,28.3367556468173,33.264887063655,39.4250513347023,38.1930184804928,0.821355236139631,-4.51745379876797,-5.3388090349076,5.3388090349076
E01011384,Leeds 017B,67.21,68.2,29.192334017796,225,5025,18875,30.1848049281314,18.4804928131417,12.9363449691992,24.8459958932238,5.54414784394251,13.5523613963039,11.7043121149897,17.2484599589322,5.54414784394251,17.2484599589322
E01011385,Leeds 016C,64.36,63.68,17.1115674195756,1125,9090,80765,18.4804928131417,6.77618069815195,17.5564681724846,12.9363449691992,17.1457905544148,25.6673511293635,11.7043121149897,0.924024640657084,-10.7802874743326,11.7043121149897
E01011386,Leeds 016D,65.87,68.48,32.7857631759069,8500,71295,217140,24.0246406570842,23.4086242299795,57.4948665297741,26.2833675564682,53.1827515400411,49.2813141683778,0.616016427104722,-33.4702258726899,-34.0862422997947,34.0862422997947
E01011388,Leeds 019B,66.86,68.48,25.9069130732375,3450,11900,124345,28.3367556468173,14.3737166324435,21.5605749486653,26.2833675564682,32.135523613963,33.0595482546201,13.9630390143737,6.77618069815195,-7.18685831622177,13.9630390143737
E01011390,Leeds 087A,61.05,60.27,60.7460643394935,1525,19050,117890,11.4989733059548,67.2484599589323,29.5687885010267,8.82956878850103,19.4045174537988,32.0328542094456,-55.7494866529774,-18.0698151950719,37.6796714579056,55.7494866529774
E01011391,Leeds 087B,61.51,59.93,47.3648186173854,775,2275,17655,12.3203285420945,47.3305954825462,9.65092402464066,8.41889117043121,13.5523613963039,12.9363449691992,-35.0102669404517,2.6694045174538,37.6796714579055,37.6796714579055
E01011392,Leeds 087C,55.91,58.21,37.9192334017796,975,4800,35090,6.77618069815195,29.9794661190965,12.1149897330596,7.18685831622177,15.4004106776181,18.2751540041068,-23.2032854209446,-5.3388090349076,17.864476386037,23.2032854209446
E01011393,Leeds 103C,61.68,58.1,22.621492128679,1525,21375,133390,12.7310061601643,11.4989733059548,33.3675564681725,6.98151950718686,19.4045174537988,35.0102669404517,1.23203285420945,-20.6365503080082,-21.8685831622177,21.8685831622177
E01011394,Leeds 103D,58.92,56.86,41.7180013689254,175,575,5775,9.24024640657084,36.7556468172485,6.16016427104723,6.16016427104723,3.18275154004107,6.98151950718686,-27.5154004106776,3.08008213552361,30.5954825462012,30.5954825462012
E01011395,Leeds 103E,59.9,55.12,39.4592744695414,1525,21375,133390,10.2669404517454,32.135523613963,33.3675564681725,4.72279260780288,19.4045174537988,35.0102669404517,-21.8685831622177,-23.1006160164271,-1.23203285420945,23.1006160164271
E01011396,Leeds 074A,69.87,76.08,82.1013004791239,23135,37695,125965,53.388090349076,91.9917864476386,46.611909650924,63.6550308008214,75.564681724846,33.264887063655,-38.6036960985626,6.77618069815195,45.3798767967146,45.3798767967146
E01011397,Leeds 077A,69.93,71.02,44.8665297741273,2610,23435,34785,54.0041067761807,42.9158110882957,36.7556468172485,37.1663244353183,28.0287474332649,17.864476386037,11.088295687885,17.2484599589322,6.16016427104723,17.2484599589322
E01011398,Leeds 077B,67.06,64.44,44.0451745379877,2610,21410,31035,29.3634496919918,41.170431211499,33.7782340862423,14.7843942505133,28.0287474332649,16.8377823408624,-11.8069815195072,-4.41478439425051,7.39219712525667,11.8069815195072
E01011399,Leeds 074B,67.47,71.81,43.1211498973306,4375,24535,41745,32.5462012320329,40.041067761807,38.1930184804928,40.2464065708419,35.9342915811088,18.8911704312115,-7.49486652977412,-5.64681724845995,1.84804928131417,7.49486652977412
E01011400,Leeds 074C,71.43,75.59,63.3812457221082,4610,23435,34785,66.5297741273101,71.2525667351129,36.7556468172485,60.6776180698152,36.7556468172485,17.864476386037,-4.72279260780287,29.7741273100616,34.4969199178645,34.4969199178645
E01011401,Leeds 077C,66.59,67.66,45.8247775496236,2560,23435,34785,26.694045174538,44.35318275154,36.7556468172485,22.7926078028747,27.3100616016427,17.864476386037,-17.6591375770021,-10.0616016427105,7.59753593429158,17.6591375770021
E01011402,Leeds 087D,66.73,68.39,53.62765229295,175,175,6875,27.4127310061602,56.2628336755647,1.95071868583162,25.8726899383984,3.18275154004107,7.18685831622177,-28.8501026694045,25.4620123203285,54.3121149897331,54.3121149897331
E01011403,Leeds 074D,69.61,73.95,41.3073237508556,4760,24185,37620,51.129363449692,36.1396303901437,37.5770020533881,52.5667351129363,38.1930184804928,18.6858316221766,14.9897330595483,13.5523613963039,-1.43737166324436,14.9897330595483
E01011404,Leeds 077D,66.5,66.69,4.85968514715948,1310,21410,30985,25.8726899383984,0.410677618069815,33.7782340862423,21.1498973305955,18.2751540041068,16.6324435318275,25.4620123203285,-7.90554414784394,-33.3675564681725,33.3675564681725
E01011405,Leeds 077E,65.53,68.02,47.2279260780288,2510,24735,42760,23.4086242299795,46.8172484599589,38.5010266940452,24.0246406570842,26.8993839835729,19.1991786447639,-23.4086242299795,-15.0924024640657,8.31622176591376,23.4086242299795
E01011406,Leeds 057A,71.26,78.74,49.8973305954826,25025,50545,223515,64.8870636550308,51.0266940451745,51.3347022587269,76.1806981519507,76.7967145790555,51.3347022587269,13.8603696098563,13.5523613963039,-0.308008213552363,13.8603696098563
E01011407,Leeds 057B,69.64,75.76,70.4996577686516,6750,34055,182365,51.3347022587269,80.2874743326489,43.9425051334702,61.3963039014374,46.4065708418891,44.558521560575,-28.952772073922,7.39219712525667,36.3449691991786,36.3449691991786
E01011408,Leeds 057C,72.52,79.03,87.2689938398357,28560,138315,281375,73.7166324435318,97.3305954825462,71.047227926078,77.82340862423,77.4127310061602,64.8870636550308,-23.6139630390144,2.6694045174538,26.2833675564682,26.2833675564682
E01011409,Leeds 057D,72.59,80.55,80.6981519507187,27850,138090,293350,74.7433264887064,90.7597535934292,70.8418891170431,85.6262833675565,77.2073921971253,69.1991786447639,-16.0164271047228,3.90143737166324,19.917864476386,19.917864476386
E01011410,Leeds 057E,69.52,71.78,38.3299110198494,500,500,500,49.7946611909651,30.5954825462012,5.44147843942505,40.041067761807,10.9856262833676,3.69609856262834,19.1991786447639,44.3531827515401,25.1540041067762,44.3531827515401
E01011411,Leeds 073A,67.71,70.85,75.1882272416153,23185,36520,180340,34.0862422997947,85.8316221765914,45.9958932238193,35.9342915811088,75.9753593429158,44.1478439425051,-51.7453798767967,-11.9096509240246,39.8357289527721,51.7453798767967
E01011412,Leeds 057F,70.87,75.66,55.0650239561944,17300,28235,93720,62.0123203285421,59.958932238193,40.8624229979466,60.9856262833676,71.047227926078,27.1047227926078,2.05338809034907,21.1498973305955,19.0965092402464,21.1498973305955
E01011413,Leeds 069A,71.7,77.71,42.0944558521561,4785,102870,263665,68.1724845995893,37.9876796714579,64.8870636550308,73.4086242299795,38.3983572895277,59.958932238193,30.1848049281314,3.28542094455852,-26.8993839835729,30.1848049281314
E01011414,Leeds 073B,70.99,76,42.9500342231348,18425,36370,179365,62.6283367556468,39.5277207392197,45.5852156057495,62.9363449691992,71.8685831622177,43.9425051334702,23.1006160164271,17.0431211498973,-6.05749486652978,23.1006160164271
E01011415,Leeds 069B,71.13,77.9,64.8870636550308,20035,181120,314205,64.0657084188912,72.8952772073922,78.0287474332649,73.9219712525667,73.5112936344969,74.3326488706366,-8.82956878850102,-13.9630390143737,-5.13347022587269,13.9630390143737
E01011416,Leeds 069C,71.22,77.16,64.476386036961,3000,44435,234515,64.6817248459959,72.3819301848049,49.2813141683778,70.4312114989733,29.6714579055442,54.4147843942505,-7.70020533880904,15.4004106776181,23.1006160164271,23.1006160164271
E01011417,Leeds 069D,70.81,77.71,59.7535934291581,7160,99810,267865,61.4989733059548,65.7084188911704,63.4496919917865,73.4086242299795,48.0492813141684,61.3963039014374,-4.2094455852156,-1.95071868583162,2.25872689938398,4.2094455852156
E01011418,Leeds 073C,68.25,71.98,68.9253935660507,19375,36020,180465,38.7063655030801,77.6180698151951,45.1745379876797,40.9650924024641,72.8952772073922,44.35318275154,-38.911704312115,-6.46817248459959,32.4435318275154,38.911704312115
E01011419,Leeds 073D,66.88,67.59,36.5503080082136,50,50,50,28.7474332648871,27.9260780287474,1.02669404517454,22.5872689938398,1.23203285420945,1.02669404517454,0.821355236139631,27.7207392197125,26.8993839835729,27.7207392197125
E01011420,Leeds 069E,67.14,66.45,12.7994524298426,2250,2250,2250,29.9794661190965,3.69609856262834,9.34291581108829,19.6098562628337,24.2299794661191,4.92813141683778,26.2833675564682,20.6365503080082,-5.64681724845996,26.2833675564682
E01011421,Leeds 040A,70.46,75.95,60.2669404517454,24145,156470,278265,58.6242299794661,66.3244353182752,74.3326488706366,62.6283367556468,76.1806981519507,63.9630390143737,-7.70020533880903,-15.7084188911704,-8.0082135523614,15.7084188911704
E01011422,Leeds 048A,73.79,82.88,79.6030116358659,111870,268345,365285,84.1889117043121,89.5277207392197,91.7864476386037,94.4558521560575,93.6344969199179,88.2956878850103,-5.3388090349076,-7.59753593429157,-2.25872689938397,7.59753593429157
E01011423,Leeds 047A,69.71,73.91,25.1882272416153,20220,87095,256230,51.5400410677618,14.0657084188912,62.217659137577,52.0533880903491,73.7166324435318,57.4948665297741,37.4743326488706,-10.6776180698152,-48.1519507186858,48.1519507186858
E01011424,Leeds 047B,71.08,76.68,43.6344969199179,23145,156295,290765,63.4496919917865,40.4517453798768,74.1273100616017,67.2484599589323,75.7700205338809,67.9671457905544,22.9979466119097,-10.6776180698152,-33.6755646817249,33.6755646817249
E01011425,Leeds 040B,69.3,72.69,31.6563997262149,6820,82020,227240,48.0492813141684,21.5605749486653,60.1642710472279,44.558521560575,46.611909650924,52.3613963039014,26.4887063655031,-12.1149897330596,-38.6036960985626,38.6036960985626
E01011426,Leeds 048B,73.55,82.46,9.10335386721424,81120,255820,341620,82.1355236139631,2.6694045174538,87.8850102669405,93.2238193018481,88.2956878850103,79.8767967145791,79.4661190965093,-5.74948665297741,-85.2156057494867,85.2156057494867
E01011427,Leeds 047C,72.42,80.54,49.0075290896646,22570,156545,292140,72.8952772073922,49.4866529774127,74.5379876796715,85.4209445585216,74.9486652977413,68.7885010266941,23.4086242299795,-1.64271047227926,-25.0513347022587,25.0513347022587
E01011428,Leeds 048C,74.25,84.14,86.208076659822,110395,260045,361510,86.3449691991787,96.5092402464066,89.1170431211499,97.5359342915811,93.2238193018481,85.8316221765914,-10.1642710472279,-2.77207392197124,7.39219712525669,10.1642710472279
E01011429,Leeds 048D,74.38,83.69,76.249144421629,110270,259245,363335,87.8850102669405,86.8583162217659,88.7063655030801,96.9199178644764,93.0184804928131,86.8583162217659,1.02669404517454,-0.821355236139624,-1.84804928131416,1.84804928131416
E01011430,Leeds 053A,73.24,82.54,29.7056810403833,32170,175720,306990,80.082135523614,18.8911704312115,76.5913757700205,93.4291581108829,77.82340862423,72.8952772073922,61.1909650924025,3.49075975359342,-57.700205338809,61.1909650924025
E01011431,Leeds 047D,71.15,77.55,62.6283367556468,17745,86270,257255,64.2710472279261,69.8151950718686,62.0123203285421,72.6899383983573,71.2525667351129,58.1108829568789,-5.54414784394251,2.25872689938398,7.80287474332649,7.80287474332649
E01011432,Leeds 053B,73.37,83.35,50.2395619438741,33200,214670,321755,81.4168377823409,51.5400410677618,80.6981519507187,95.2772073921971,78.6447638603696,76.3860369609856,29.8767967145791,0.718685831622182,-29.1581108829569,29.8767967145791
E01011433,Leeds 053C,73.86,83.72,88.0561259411362,72250,248470,351310,84.8049281314169,97.5359342915811,86.0369609856263,97.1252566735113,85.6262833675565,82.2381930184805,-12.7310061601643,-1.23203285420944,11.4989733059548,12.7310061601643
E01011434,Leeds 053D,74.36,84.21,66.2559890485969,78870,256450,356320,87.6796714579056,73.9219712525667,88.0903490759754,97.741273100616,88.0903490759754,83.9835728952772,13.7577002053388,-0.410677618069812,-14.1683778234086,14.1683778234086
E01011435,Leeds 044A,73.07,81.04,52.1218343600274,64945,236210,337170,78.4394250513347,53.7987679671458,83.5728952772074,86.9609856262834,83.9835728952772,79.2607802874743,24.6406570841889,-5.13347022587269,-29.7741273100616,29.7741273100616
E01011440,Leeds 044D,73.58,82.17,83.3333333333333,117345,263820,371635,82.5462012320329,93.7371663244353,90.7597535934292,90.6570841889117,94.8665297741273,90.9650924024641,-11.1909650924025,-8.2135523613963,2.97741273100617,11.1909650924025
E01011441,Leeds 044E,74.28,79.96,55.886379192334,65470,230735,340470,86.8583162217659,61.6016427104723,83.1622176591376,82.3408624229979,84.1889117043121,79.6714579055442,25.2566735112936,3.69609856262834,-21.5605749486653,25.2566735112936
E01011442,Leeds 110A,73.87,80.13,80.5954825462012,114420,267610,372950,85.0102669404518,90.5544147843943,91.5811088295688,83.3675564681725,94.2505133470226,91.7864476386037,-5.54414784394251,-6.57084188911705,-1.02669404517454,6.57084188911705
E01011443,Leeds 110B,74.46,81.71,72.9637234770705,106695,276970,368635,88.0903490759754,82.3408624229979,93.2238193018481,89.3223819301848,91.9917864476386,89.8357289527721,5.74948665297741,-5.1334702258727,-10.8829568788501,10.8829568788501
E01011444,Leeds 110C,74.33,81.39,40.7597535934292,105145,247520,362550,87.2689938398357,35.4209445585216,85.6262833675565,87.8850102669405,90.9650924024641,86.652977412731,51.8480492813142,1.64271047227926,-50.2053388090349,51.8480492813142
E01011445,Leeds 054A,74.35,81.06,54.8596851471595,103995,253460,352175,87.4743326488706,59.5482546201232,87.6796714579056,87.2689938398357,90.5544147843943,82.7515400410678,27.9260780287474,-0.205338809034899,-28.1314168377823,28.1314168377823
E01011446,Leeds 054B,75.17,81.73,44.6269678302533,106470,248885,347290,92.4024640657084,42.0944558521561,86.4476386036961,89.5277207392197,91.7864476386037,80.9034907597536,50.3080082135524,5.95482546201232,-44.35318275154,50.3080082135524
E01011447,Leeds 054C,74.99,81.57,45.482546201232,107770,259335,377580,91.4784394250513,43.9425051334702,88.911704312115,88.8090349075976,92.4024640657084,92.8131416837782,47.5359342915811,2.56673511293634,-44.9691991786448,47.5359342915811
E01011448,Leeds 054D,74.77,81.55,49.8973305954826,114995,258635,353835,89.9383983572895,51.0266940451745,88.5010266940452,88.5010266940452,94.4558521560575,83.3675564681725,38.911704312115,1.43737166324435,-37.4743326488706,38.911704312115
E01011449,Leeds 054E,74.98,81.49,18.0013689253936,105795,250960,357930,91.170431211499,7.39219712525667,87.2689938398357,88.2956878850103,91.5811088295688,84.8049281314169,83.7782340862423,3.90143737166325,-79.8767967145791,83.7782340862423
E01011450,Leeds 038D,70.43,74.08,46.3039014373717,11645,140215,312315,58.1108829568789,45.0718685831622,71.2525667351129,53.388090349076,61.3963039014374,73.9219712525667,13.0390143737166,-13.1416837782341,-26.1806981519507,26.1806981519507
E01011451,Leeds 110D,71.97,79.08,10.2669404517454,67720,230895,346150,70.2258726899384,2.87474332648871,83.3675564681725,78.0287474332649,84.5995893223819,80.6981519507187,67.3511293634497,-13.1416837782341,-80.4928131416838,80.4928131416838
E01011452,Leeds 027A,67.78,69.99,45.5852156057495,4675,23575,172420,34.8049281314168,44.1478439425051,37.1663244353183,31.5195071868583,37.6796714579055,42.7104722792608,-9.3429158110883,-2.36139630390144,6.98151950718686,9.3429158110883
E01011453,Leeds 028A,69.56,70.79,65.4688569472964,2250,16975,183670,50.4106776180698,73.305954825462,26.2833675564682,35.1129363449692,24.2299794661191,44.7638603696099,-22.8952772073922,24.1273100616016,47.0225872689938,47.0225872689938
E01011454,Leeds 027B,68.88,73.67,53.2854209445585,6925,25350,184370,44.2505133470226,55.4414784394251,39.0143737166324,50.4106776180698,46.8172484599589,44.9691991786448,-11.1909650924025,5.23613963039015,16.4271047227926,16.4271047227926
E01011455,Leeds 021A,66.39,68.18,34.3600273785079,4050,20500,48865,25.2566735112936,24.8459958932238,31.8275154004107,24.6406570841889,35.1129363449692,20.9445585215606,0.410677618069816,-6.57084188911705,-6.98151950718686,6.98151950718686
E01011456,Leeds 021B,68.54,71.62,13.6892539356605,3750,12575,80540,41.0677618069815,4.41478439425051,21.9712525667351,39.0143737166324,34.394250513347,25.2566735112936,36.652977412731,19.0965092402464,-17.5564681724846,36.652977412731
E01011457,Leeds 027C,63.42,61.07,38.0561259411362,2000,2000,9325,15.2977412731006,30.1848049281314,8.82956878850103,9.75359342915811,21.9712525667351,8.62422997946612,-14.8870636550308,6.46817248459959,21.3552361396304,21.3552361396304
E01011458,Leeds 027D,64.42,63.09,42.8815879534565,6600,26300,186720,18.8911704312115,39.2197125256674,39.6303901437372,12.0123203285421,45.7905544147844,45.9958932238193,-20.3285420944559,-20.7392197125257,-0.410677618069812,20.7392197125257
E01011459,Leeds 021C,69.93,76.33,69.2676249144422,8300,31450,154610,54.0041067761807,78.2340862422998,42.299794661191,65.605749486653,52.3613963039014,39.6303901437372,-24.2299794661191,11.7043121149897,35.9342915811088,35.9342915811088
E01011460,Leeds 028B,69.2,74.68,62.1834360027379,7200,18850,143085,46.611909650924,69.1991786447639,29.1581108829569,56.8788501026694,48.4599589322382,37.5770020533881,-22.5872689938398,17.4537987679671,40.041067761807,40.041067761807
E01011461,Leeds 021D,66.84,70.82,4.72279260780288,4675,23175,173670,28.1314168377823,0.205338809034908,36.1396303901437,35.7289527720739,37.6796714579055,42.9158110882957,27.9260780287474,-8.0082135523614,-35.9342915811088,35.9342915811088
E01011462,Leeds 028C,68.49,74.82,33.5728952772074,5250,19200,184860,40.4517453798768,24.2299794661191,29.7741273100616,57.905544147844,40.9650924024641,45.3798767967146,16.2217659137577,10.6776180698152,-5.5441478439425,16.2217659137577
E01011463,Leeds 028D,68.62,73.53,31.3141683778234,5900,17225,155470,41.8891170431211,20.9445585215606,26.694045174538,49.2813141683778,42.0944558521561,39.8357289527721,20.9445585215606,15.1950718685832,-5.74948665297741,20.9445585215606
E01011464,Leeds 028E,68.85,72.07,66.3244353182752,7825,58990,206285,43.3264887063655,74.1273100616017,52.9774127310062,41.3757700205339,50.8213552361396,48.2546201232033,-30.8008213552361,-9.65092402464066,21.1498973305955,30.8008213552361
E01011465,Leeds 027E,69.72,76.18,54.8596851471595,8275,26325,189510,51.7453798767967,59.5482546201232,39.8357289527721,64.476386036961,52.1560574948665,46.4065708418891,-7.80287474332649,11.9096509240246,19.7125256673511,19.7125256673511
E01011466,Leeds 094A,70.03,75.44,69.7467488021903,4985,69575,266800,55.7494866529774,78.8501026694045,56.4681724845996,59.7535934291581,39.6303901437372,60.7802874743327,-23.1006160164271,-0.718685831622182,22.3819301848049,23.1006160164271
E01011467,Leeds 112A,74.97,81.59,84.3600273785079,111500,271865,391985,90.9650924024641,94.4558521560575,92.4024640657084,89.1170431211499,93.4291581108829,95.8932238193019,-3.49075975359342,-1.43737166324435,2.05338809034907,3.49075975359342
E01011468,Leeds 112B,73.83,79.61,72.0396988364134,53200,201050,368850,84.5995893223819,81.5195071868583,79.0554414784394,80.2874743326489,81.1088295687885,90.1437371663244,3.08008213552361,5.54414784394251,2.4640657084189,5.54414784394251
E01011469,Leeds 094B,69.56,69.56,46.5434633812457,10575,110600,280585,50.4106776180698,45.3798767967146,65.7084188911704,29.1581108829569,59.3429158110883,64.2710472279261,5.03080082135524,-15.2977412731006,-20.3285420944558,20.3285420944558
E01011470,Leeds 112C,72.53,76.24,49.8631074606434,15200,61900,225760,73.9219712525667,50.7186858316222,53.7987679671458,64.6817248459959,68.993839835729,51.9507186858316,23.2032854209446,20.1232032854209,-3.08008213552362,23.2032854209446
E01011471,Leeds 092A,72.12,77.25,85.6947296372348,38025,121085,291325,71.3552361396304,95.5852156057495,67.9671457905544,71.5605749486653,78.8501026694045,68.1724845995893,-24.2299794661191,3.38809034907598,27.6180698151951,27.6180698151951
E01011472,Leeds 092B,72.1,76.81,57.5975359342916,33025,120785,286800,70.9445585215606,63.2443531827515,67.7618069815195,68.1724845995893,78.0287474332649,66.9404517453799,7.70020533880904,3.18275154004107,-4.51745379876797,7.70020533880904
E01011473,Leeds 092C,71.01,74.45,53.8672142368241,6325,68385,260750,63.0390143737166,57.2895277207392,55.4414784394251,55.8521560574949,44.2505133470226,59.1375770020534,5.74948665297741,7.59753593429158,1.84804928131417,7.59753593429158
E01011474,Leeds 092D,71.45,74.14,66.6666666666667,13385,176960,303655,66.9404517453799,74.7433264887064,77.2073921971253,53.7987679671458,64.8870636550308,71.8685831622177,-7.80287474332648,-10.2669404517454,-2.4640657084189,10.2669404517454
E01011475,Leeds 094C,70.06,73.54,70.7392197125257,7360,69485,275900,56.4681724845996,80.4928131416838,55.9548254620123,49.6919917864476,48.9733059548255,62.8336755646817,-24.0246406570842,0.513347022587269,24.5379876796715,24.5379876796715
E01011476,Leeds 094D,69.86,73.47,54.5859000684463,7360,69485,271025,53.1827515400411,58.9322381930185,55.9548254620123,48.7679671457906,48.9733059548255,62.0123203285421,-5.74948665297741,-2.77207392197126,2.97741273100615,5.74948665297741
E01011477,Leeds 045A,74.29,79.18,83.3333333333333,50145,242660,358910,87.0636550308008,93.7371663244353,84.1889117043121,78.8501026694045,80.2874743326489,85.0102669404518,-6.67351129363451,2.8747433264887,9.5482546201232,9.5482546201232
E01011478,Leeds 056A,74.68,80.51,60.848733744011,88020,245110,372005,89.0143737166325,67.5564681724846,84.8049281314169,85.2156057494867,88.5010266940452,91.3757700205339,21.4579055441479,4.2094455852156,-17.2484599589322,21.4579055441479
E01011479,Leeds 056B,74.68,79.91,6.36550308008214,61795,196585,337460,89.0143737166325,1.02669404517454,78.4394250513347,81.7248459958932,83.3675564681725,79.4661190965093,87.9876796714579,10.5749486652977,-77.4127310061602,87.9876796714579
E01011480,Leeds 045B,73.89,78.16,53.7645448323067,48695,215210,356885,85.2156057494867,56.4681724845996,81.1088295687885,74.7433264887064,79.8767967145791,84.1889117043121,28.7474332648871,4.10677618069815,-24.6406570841889,28.7474332648871
E01011481,Leeds 056C,75.94,82.36,73.2032854209446,111945,263410,397305,95.482546201232,82.9568788501027,90.1437371663244,93.0184804928131,93.8398357289528,96.9199178644764,12.5256673511294,5.33880903490758,-7.18685831622177,12.5256673511294
E01011482,Leeds 056D,75,80.84,88.2956878850103,128980,290935,409925,91.7864476386037,97.741273100616,96.0985626283368,86.652977412731,95.0718685831622,97.9466119096509,-5.95482546201232,-4.31211498973306,1.64271047227926,5.95482546201232
E01011483,Leeds 056E,75.97,82.27,90.7939767282683,129830,293585,416115,95.7905544147844,98.3572895277207,96.3039014373717,91.5811088295688,95.2772073921971,98.5626283367557,-2.56673511293634,-0.513347022587269,2.05338809034907,2.56673511293634
E01011484,Leeds 033A,70.46,72.59,36.7214236824093,2325,32020,148590,58.6242299794661,28.5420944558522,42.7104722792608,43.5318275154004,25.1540041067762,38.6036960985626,30.082135523614,15.9137577002053,-14.1683778234086,30.082135523614
E01011485,Leeds 033B,71.5,73.34,70.1916495550993,12425,174345,305120,67.1457905544148,79.6714579055442,75.9753593429158,47.8439425051335,63.0390143737166,72.2792607802875,-12.5256673511294,-8.82956878850102,3.69609856262834,12.5256673511294
E01011488,Leeds 045C,73.64,78.05,55.8521560574949,48400,209260,353410,83.1622176591376,61.3963039014374,80.082135523614,74.3326488706366,79.6714579055442,83.1622176591376,21.7659137577002,3.08008213552363,-18.6858316221766,21.7659137577002
E01011489,Leeds 045D,73.25,77.16,64.5790554414785,21045,128695,283090,80.2874743326489,72.6899383983573,68.7885010266941,70.4312114989733,74.5379876796715,65.5030800821355,7.59753593429159,11.4989733059548,3.90143737166324,11.4989733059548
E01011491,Leeds 101A,69.54,72.66,44.0109514031485,11100,79315,270340,50.1026694045175,40.8624229979466,59.3429158110883,43.9425051334702,60.7802874743327,61.8069815195072,9.24024640657085,-9.24024640657084,-18.4804928131417,18.4804928131417
E01011492,Leeds 101B,68.03,72.66,78.0287474332649,4625,46565,169475,36.9609856262834,88.2956878850103,50.5133470225873,43.9425051334702,37.1663244353183,41.6837782340862,-51.3347022587269,-13.5523613963039,37.782340862423,51.3347022587269
E01011493,Leeds 101C,69.81,72.12,69.233401779603,7500,71240,247840,52.5667351129363,78.0287474332649,57.2895277207392,41.8891170431211,49.6919917864476,56.2628336755647,-25.4620123203285,-4.72279260780288,20.7392197125257,25.4620123203285
E01011494,Leeds 101D,68.23,73.33,70.1574264202601,9150,82715,257700,38.3983572895277,79.3634496919918,60.3696098562628,47.6386036960986,55.5441478439425,58.3162217659138,-40.9650924024641,-21.9712525667351,18.993839835729,40.9650924024641
E01011496,Leeds 100A,69.46,67.48,67.5564681724846,1100,17525,133810,48.9733059548255,75.9753593429158,27.5154004106776,22.17659137577,16.4271047227926,35.3182751540041,-27.0020533880903,21.4579055441478,48.4599589322382,48.4599589322382
E01011497,Leeds 101E,68.86,72.9,52.9774127310062,6475,65865,246225,43.6344969199179,54.8254620123203,55.0308008213552,45.482546201232,45.3798767967146,55.64681724846,-11.1909650924025,-11.3963039014374,-0.205338809034906,11.3963039014374
E01011500,Leeds 105D,68.14,66.19,45.1745379876797,3950,40925,153935,37.9876796714579,43.7371663244353,48.0492813141684,18.993839835729,34.9075975359343,39.4250513347023,-5.74948665297742,-10.0616016427105,-4.31211498973305,10.0616016427105
E01011502,Leeds 099C,68.52,71.52,28.0287474332649,1600,38975,186810,40.6570841889117,16.8377823408624,47.0225872689938,38.6036960985626,20.6365503080082,46.2012320328542,23.8193018480493,-6.36550308008214,-30.1848049281314,30.1848049281314
E01011504,Leeds 032A,68.59,73.36,34.9075975359343,6150,84775,209890,41.4784394250513,25.4620123203285,60.9856262833676,48.2546201232033,43.7371663244353,48.6652977412731,16.0164271047228,-19.5071868583162,-35.523613963039,35.523613963039
E01011505,Leeds 025A,67.96,72.48,42.8473648186174,3125,70145,220745,36.3449691991786,38.911704312115,56.8788501026694,42.9158110882957,30.3901437371663,50.5133470225873,-2.56673511293635,-20.5338809034908,-17.9671457905544,20.5338809034908
E01011506,Leeds 025B,70.42,77.15,44.9349760438056,7770,133045,280670,57.905544147844,43.1211498973306,69.1991786447639,69.9178644763861,50.1026694045175,64.476386036961,14.7843942505133,-11.2936344969199,-26.0780287474333,26.0780287474333
E01011507,Leeds 025C,69.99,75.77,40.2121834360027,16670,180555,326785,55.1334702258727,33.5728952772074,77.82340862423,61.6016427104723,70.6365503080082,77.2073921971253,21.5605749486653,-22.6899383983573,-44.2505133470226,44.2505133470226
E01011508,Leeds 024A,67.4,73.07,44.0451745379877,12250,101700,230540,31.7248459958932,41.170431211499,64.0657084188912,46.9199178644764,62.6283367556468,53.6960985626283,-9.44558521560575,-32.340862422998,-22.8952772073922,32.340862422998
E01011509,Leeds 023A,67.88,72.9,46.8514715947981,10525,75145,212090,36.1396303901437,45.7905544147844,58.3162217659138,45.482546201232,58.9322381930185,49.0759753593429,-9.65092402464066,-22.17659137577,-12.5256673511294,22.17659137577
E01011510,Leeds 025D,69.02,75.39,56.8788501026694,5425,65520,221245,45.0718685831622,62.8336755646817,54.4147843942505,59.3429158110883,41.2731006160164,50.7186858316222,-17.7618069815195,-9.34291581108829,8.41889117043122,17.7618069815195
E01011511,Leeds 023B,69.45,76.02,54.7912388774812,11850,102600,230340,48.6652977412731,59.1375770020534,64.476386036961,63.2443531827515,61.6016427104723,53.388090349076,-10.4722792607803,-15.8110882956879,-5.3388090349076,15.8110882956879
E01011512,Leeds 023C,70.57,78.98,86.2765229295004,13545,147570,286120,59.4455852156058,96.7145790554415,72.0739219712526,77.6180698151951,65.5030800821355,66.5297741273101,-37.2689938398357,-12.6283367556468,24.6406570841889,37.2689938398357
E01011513,Leeds 031A,66.55,69.67,21.1498973305955,2425,5825,64470,26.3860369609856,10.0616016427105,13.347022587269,30.1848049281314,26.3860369609856,23.2032854209446,16.3244353182752,13.0390143737166,-3.28542094455852,16.3244353182752
E01011514,Leeds 025E,69.94,76.69,79.9794661190965,14145,149045,294420,54.4147843942505,89.9383983572895,72.4845995893224,67.5564681724846,66.735112936345,69.6098562628337,-35.523613963039,-18.0698151950719,17.4537987679671,35.523613963039
E01011515,Leeds 023D,71.37,79.31,83.1622176591376,13445,148720,291920,66.2217659137577,93.2238193018481,72.2792607802875,79.0554414784394,65.2977412731006,68.5831622176591,-27.0020533880903,-6.05749486652977,20.9445585215606,27.0020533880903
E01011516,Leeds 023E,70.64,76.99,66.4955509924709,12600,114925,277395,60.1642710472279,74.5379876796715,66.5297741273101,68.7885010266941,63.6550308008214,63.6550308008214,-14.3737166324435,-6.36550308008214,8.0082135523614,14.3737166324435
E01011517,Leeds 024B,68.38,73.91,31.45106091718,2550,16650,138895,39.6303901437372,21.1498973305955,25.7700205338809,52.0533880903491,27.1047227926078,36.5503080082136,18.4804928131417,13.8603696098563,-4.62012320328542,18.4804928131417
E01011518,Leeds 093A,72.56,69.6,69.9863107460644,52625,202015,349585,74.1273100616017,79.0554414784394,79.2607802874743,29.7741273100616,80.9034907597536,81.3141683778234,-4.92813141683777,-5.13347022587269,-0.205338809034913,5.13347022587269
E01011519,Leeds 095A,67.78,65.89,28.2340862422998,3300,21300,114180,34.8049281314168,17.6591375770021,32.8542094455852,18.6858316221766,31.4168377823409,31.4168377823409,17.1457905544148,1.95071868583162,-15.1950718685832,17.1457905544148
E01011520,Leeds 096A,67.56,65.67,53.5249828884326,225,4250,35580,33.0595482546201,55.9548254620123,11.088295687885,17.864476386037,5.54414784394251,18.4804928131417,-22.8952772073922,21.9712525667351,44.8665297741273,44.8665297741273
E01011521,Leeds 096B,67.28,65.55,48.9048596851472,3525,21250,134610,30.8008213552361,49.0759753593429,32.6488706365503,17.6591375770021,32.5462012320329,35.7289527720739,-18.2751540041068,-1.84804928131417,16.4271047227926,18.2751540041068
E01011522,Leeds 095B,69.84,70.16,54.4490075290897,3300,34200,262995,52.9774127310062,58.7268993839836,44.1478439425051,32.3408624229979,31.4168377823409,59.5482546201232,-5.74948665297741,8.82956878850103,14.5790554414784,14.5790554414784
E01011523,Leeds 096C,68.12,68.33,39.6303901437372,1975,17350,80225,37.782340862423,32.4435318275154,26.8993839835729,25.6673511293635,21.5605749486653,25.0513347022587,5.3388090349076,10.8829568788501,5.5441478439425,10.8829568788501
E01011524,Leeds 093B,71.56,69.86,57.6659822039699,18100,72375,282755,67.3511293634497,63.4496919917865,58.1108829568789,30.8008213552361,71.6632443531828,65.0924024640657,3.90143737166324,9.24024640657083,5.33880903490759,9.24024640657083
E01011525,Leeds 095C,70.67,76.58,72.0739219712526,19750,89175,309035,60.6776180698152,81.7248459958932,62.6283367556468,66.6324435318275,73.305954825462,73.305954825462,-21.047227926078,-1.95071868583162,19.0965092402464,21.047227926078
E01011526,Leeds 093C,69.39,66.19,39.8699520876112,9100,68475,266480,48.2546201232033,32.8542094455852,55.64681724846,18.993839835729,55.2361396303902,60.5749486652977,15.4004106776181,-7.39219712525667,-22.7926078028748,22.7926078028748
E01011527,Leeds 096D,64.9,64.4,16.9404517453799,3225,17500,123845,20.5338809034908,6.57084188911704,27.3100616016427,14.3737166324435,30.8008213552361,32.8542094455852,13.9630390143737,-6.77618069815195,-20.7392197125257,20.7392197125257
E01011528,Leeds 095D,69.07,69.57,30.6297056810404,12325,65525,261935,45.3798767967146,19.917864476386,54.6201232032854,29.4661190965092,62.8336755646817,59.3429158110883,25.4620123203285,-9.24024640657085,-34.7022587268994,34.7022587268994
E01011529,Leeds 096E,65.5,64.99,33.1279945242984,3225,16875,71240,23.2032854209446,23.6139630390144,26.0780287474333,16.4271047227926,30.8008213552361,23.6139630390144,-0.410677618069812,-2.87474332648871,-2.46406570841889,2.87474332648871
E01011530,Leeds 106A,67.51,73.11,41.8891170431212,3725,23050,72275,32.8542094455852,37.1663244353183,35.9342915811088,47.4332648870637,33.8809034907598,24.2299794661191,-4.31211498973306,-3.08008213552362,1.23203285420944,4.31211498973306
E01011531,Leeds 093D,70.81,70.74,55.3730321697468,10500,61275,185730,61.4989733059548,60.7802874743327,53.5934291581109,34.7022587268994,58.7268993839836,45.5852156057495,0.718685831622182,7.90554414784395,7.18685831622177,7.90554414784395
E01011532,Leeds 095E,69.95,74.18,41.854893908282,18675,84525,289185,54.6201232032854,36.9609856262834,60.7802874743327,54.2094455852156,72.4845995893224,67.3511293634497,17.6591375770021,-6.16016427104722,-23.8193018480493,23.8193018480493
E01011533,Leeds 104A,70.83,77.51,68.2751540041068,20350,88025,286410,61.8069815195072,77.0020533880904,62.4229979466119,72.4845995893224,73.9219712525667,66.735112936345,-15.1950718685832,-0.616016427104718,14.5790554414784,15.1950718685832
E01011534,Leeds 106B,65.48,72.1,13.6892539356605,0,0,0,22.7926078028747,4.41478439425051,0.410677618069815,41.6837782340862,0.513347022587269,0.410677618069815,18.3778234086242,22.3819301848049,4.0041067761807,22.3819301848049
E01011535,Leeds 108A,64.57,63.69,48.9390828199863,3225,21700,99795,19.7125256673511,49.2813141683778,34.2915811088296,13.1416837782341,30.8008213552361,28.1314168377823,-29.5687885010267,-14.5790554414784,14.9897330595483,29.5687885010267
E01011536,Leeds 108B,64.17,61.91,30.766598220397,700,13500,45730,17.864476386037,20.1232032854209,23.2032854209446,10.4722792607803,13.0390143737166,20.1232032854209,-2.25872689938398,-5.3388090349076,-3.08008213552361,5.3388090349076
E01011537,Leeds 107A,63.19,62.32,46.5776865160849,2050,21975,158260,14.3737166324435,45.5852156057495,34.9075975359343,10.8829568788501,23.2032854209446,40.6570841889117,-31.211498973306,-20.5338809034908,10.6776180698152,31.211498973306
E01011538,Leeds 107B,63.61,63.53,34.839151266256,500,3075,21275,16.6324435318275,25.2566735112936,10.6776180698152,12.5256673511294,10.9856262833676,14.3737166324435,-8.62422997946612,5.95482546201232,14.5790554414784,14.5790554414784
E01011540,Leeds 102B,68.25,68.51,61.2594113620808,9600,46490,196195,38.7063655030801,68.3778234086242,50.3080082135524,26.694045174538,56.2628336755647,47.2279260780288,-29.6714579055441,-11.6016427104723,18.0698151950719,29.6714579055441
E01011541,Leeds 104B,69.89,79.8,80.5612594113621,15475,54175,174610,53.5934291581109,90.3490759753593,52.3613963039014,81.5195071868583,69.1991786447639,43.3264887063655,-36.7556468172485,1.23203285420944,37.9876796714579,37.9876796714579
E01011545,Leeds 104C,67.27,75.36,36.4476386036961,10250,35125,116525,30.5954825462012,27.6180698151951,44.7638603696099,59.1375770020534,58.1108829568789,31.6221765913758,2.97741273100616,-14.1683778234086,-17.1457905544148,17.1457905544148
E01011546,Leeds 106C,64.97,70.4,22.5530458590007,2825,19850,53835,21.1498973305955,11.2936344969199,30.5954825462012,33.0595482546201,29.1581108829569,21.3552361396304,9.85626283367557,-9.44558521560575,-19.3018480492813,19.3018480492813
E01011547,Leeds 104D,68.09,74.64,58.3846680355921,16025,53575,174560,37.5770020533881,64.2710472279261,52.1560574948665,56.6735112936345,70.2258726899384,43.1211498973306,-26.694045174538,-14.5790554414784,12.1149897330595,26.694045174538
E01011548,Leeds 106D,66.02,66.98,42.1629021218344,575,6950,50845,24.435318275154,38.1930184804928,15.4004106776181,21.5605749486653,11.7043121149897,21.1498973305955,-13.7577002053388,9.03490759753593,22.7926078028747,22.7926078028747
E01011549,Leeds 108C,65.9,64.77,27.9945242984257,2425,39150,132945,24.2299794661191,16.6324435318275,47.2279260780288,15.605749486653,26.3860369609856,34.4969199178645,7.59753593429158,-22.9979466119097,-30.5954825462012,30.5954825462012
E01011550,Leeds 106E,66.82,66.61,55.64681724846,6125,28200,127070,27.9260780287474,60.9856262833676,40.6570841889117,20.7392197125257,43.5318275154004,33.4702258726899,-33.0595482546201,-12.7310061601643,20.3285420944559,33.0595482546201
E01011551,Leeds 107C,63.42,59.71,30.9034907597536,2050,21975,158260,15.2977412731006,20.3285420944559,34.9075975359343,8.2135523613963,23.2032854209446,40.6570841889117,-5.03080082135524,-19.6098562628337,-14.5790554414784,19.6098562628337
E01011552,Leeds 107D,65.59,66.5,46.3039014373717,2575,23375,86730,23.6139630390144,45.0718685831622,36.3449691991786,19.917864476386,27.5154004106776,26.4887063655031,-21.4579055441479,-12.7310061601643,8.72689938398358,21.4579055441479
E01011553,Leeds 108D,65.23,63.87,43.1895961670089,175,12925,43250,21.7659137577002,40.2464065708419,22.8952772073922,13.5523613963039,3.18275154004107,19.7125256673511,-18.4804928131417,-1.12936344969199,17.3511293634497,18.4804928131417
E01011554,Leeds 012A,59.04,60,7.52908966461328,300,300,300,9.44558521560575,2.05338809034908,3.38809034907598,8.62422997946612,7.49486652977413,2.46406570841889,7.39219712525667,6.05749486652977,-1.3347022587269,7.39219712525667
E01011555,Leeds 018A,64.29,66.74,22.0396988364134,2350,10745,104320,18.2751540041068,10.8829568788501,20.9445585215606,21.3552361396304,25.4620123203285,28.952772073922,7.39219712525668,-2.6694045174538,-10.0616016427105,10.0616016427105
E01011556,Leeds 015A,67.65,71.71,28.5420944558522,225,6725,59645,33.6755646817248,17.864476386037,14.476386036961,39.4250513347023,5.54414784394251,22.17659137577,15.8110882956879,19.1991786447639,3.38809034907598,19.1991786447639
E01011557,Leeds 015B,67.57,71.29,53.3196440793977,6375,57025,153695,33.3675564681725,55.64681724846,52.7720739219713,38.1930184804928,44.8665297741273,39.2197125256674,-22.2792607802875,-19.4045174537988,2.87474332648871,22.2792607802875
E01011558,Leeds 018B,67.41,73.7,51.4031485284052,7400,69695,168370,32.0328542094456,52.9774127310062,56.6735112936345,50.7186858316222,49.4866529774127,41.4784394250513,-20.9445585215606,-24.6406570841889,-3.69609856262834,24.6406570841889
E01011559,Leeds 018C,66.33,72.31,68.4462696783025,3050,14095,137020,24.8459958932238,77.2073921971253,23.6139630390144,42.299794661191,29.9794661190965,35.9342915811088,-52.3613963039015,1.23203285420945,53.5934291581109,53.5934291581109
E01011560,Leeds 018D,64.83,68.55,27.5838466803559,2125,5150,62220,20.3285420944559,16.2217659137577,13.1416837782341,27.1047227926078,23.8193018480493,22.9979466119097,4.10677618069815,7.18685831622177,3.08008213552361,7.18685831622177
E01011561,Leeds 006A,59.59,55.22,33.9835728952772,900,3400,14825,10.0616016427105,24.6406570841889,10.8829568788501,4.92813141683778,15.1950718685832,10.6776180698152,-14.5790554414784,-0.821355236139629,13.7577002053388,14.5790554414784
E01011562,Leeds 012B,63.44,62.15,14.8186173853525,1100,12775,74995,15.605749486653,5.54414784394251,22.3819301848049,10.6776180698152,16.4271047227926,24.435318275154,10.0616016427105,-6.77618069815195,-16.8377823408624,16.8377823408624
E01011563,Leeds 012C,60.83,61.21,48.6995208761123,150,150,2975,10.8829568788501,48.4599589322382,1.64271047227926,10.0616016427105,2.46406570841889,5.23613963039014,-37.5770020533881,9.24024640657084,46.8172484599589,46.8172484599589
E01011564,Leeds 012D,57.79,58.55,26.4887063655031,100,400,2975,8.41889117043121,14.7843942505133,4.62012320328542,7.59753593429158,2.15605749486653,5.23613963039014,-6.36550308008214,3.79876796714579,10.1642710472279,10.1642710472279
E01011565,Leeds 015C,66.37,68.95,20.7392197125257,2500,14550,152370,25.0513347022587,9.65092402464066,24.435318275154,27.9260780287474,26.694045174538,39.0143737166324,15.4004106776181,0.616016427104725,-14.7843942505133,15.4004106776181
E01011566,Leeds 015D,61.31,59.13,24.5037645448323,75,6900,59645,12.1149897330596,13.7577002053388,15.0924024640657,8.0082135523614,1.64271047227926,22.17659137577,-1.64271047227926,-2.97741273100616,-1.3347022587269,2.97741273100616
E01011567,Leeds 012E,62.3,65.43,19.9863107460643,1375,4600,16520,12.9363449691992,8.72689938398357,11.9096509240246,17.4537987679671,18.6858316221766,11.4989733059548,4.2094455852156,1.02669404517454,-3.18275154004107,4.2094455852156
E01011568,Leeds 015E,64.79,65.24,23.4770704996578,225,6900,59645,20.1232032854209,12.1149897330596,15.0924024640657,16.8377823408624,5.54414784394251,22.17659137577,8.0082135523614,5.03080082135524,-2.97741273100616,8.0082135523614
E01011569,Leeds 004A,55.54,70.63,48.3572895277208,1750,1750,4050,6.57084188911704,48.0492813141684,8.62422997946612,34.2915811088296,21.1498973305955,5.64681724845996,-41.4784394250513,-2.05338809034908,39.4250513347023,41.4784394250513
E01011570,Leeds 007A,52.44,52.35,40.2464065708419,700,700,16975,5.54414784394251,33.8809034907598,6.8788501026694,3.08008213552361,13.0390143737166,12.7310061601643,-28.3367556468173,-1.3347022587269,27.0020533880904,28.3367556468173
E01011571,Leeds 004B,57.16,68.85,31.9301848049281,1300,2100,8200,7.80287474332649,22.17659137577,9.03490759753593,27.5154004106776,17.9671457905544,7.90554414784394,-14.3737166324435,-1.23203285420945,13.1416837782341,14.3737166324435
E01011572,Leeds 004C,54.03,68.12,61.8069815195072,200,700,13600,6.16016427104723,68.7885010266941,6.8788501026694,24.2299794661191,4.20944558521561,9.44558521560575,-62.6283367556468,-0.718685831622176,61.9096509240247,62.6283367556468
E01011573,Leeds 004D,58.48,63.78,28.7816563997262,650,2250,8200,9.03490759753593,18.2751540041068,9.34291581108829,13.347022587269,12.7310061601643,7.90554414784394,-9.24024640657084,-0.308008213552361,8.93223819301848,9.24024640657084
E01011574,Leeds 004E,56.7,72.67,71.2183436002738,4950,10875,18950,7.18685831622177,80.9034907597536,21.1498973305955,44.35318275154,39.2197125256674,13.7577002053388,-73.7166324435318,-13.9630390143737,59.7535934291581,73.7166324435318
E01011576,Leeds 007C,49.99,48.28,29.3976728268309,350,350,350,4.10677618069815,18.6858316221766,4.10677618069815,2.05338809034908,8.82956878850103,2.97741273100616,-14.5790554414784,0,14.5790554414784,14.5790554414784
E01011578,Leeds 011D,62.61,70.15,58.5215605749487,6550,26175,107675,13.347022587269,64.5790554414785,39.2197125256674,32.0328542094456,45.5852156057495,29.7741273100616,-51.2320328542095,-25.8726899383984,25.3593429158111,51.2320328542095
E01011579,Leeds 014C,63.46,69.61,48.7337440109514,7375,26425,112790,16.0164271047228,48.7679671457906,40.041067761807,29.9794661190965,49.2813141683778,31.211498973306,-32.7515400410678,-24.0246406570842,8.72689938398358,32.7515400410678
E01011580,Leeds 014D,63.73,68.94,31.2799452429843,200,200,200,17.1457905544148,20.7392197125257,2.36139630390144,27.7207392197125,4.20944558521561,1.95071868583162,-3.59342915811088,14.7843942505133,18.3778234086242,18.3778234086242
E01011581,Leeds 003A,44.28,57.89,21.3894592744695,800,1300,8200,1.23203285420945,10.4722792607803,7.90554414784394,6.57084188911704,14.0657084188912,7.90554414784394,-9.24024640657084,-6.6735112936345,2.56673511293634,9.24024640657084
E01011582,Leeds 003B,42.2,54.84,20.2943189596167,100,100,100,0.410677618069815,9.24024640657084,1.43737166324435,4.31211498973306,2.15605749486653,1.43737166324435,-8.82956878850103,-1.02669404517454,7.80287474332649,8.82956878850103
E01011583,Leeds 003C,45.84,61.07,32.1697467488022,450,1300,8200,1.84804928131417,22.7926078028747,7.90554414784394,9.75359342915811,10.1642710472279,7.90554414784394,-20.9445585215606,-6.05749486652977,14.8870636550308,20.9445585215606
E01011584,Leeds 003D,49.49,64.51,14.7843942505133,300,1500,14300,3.49075975359343,5.3388090349076,8.2135523613963,14.9897330595483,7.49486652977413,10.4722792607803,-1.84804928131417,-4.72279260780287,-2.87474332648871,4.72279260780287
E01011585,Leeds 062A,69.74,75.59,28.1314168377823,6665,15230,71270,51.9507186858316,17.1457905544148,25.0513347022587,60.6776180698152,46.2012320328542,23.8193018480493,34.8049281314168,26.8993839835729,-7.90554414784394,34.8049281314168
E01011586,Leeds 066A,69.82,70.81,15.8110882956879,5025,32690,149155,52.7720739219713,5.95482546201232,43.1211498973306,35.4209445585216,40.5544147843943,38.8090349075975,46.8172484599589,9.65092402464066,-37.1663244353183,46.8172484599589
E01011587,Leeds 062B,71.95,80.62,80.766598220397,14755,31905,249590,69.8151950718686,90.9650924024641,42.5051334702259,85.8316221765914,67.9671457905544,56.6735112936345,-21.1498973305955,27.3100616016427,48.4599589322382,48.4599589322382
E01011588,Leeds 039A,65.22,66.55,15.2977412731006,225,225,5625,21.5605749486653,5.74948665297741,2.6694045174538,20.3285420944559,5.54414784394251,6.36550308008214,15.8110882956879,18.8911704312115,3.08008213552361,18.8911704312115
E01011589,Leeds 039B,64.46,67.05,27.0704996577687,300,300,300,19.0965092402464,15.4004106776181,3.38809034907598,21.7659137577002,7.49486652977413,2.46406570841889,3.69609856262834,15.7084188911704,12.0123203285421,15.7084188911704
E01011590,Leeds 039C,63.04,64.97,22.9637234770705,0,0,0,13.7577002053388,11.7043121149897,0.410677618069815,16.2217659137577,0.513347022587269,0.410677618069815,2.05338809034908,13.347022587269,11.2936344969199,13.347022587269
E01011591,Leeds 052D,66.94,67.88,53.0800821355236,2025,18200,102805,29.1581108829569,55.0308008213552,28.5420944558522,23.6139630390144,22.7926078028747,28.5420944558522,-25.8726899383984,0.616016427104725,26.4887063655031,26.4887063655031
E01011592,Leeds 039D,68.34,74.3,47.0225872689939,2015,9490,26280,39.2197125256674,46.0985626283368,18.3778234086242,55.2361396303902,22.5872689938398,16.2217659137577,-6.8788501026694,20.8418891170431,27.7207392197125,27.7207392197125
E01011593,Leeds 039E,67.83,72.53,62.4229979466119,2700,19040,105730,35.6262833675565,69.6098562628337,29.3634496919918,43.1211498973306,28.7474332648871,29.3634496919918,-33.9835728952772,6.26283367556468,40.2464065708419,40.2464065708419
E01011594,Leeds 062C,70.8,76.74,37.4743326488706,2315,19840,98850,61.1909650924025,29.2607802874743,30.3901437371663,67.7618069815195,24.8459958932238,27.7207392197125,31.9301848049281,30.8008213552361,-1.12936344969199,31.9301848049281
E01011595,Leeds 066B,72.58,73.35,40.2121834360027,3750,56380,305330,74.435318275154,33.5728952772074,52.5667351129363,48.0492813141684,34.394250513347,72.4845995893224,40.8624229979466,21.8685831622177,-18.993839835729,40.8624229979466
E01011596,Leeds 062D,69.21,76.15,37.5770020533881,9150,29315,195220,46.8172484599589,29.5687885010267,41.4784394250513,64.0657084188912,55.5441478439425,47.0225872689938,17.2484599589322,5.3388090349076,-11.9096509240246,17.2484599589322
E01011597,Leeds 066C,72.14,76.43,74.880219028063,22990,91895,342770,71.6632443531828,85.6262833675565,63.0390143737166,66.0164271047228,75.3593429158111,80.082135523614,-13.9630390143737,8.62422997946612,22.5872689938398,22.5872689938398
E01011598,Leeds 062E,71.82,79.14,60.6433949349761,13805,36380,233715,69.3018480492813,66.9404517453799,45.7905544147844,78.4394250513347,65.7084188911704,54.2094455852156,2.36139630390144,23.5112936344969,21.1498973305955,23.5112936344969
E01011599,Leeds 066D,73.08,75.88,54.8596851471595,8450,60995,349350,78.6447638603696,59.5482546201232,53.388090349076,62.3203285420945,52.9774127310062,81.1088295687885,19.0965092402464,25.2566735112936,6.16016427104723,25.2566735112936
E01011600,Leeds 079A,66.42,73.9,36.6872005475702,8825,21905,61345,25.4620123203285,28.3367556468173,34.4969199178645,51.6427104722793,54.4147843942505,22.5872689938398,-2.87474332648871,-9.03490759753593,-6.16016427104723,9.03490759753593
E01011601,Leeds 079B,63.07,63.6,22.2108145106092,2600,8050,21405,13.9630390143737,11.088295687885,16.0164271047228,12.7310061601643,27.7207392197125,14.5790554414784,2.87474332648871,-2.05338809034908,-4.92813141683778,4.92813141683778
E01011602,Leeds 076A,69.5,76.33,42.1971252566735,8890,18420,89195,49.4866529774127,38.3983572895277,28.7474332648871,65.605749486653,54.6201232032854,26.694045174538,11.088295687885,20.7392197125257,9.65092402464066,20.7392197125257
E01011603,Leeds 076B,64.91,70.86,12.9363449691992,3450,9550,26070,20.7392197125257,4.10677618069815,18.788501026694,36.2422997946612,32.135523613963,15.5030800821355,16.6324435318275,1.95071868583162,-14.6817248459959,16.6324435318275
E01011604,Leeds 079C,66.68,74.81,49.0759753593429,9750,22145,96345,27.0020533880904,49.6919917864476,35.523613963039,57.700205338809,57.0841889117043,27.3100616016427,-22.6899383983573,-8.52156057494866,14.1683778234086,22.6899383983573
E01011605,Leeds 076C,67.07,71.76,27.378507871321,1525,9550,26070,29.6714579055442,15.8110882956879,18.788501026694,39.6303901437372,19.4045174537988,15.5030800821355,13.8603696098563,10.8829568788501,-2.97741273100616,13.8603696098563
E01011606,Leeds 076D,65.21,65.7,24.4010951403149,800,10540,70890,21.3552361396304,13.347022587269,20.7392197125257,18.0698151950719,14.0657084188912,23.4086242299795,8.0082135523614,0.616016427104722,-7.39219712525667,8.0082135523614
E01011607,Leeds 079D,63.73,68.21,34.9760438056126,3300,14465,43145,17.1457905544148,25.8726899383984,24.2299794661191,25.0513347022587,31.4168377823409,19.5071868583162,-8.72689938398357,-7.08418891170431,1.64271047227926,8.72689938398357
E01011608,Leeds 068A,71.64,72.94,60.9856262833676,1100,28690,178145,67.864476386037,67.9671457905544,41.0677618069815,46.0985626283368,16.4271047227926,43.7371663244353,-0.102669404517457,26.7967145790554,26.8993839835729,26.8993839835729
E01011609,Leeds 068B,72.06,76.29,69.6440793976728,15050,101695,275095,70.6365503080082,78.6447638603696,63.8603696098563,65.2977412731006,68.5831622176591,62.6283367556468,-8.0082135523614,6.77618069815195,14.7843942505133,14.7843942505133
E01011610,Leeds 068C,69.96,77.28,67.6591375770021,12975,34570,237895,54.8254620123203,76.1806981519507,44.558521560575,72.2792607802875,64.2710472279261,54.6201232032854,-21.3552361396304,10.2669404517454,31.6221765913758,31.6221765913758
E01011611,Leeds 068D,70.66,74.16,58.5215605749487,9025,34270,247095,60.3696098562628,64.5790554414785,44.35318275154,54.0041067761807,55.0308008213552,55.8521560574949,-4.20944558521561,16.0164271047228,20.2258726899384,20.2258726899384
E01011612,Leeds 079E,69.76,80.03,86.5503080082136,10090,34020,202120,52.1560574948665,96.9199178644764,43.7371663244353,82.9568788501027,57.700205338809,47.6386036960986,-44.7638603696099,8.41889117043121,53.1827515400411,53.1827515400411
E01011613,Leeds 076E,70.63,73.47,42.8473648186174,7790,39730,99585,59.958932238193,38.911704312115,47.6386036960986,48.7679671457906,50.3080082135524,27.9260780287474,21.047227926078,12.3203285420945,-8.72689938398357,21.047227926078
E01011614,Leeds 068E,67.74,72.72,23.2375085557837,5800,23805,103645,34.2915811088296,11.9096509240246,37.3716632443532,44.7638603696099,41.6837782340862,28.7474332648871,22.3819301848049,-3.08008213552361,-25.4620123203285,25.4620123203285
E01011615,Leeds 070A,75.32,82.18,76.4544832306639,70750,272815,377670,93.0184804928131,87.0636550308008,92.6078028747433,90.9650924024641,84.8049281314169,93.0184804928131,5.95482546201232,0.410677618069812,-5.54414784394251,5.95482546201232
E01011616,Leeds 072A,72.47,78.66,56.9130732375086,19585,206135,329370,73.305954825462,63.0390143737166,79.6714579055442,75.564681724846,73.1006160164271,77.82340862423,10.2669404517454,-6.36550308008214,-16.6324435318275,16.6324435318275
E01011617,Leeds 070B,74.2,80.3,96.8514715947981,72210,260085,369155,86.0369609856263,99.5893223819302,89.3223819301848,83.9835728952772,85.2156057494867,90.4517453798768,-13.5523613963039,-3.28542094455852,10.2669404517454,13.5523613963039
E01011618,Leeds 070C,75.92,83.46,35.5578370978782,135750,301130,393995,95.2772073921971,26.0780287474333,96.9199178644764,96.0985626283368,96.5092402464066,96.3039014373717,69.1991786447639,-1.64271047227926,-70.8418891170431,70.8418891170431
E01011620,Leeds 072B,70.03,73.83,38.1930184804928,2010,93310,248045,55.7494866529774,30.3901437371663,63.2443531827515,51.2320328542095,22.3819301848049,56.4681724845996,25.3593429158111,-7.49486652977413,-32.8542094455852,32.8542094455852
E01011621,Leeds 070D,72.25,74.74,40.9308692676249,7000,175900,286100,72.0739219712526,35.8316221765914,76.7967145790555,57.2895277207392,47.4332648870637,66.2217659137577,36.2422997946612,-4.72279260780287,-40.9650924024641,40.9650924024641
E01011622,Leeds 072C,72.43,77.25,73.2375085557837,16685,176435,327330,73.1006160164271,83.1622176591376,77.0020533880904,71.5605749486653,70.8418891170431,77.4127310061602,-10.0616016427105,-3.90143737166324,6.16016427104724,10.0616016427105
E01011623,Leeds 075B,75.59,82.34,77.9260780287474,101075,277965,390120,94.3531827515401,88.0903490759754,93.8398357289528,92.6078028747433,89.9383983572895,95.6878850102669,6.26283367556469,0.513347022587269,-5.74948665297742,6.26283367556469
E01011624,Leeds 072D,69.24,69.57,37.337440109514,9500,104225,265640,47.6386036960986,28.952772073922,65.0924024640657,29.4661190965092,55.8521560574949,60.3696098562628,18.6858316221766,-17.4537987679672,-36.1396303901437,36.1396303901437
E01011625,Leeds 075C,73.72,77.59,20.2600958247775,9000,179550,286100,83.7782340862423,9.03490759753593,77.6180698151951,72.8952772073922,54.8254620123203,66.2217659137577,74.7433264887064,6.16016427104722,-68.5831622176591,74.7433264887064
E01011626,Leeds 075D,74.89,79.41,31.7590691307324,64850,249900,359910,90.1437371663244,21.7659137577002,86.8583162217659,79.5687885010267,83.7782340862423,85.2156057494867,68.3778234086242,3.28542094455852,-65.0924024640657,68.3778234086242
E01011627,Leeds 098A,67.97,70.31,63.8261464750171,13875,62100,229635,36.5503080082136,71.8685831622177,54.0041067761807,32.6488706365503,65.9137577002053,53.1827515400411,-35.3182751540041,-17.4537987679671,17.864476386037,35.3182751540041
E01011628,Leeds 098B,68.55,70.55,67.864476386037,14200,102625,255710,41.2731006160164,76.3860369609856,64.6817248459959,33.6755646817248,67.3511293634497,57.2895277207392,-35.1129363449692,-23.4086242299795,11.7043121149897,35.1129363449692
E01011629,Leeds 098C,67.4,70.91,48.7337440109514,2700,17400,118085,31.7248459958932,48.7679671457906,27.1047227926078,36.7556468172485,28.7474332648871,32.2381930184805,-17.0431211498973,4.62012320328542,21.6632443531828,21.6632443531828
E01011630,Leeds 100B,68.8,66.51,32.0670773442847,175,12625,109625,42.9158110882957,22.3819301848049,22.17659137577,20.1232032854209,3.18275154004107,30.5954825462012,20.5338809034908,20.7392197125257,0.20533880903491,20.7392197125257
E01011632,Leeds 098D,66.51,68.48,56.8446269678303,12775,108175,263435,26.0780287474333,62.6283367556468,65.5030800821355,26.2833675564682,64.0657084188912,59.7535934291581,-36.5503080082136,-39.4250513347023,-2.87474332648871,39.4250513347023
E01011633,Leeds 098E,64.63,69.43,57.7344284736482,2700,14400,98300,19.917864476386,63.6550308008214,24.0246406570842,28.952772073922,28.7474332648871,27.5154004106776,-43.7371663244353,-4.10677618069815,39.6303901437372,43.7371663244353
E01011634,Leeds 100C,65.48,64.42,49.7604380561259,800,17200,123585,22.7926078028747,50.5133470225873,26.4887063655031,14.5790554414784,14.0657084188912,32.6488706365503,-27.7207392197125,-3.69609856262834,24.0246406570842,27.7207392197125
E01011635,Leeds 097B,67.38,65.28,79.4318959616701,14175,70800,256565,31.4168377823409,89.3223819301848,57.0841889117043,17.0431211498973,67.0431211498973,57.700205338809,-57.905544147844,-25.6673511293634,32.2381930184805,57.905544147844
E01011636,Leeds 100D,63.66,66.45,40.9308692676249,1000,1000,1000,16.8377823408624,35.8316221765914,7.59753593429158,19.6098562628337,15.8110882956879,4.72279260780288,-18.993839835729,9.24024640657084,28.2340862422998,28.2340862422998
E01011637,Leeds 097C,69.13,67.11,50.0342231348392,3675,20075,127865,45.7905544147844,51.3347022587269,31.211498973306,21.9712525667351,33.264887063655,33.8809034907598,-5.5441478439425,14.5790554414784,20.1232032854209,20.1232032854209
E01011638,Leeds 097D,68.69,68,50.684462696783,3675,20075,127865,42.299794661191,52.3613963039014,31.211498973306,23.8193018480493,33.264887063655,33.8809034907598,-10.0616016427105,11.088295687885,21.1498973305955,21.1498973305955
E01011639,Leeds 100E,68.46,69.12,47.3648186173854,1700,22025,133910,40.041067761807,47.3305954825462,35.3182751540041,28.3367556468173,20.9445585215606,35.523613963039,-7.28952772073922,4.72279260780287,12.0123203285421,12.0123203285421
E01011641,Leeds 032B,69.14,73.64,48.4599589322382,5250,112645,238115,45.9958932238193,48.2546201232033,66.1190965092403,50.1026694045175,40.9650924024641,54.8254620123203,-2.25872689938399,-20.123203285421,-17.864476386037,20.123203285421
E01011642,Leeds 032C,70.6,75.5,31.7932922655715,4750,115095,257790,59.7535934291581,21.9712525667351,66.735112936345,60.1642710472279,37.9876796714579,58.5215605749487,37.782340862423,-6.98151950718687,-44.7638603696099,44.7638603696099
E01011643,Leeds 037A,69.99,74.07,21.2867898699521,7895,117145,245415,55.1334702258727,10.2669404517454,67.3511293634497,53.1827515400411,51.3347022587269,55.4414784394251,44.8665297741273,-12.217659137577,-57.0841889117043,57.0841889117043
E01011644,Leeds 037B,69.18,70.49,42.2313483915127,7170,41745,218670,46.3039014373717,38.6036960985626,48.4599589322382,33.4702258726899,48.2546201232033,49.8973305954826,7.70020533880904,-2.15605749486653,-9.85626283367557,9.85626283367557
E01011645,Leeds 032D,71.04,77.18,73.4086242299795,55045,204295,319445,63.2443531827515,83.3675564681725,79.4661190965093,70.8418891170431,81.5195071868583,75.7700205338809,-20.1232032854209,-16.2217659137577,3.90143737166324,20.1232032854209
E01011646,Leeds 037C,70.28,75.22,68.7542778918549,24320,156970,278265,57.2895277207392,77.4127310061602,74.7433264887064,58.7268993839836,76.3860369609856,63.9630390143737,-20.1232032854209,-17.4537987679671,2.6694045174538,20.1232032854209
E01011647,Leeds 037D,72.94,80.4,85.3182751540041,77170,245800,333070,77.2073921971253,95.0718685831622,85.0102669404518,84.5995893223819,87.2689938398357,78.6447638603696,-17.864476386037,-7.80287474332648,10.0616016427105,17.864476386037
E01011648,Leeds 037E,71.28,77.03,40.3148528405202,22145,91870,258905,65.0924024640657,34.0862422997947,62.8336755646817,68.993839835729,74.7433264887064,58.7268993839836,31.0061601642711,2.25872689938399,-28.7474332648871,31.0061601642711
E01011649,Leeds 022B,61.01,55,28.1998631074606,325,7150,72070,11.2936344969199,17.4537987679671,15.605749486653,4.51745379876797,8.31622176591376,24.0246406570842,-6.16016427104723,-4.31211498973306,1.84804928131417,6.16016427104723
E01011650,Leeds 020A,64.49,64.52,24.1273100616017,450,450,450,19.3018480492813,12.5256673511294,5.03080082135524,15.1950718685832,10.1642710472279,3.38809034907598,6.77618069815195,14.2710472279261,7.49486652977413,14.2710472279261
E01011651,Leeds 020B,64.95,66.61,12.4572210814511,1600,16125,116615,20.9445585215606,3.28542094455852,25.2566735112936,20.7392197125257,20.6365503080082,31.8275154004107,17.6591375770021,-4.31211498973306,-21.9712525667351,21.9712525667351
E01011652,Leeds 024C,67.37,73.54,51.9164955509925,12750,102050,230540,31.211498973306,53.5934291581109,64.2710472279261,49.6919917864476,63.8603696098563,53.6960985626283,-22.3819301848049,-33.0595482546201,-10.6776180698152,33.0595482546201
E01011653,Leeds 020C,67.46,72.78,49.2128678986995,10175,68070,229615,32.2381930184805,49.8973305954826,55.2361396303902,44.9691991786448,57.905544147844,52.9774127310062,-17.6591375770021,-22.9979466119097,-5.3388090349076,22.9979466119097
E01011654,Leeds 024D,67.66,72.94,6.84462696783025,3100,19600,169965,33.8809034907598,1.43737166324435,30.1848049281314,46.0985626283368,30.1848049281314,41.8891170431211,32.4435318275154,3.69609856262834,-28.7474332648871,32.4435318275154
E01011655,Leeds 020D,67.84,69.99,46.2696783025325,7825,114420,259390,35.9342915811088,44.7638603696099,66.3244353182752,31.5195071868583,50.8213552361396,58.9322381930185,-8.82956878850103,-30.3901437371663,-21.5605749486653,30.3901437371663
E01011656,Leeds 035A,68.41,70.77,55.7494866529774,8420,41870,194195,39.8357289527721,61.1909650924025,48.6652977412731,34.9075975359343,52.7720739219713,46.611909650924,-21.3552361396304,-8.82956878850103,12.5256673511294,21.3552361396304
E01011657,Leeds 035B,68.26,70.97,40.3832991101985,2395,9895,92145,39.0143737166324,34.394250513347,19.7125256673511,36.9609856262834,25.6673511293635,26.8993839835729,4.62012320328542,19.3018480492813,14.6817248459959,19.3018480492813
E01011658,Leeds 040C,69.23,72.79,44.5242984257358,10370,84845,232915,47.2279260780288,41.8891170431211,61.1909650924025,45.1745379876797,58.4188911704312,54.0041067761807,5.3388090349076,-13.9630390143737,-19.3018480492813,19.3018480492813
E01011659,Leeds 035C,68.83,74.42,74.1273100616017,10370,52520,229355,43.1211498973306,84.5995893223819,51.9507186858316,55.64681724846,58.4188911704312,52.7720739219713,-41.4784394250513,-8.82956878850103,32.6488706365503,41.4784394250513
E01011660,Leeds 040D,68.47,72.41,31.1430527036277,7095,41495,171445,40.2464065708419,20.5338809034908,48.2546201232033,42.5051334702259,47.8439425051335,42.5051334702259,19.7125256673511,-8.0082135523614,-27.7207392197125,27.7207392197125
E01011661,Leeds 035D,69.47,76.27,82.6488706365503,14000,116180,281040,49.2813141683778,92.6078028747433,66.9404517453799,65.0924024640657,66.1190965092403,64.6817248459959,-43.3264887063655,-17.6591375770021,25.6673511293635,43.3264887063655
E01011662,Leeds 040E,68.88,71.51,47.1252566735113,2400,37945,203020,44.2505133470226,46.611909650924,46.8172484599589,38.3983572895277,25.9753593429158,47.8439425051335,-2.36139630390144,-2.56673511293634,-0.205338809034906,2.56673511293634
E01011663,Leeds 050A,69.93,75.52,59.2060232717317,6325,42375,218530,54.0041067761807,65.0924024640657,48.870636550308,60.3696098562628,44.2505133470226,49.6919917864476,-11.088295687885,5.13347022587269,16.2217659137577,16.2217659137577
E01011664,Leeds 050B,68.96,74.13,63.3127994524299,6450,46320,222330,44.7638603696099,70.9445585215606,50.1026694045175,53.5934291581109,45.1745379876797,50.9240246406571,-26.1806981519507,-5.3388090349076,20.8418891170431,26.1806981519507
E01011665,Leeds 050C,71.64,79.47,53.9356605065024,11550,137435,295995,67.864476386037,57.4948665297741,70.4312114989733,79.8767967145791,61.1909650924025,70.3285420944559,10.3696098562628,-2.56673511293636,-12.9363449691992,12.9363449691992
E01011666,Leeds 061D,72.73,80.69,74.3668720054757,9800,136585,295995,75.3593429158111,85.0102669404518,70.0205338809035,86.2422997946612,57.3921971252567,70.3285420944559,-9.65092402464066,5.3388090349076,14.9897330595483,14.9897330595483
E01011667,Leeds 050D,70.56,76.12,24.3668720054757,5975,100675,271565,59.1375770020534,13.1416837782341,63.6550308008214,63.8603696098563,42.6078028747433,62.217659137577,45.9958932238193,-4.51745379876797,-50.5133470225873,50.5133470225873
E01011668,Leeds 110E,73.74,80.35,7.52908966461328,75170,263415,365410,83.9835728952772,2.05338809034908,90.3490759753593,84.2915811088296,86.4476386036961,88.5010266940452,81.9301848049281,-6.36550308008214,-88.2956878850103,88.2956878850103
E01011669,Leeds 110F,72.34,76.76,56.1259411362081,75475,249090,354450,72.4845995893224,62.0123203285421,86.652977412731,67.9671457905544,86.652977412731,83.5728952772074,10.4722792607803,-14.1683778234086,-24.6406570841889,24.6406570841889
E01011670,Leeds 055A,73.97,80.15,50.7186858316222,104000,264565,368235,85.4209445585216,52.5667351129363,91.170431211499,83.6755646817249,90.7597535934292,89.1170431211499,32.8542094455852,-5.74948665297742,-38.6036960985626,38.6036960985626
E01011671,Leeds 055B,75.46,82.26,80.4585900068446,107275,283090,363435,94.0451745379877,90.1437371663244,95.2772073921971,91.3757700205339,92.1971252566735,87.2689938398357,3.90143737166324,-1.23203285420945,-5.13347022587269,5.13347022587269
E01011673,Leeds 064B,74.59,83.58,65.0581793292266,105720,279245,364410,88.7063655030801,73.1006160164271,94.0451745379877,96.7145790554415,91.170431211499,87.4743326488706,15.605749486653,-5.3388090349076,-20.9445585215606,20.9445585215606
E01011677,Leeds 064D,74.99,83.86,86.7214236824093,76470,258475,361260,91.4784394250513,97.1252566735113,88.2956878850103,97.3305954825462,86.8583162217659,85.6262833675565,-5.64681724845995,3.18275154004107,8.82956878850102,8.82956878850102
E01011678,Leeds 063B,77.55,82.75,74.6064339493498,139655,322885,426340,98.5626283367557,85.3182751540041,98.5626283367557,94.0451745379877,96.9199178644764,99.3839835728953,13.2443531827515,0,-13.2443531827515,13.2443531827515
E01011681,Leeds 063D,75.44,80.79,78.1998631074607,133655,282285,388725,93.8398357289528,88.5010266940452,95.0718685831622,86.4476386036961,96.0985626283368,95.0718685831622,5.3388090349076,-1.23203285420944,-6.57084188911703,6.57084188911703
E01011684,Leeds 019C,67.75,71.19,53.5249828884326,8725,75845,217490,34.4969199178645,55.9548254620123,58.5215605749487,37.3716632443532,54.0041067761807,49.4866529774127,-21.4579055441479,-24.0246406570842,-2.56673511293634,24.0246406570842
E01011685,Leeds 109A,70.04,74.25,60.0616016427105,8550,37245,220665,56.1601642710472,66.1190965092403,46.4065708418891,54.9281314168378,53.388090349076,50.3080082135524,-9.95893223819302,9.75359342915811,19.7125256673511,19.7125256673511
E01011686,Leeds 033E,68.86,71.98,51.6769336071184,5950,19440,139295,43.6344969199179,53.1827515400411,29.9794661190965,40.9650924024641,42.299794661191,36.9609856262834,-9.5482546201232,13.6550308008214,23.2032854209446,23.2032854209446
E01011687,Leeds 109B,69.28,73.77,52.6351813826147,15900,80495,247365,47.8439425051335,54.4147843942505,59.7535934291581,50.9240246406571,69.4045174537988,56.0574948665298,-6.57084188911704,-11.9096509240246,-5.3388090349076,11.9096509240246
E01011688,Leeds 031B,69.46,75.7,47.056810403833,14570,123335,306020,48.9733059548255,46.4065708418891,68.5831622176591,61.1909650924025,67.5564681724846,72.6899383983573,2.56673511293634,-19.6098562628337,-22.17659137577,22.17659137577
E01011689,Leeds 031C,68.06,74.2,23.750855578371,2400,6145,104620,37.1663244353183,12.3203285420945,14.1683778234086,54.4147843942505,25.9753593429158,29.1581108829569,24.8459958932238,22.9979466119097,-1.84804928131417,24.8459958932238
E01011690,Leeds 109C,70.9,78.07,74.19575633128,77070,238370,362400,62.217659137577,84.8049281314169,83.7782340862423,74.5379876796715,87.0636550308008,86.4476386036961,-22.5872689938398,-21.5605749486653,1.02669404517455,22.5872689938398
E01011691,Leeds 031D,70.01,77.16,53.7987679671458,15920,150185,314570,55.4414784394251,56.776180698152,72.6899383983573,70.4312114989733,69.6098562628337,74.5379876796715,-1.3347022587269,-17.2484599589322,-15.9137577002053,17.2484599589322
E01011692,Leeds 109D,70.25,77.15,7.52908966461328,7250,78170,222915,56.8788501026694,2.05338809034908,59.1375770020534,69.9178644763861,48.6652977412731,51.129363449692,54.8254620123203,-2.25872689938399,-57.0841889117043,57.0841889117043
E01011693,Leeds 109E,69.8,77.1,26.6598220396988,10950,120190,285740,52.3613963039014,14.9897330595483,67.5564681724846,69.4045174537988,59.7535934291581,65.9137577002053,37.3716632443532,-15.1950718685832,-52.5667351129363,52.5667351129363
E01011694,Leeds 109F,71.62,78.93,77.2758384668036,78670,266670,369635,67.5564681724846,87.6796714579056,91.3757700205339,77.2073921971253,87.8850102669405,90.7597535934292,-20.1232032854209,-23.8193018480493,-3.69609856262834,23.8193018480493
E01011695,Leeds 019D,66.3,69.93,47.3990417522245,6100,33690,143365,24.6406570841889,47.6386036960986,43.3264887063655,31.211498973306,43.1211498973306,37.9876796714579,-22.9979466119097,-18.6858316221766,4.31211498973306,22.9979466119097
E01011696,Leeds 006B,47.14,46.34,14.0657084188912,200,200,200,2.25872689938398,4.72279260780288,2.36139630390144,1.43737166324435,4.20944558521561,1.95071868583162,-2.46406570841889,-0.102669404517454,2.36139630390144,2.46406570841889
E01011697,Leeds 002A,45.64,46.73,19.7467488021903,5000,5000,9350,1.64271047227926,8.41889117043121,12.5256673511294,1.84804928131417,40.041067761807,8.82956878850103,-6.77618069815195,-10.8829568788501,-4.10677618069815,10.8829568788501
E01011698,Leeds 001A,48.4,58.33,39.4250513347023,220,520,5770,3.08008213552361,31.8275154004107,5.85215605749487,7.39219712525667,4.82546201232033,6.6735112936345,-28.7474332648871,-2.77207392197125,25.9753593429158,28.7474332648871
E01011699,Leeds 001B,47.78,54.79,44.4558521560575,220,520,5770,2.6694045174538,41.6837782340862,5.85215605749487,4.10677618069815,4.82546201232033,6.6735112936345,-39.0143737166324,-3.18275154004107,35.8316221765914,39.0143737166324
E01011700,Leeds 002B,49.27,60.81,19.6098562628337,5000,5000,5000,3.28542094455852,8.2135523613963,12.5256673511294,9.44558521560575,40.041067761807,6.05749486652977,-4.92813141683778,-9.24024640657084,-4.31211498973306,9.24024640657084
E01011701,Leeds 001C,50.58,61.43,36.3791923340178,295,8595,14195,4.31211498973306,27.3100616016427,17.0431211498973,10.2669404517454,6.77618069815195,10.1642710472279,-22.9979466119097,-12.7310061601643,10.2669404517454,22.9979466119097
E01011702,Leeds 001D,49.8,56.48,31.5537303216975,250,250,550,3.69609856262834,21.3552361396304,2.87474332648871,5.74948665297741,6.26283367556468,3.90143737166324,-17.6591375770021,0.821355236139631,18.4804928131417,18.4804928131417
E01011703,Leeds 001E,49.95,54.44,29.8083504449008,75,8395,13995,3.90143737166324,19.0965092402464,16.4271047227926,3.90143737166324,1.64271047227926,9.85626283367557,-15.1950718685832,-12.5256673511294,2.6694045174538,15.1950718685832
E01011704,Leeds 002C,51.3,63.97,66.1190965092403,3595,8595,13945,4.92813141683778,73.5112936344969,17.0431211498973,13.7577002053388,32.8542094455852,9.65092402464066,-68.5831622176591,-12.1149897330596,56.4681724845996,68.5831622176591
E01011705,Leeds 002D,50.61,63.09,44.3874058863792,595,8595,14195,4.51745379876797,41.4784394250513,17.0431211498973,12.0123203285421,11.9096509240246,10.1642710472279,-36.9609856262834,-12.5256673511294,24.435318275154,36.9609856262834
E01011706,Leeds 006C,45.54,45.78,14.476386036961,400,400,950,1.43737166324435,5.13347022587269,4.62012320328542,1.23203285420945,9.44558521560575,4.51745379876797,-3.69609856262834,-3.18275154004107,0.513347022587269,3.69609856262834
E01011707,Leeds 005A,43.75,50.92,16.4955509924709,850,2675,16575,1.02669404517454,6.36550308008214,10.4722792607803,2.87474332648871,14.7843942505133,11.9096509240246,-5.3388090349076,-9.44558521560575,-4.10677618069815,9.44558521560575
E01011708,Leeds 006D,45.97,41.78,14.4079397672827,175,175,175,2.05338809034908,4.92813141683778,1.95071868583162,0.410677618069815,3.18275154004107,1.64271047227926,-2.87474332648871,0.102669404517454,2.97741273100616,2.97741273100616
E01011709,Leeds 005B,43.59,53.46,27.4127310061602,1000,1725,10150,0.82135523613963,16.0164271047228,8.41889117043121,3.49075975359343,15.8110882956879,9.13757700205339,-15.1950718685832,-7.59753593429158,7.59753593429158,15.1950718685832
E01011710,Leeds 005C,42.15,46.35,47.2621492128679,625,2450,16925,0.205338809034908,47.0225872689938,10.1642710472279,1.64271047227926,12.5256673511294,12.4229979466119,-46.8172484599589,-9.95893223819302,36.8583162217659,46.8172484599589
E01011711,Leeds 005D,43.28,52.95,39.3223819301848,500,500,10150,0.616016427104723,31.6221765913758,5.44147843942505,3.28542094455852,10.9856262833676,9.13757700205339,-31.0061601642711,-4.82546201232033,26.1806981519507,31.0061601642711
E01011712,Leeds 005E,40.8,41.42,28.1314168377823,500,2450,16925,0,17.1457905544148,10.1642710472279,0.205338809034908,10.9856262833676,12.4229979466119,-17.1457905544148,-10.1642710472279,6.98151950718686,17.1457905544148
E01011713,Leeds 006E,51.24,45.4,29.8767967145791,250,6120,85670,4.72279260780288,19.3018480492813,13.9630390143737,1.02669404517454,6.26283367556468,26.2833675564682,-14.5790554414784,-9.24024640657084,5.3388090349076,14.5790554414784
E01011714,Leeds 029A,65.43,65.71,60.3696098562628,4825,14945,62005,22.3819301848049,66.735112936345,24.6406570841889,18.2751540041068,38.911704312115,22.7926078028747,-44.3531827515401,-2.25872689938398,42.0944558521561,44.3531827515401
E01011715,Leeds 022C,61.24,56.72,42.0260095824778,4275,26945,195180,11.7043121149897,37.6796714579055,40.4517453798768,5.95482546201232,35.7289527720739,46.8172484599589,-25.9753593429158,-28.7474332648871,-2.77207392197126,28.7474332648871
E01011716,Leeds 029B,66.43,65.8,20.6707734428474,2670,17545,138420,25.6673511293635,9.44558521560575,27.7207392197125,18.4804928131417,28.3367556468173,36.3449691991786,16.2217659137577,-2.05338809034908,-18.2751540041068,18.2751540041068
E01011717,Leeds 029C,66.68,68.52,34.9418206707735,6120,15045,110680,27.0020533880904,25.6673511293635,24.8459958932238,26.8993839835729,43.3264887063655,30.8008213552361,1.3347022587269,2.15605749486653,0.821355236139631,2.15605749486653
E01011718,Leeds 029D,66.87,69.06,73.4428473648186,4825,17595,108730,28.5420944558522,83.5728952772074,28.1314168377823,28.1314168377823,38.911704312115,29.9794661190965,-55.0308008213553,0.410677618069816,55.4414784394251,55.4414784394251
E01011719,Leeds 022D,61.63,58,28.5763175906913,2250,12925,170770,12.5256673511294,18.0698151950719,22.8952772073922,6.77618069815195,24.2299794661191,42.299794661191,-5.5441478439425,-10.3696098562628,-4.82546201232033,10.3696098562628
E01011720,Leeds 029E,68.9,74.76,77.1731690622861,6275,48220,224905,44.558521560575,87.4743326488706,50.9240246406571,57.4948665297741,43.9425051334702,51.5400410677618,-42.9158110882957,-6.36550308008214,36.5503080082136,42.9158110882957
E01011721,Leeds 041A,68.53,74.06,78.9185489390828,6950,30205,206255,40.8624229979466,89.1170431211499,41.8891170431211,52.9774127310062,47.0225872689938,48.0492813141684,-48.2546201232033,-1.02669404517454,47.2279260780288,48.2546201232033
E01011722,Leeds 041B,67.98,73.1,26.8309377138946,450,10250,133235,36.7556468172485,15.1950718685832,20.3285420944559,47.2279260780288,10.1642710472279,34.7022587268994,21.5605749486653,16.4271047227926,-5.13347022587269,21.5605749486653
E01011723,Leeds 041C,68.08,73.54,59.4798083504449,5975,29220,177980,37.3716632443532,65.5030800821355,41.2731006160164,49.6919917864476,42.6078028747433,43.5318275154004,-28.1314168377824,-3.90143737166325,24.2299794661191,28.1314168377824
E01011724,Leeds 041D,69.57,76.6,53.2169746748802,9700,47320,238440,50.7186858316222,55.2361396303902,50.7186858316222,66.9404517453799,56.776180698152,55.0308008213552,-4.51745379876797,0,4.51745379876797,4.51745379876797
E01011725,Leeds 078A,71.37,75.45,54.1067761806982,8265,85540,249995,66.2217659137577,58.1108829568789,61.6016427104723,59.958932238193,51.9507186858316,56.8788501026694,8.11088295687885,4.62012320328543,-3.49075975359342,8.11088295687885
E01011726,Leeds 080A,68.87,69.38,37.4743326488706,2000,21225,168065,43.9425051334702,29.2607802874743,32.3408624229979,28.7474332648871,21.9712525667351,41.2731006160164,14.6817248459959,11.6016427104723,-3.08008213552361,14.6817248459959
E01011727,Leeds 080B,69.4,69.81,39.4592744695414,750,9490,77995,48.4599589322382,32.135523613963,18.3778234086242,30.3901437371663,13.347022587269,24.8459958932238,16.3244353182752,30.082135523614,13.7577002053388,30.082135523614
E01011728,Leeds 080C,67.79,62.43,32.135523613963,175,2425,17980,35.1129363449692,22.5872689938398,9.85626283367557,11.088295687885,3.18275154004107,13.1416837782341,12.5256673511294,25.2566735112936,12.7310061601643,25.2566735112936
E01011729,Leeds 078B,72.58,78.79,59.1718001368925,22765,154815,299240,74.435318275154,64.8870636550308,73.9219712525667,76.5913757700205,75.1540041067762,71.047227926078,9.5482546201232,0.513347022587269,-9.03490759753593,9.5482546201232
E01011730,Leeds 078C,70.23,71.9,60.3011635865845,7765,44415,273520,56.6735112936345,66.5297741273101,49.0759753593429,40.4517453798768,49.8973305954826,62.4229979466119,-9.85626283367557,7.59753593429159,17.4537987679672,17.4537987679672
E01011731,Leeds 081B,71,73.07,36.4476386036961,1325,24325,184670,62.8336755646817,27.6180698151951,37.782340862423,46.9199178644764,18.4804928131417,45.1745379876797,35.2156057494867,25.0513347022587,-10.1642710472279,35.2156057494867
E01011732,Leeds 081C,72.49,76.58,42.9500342231348,52250,164315,321560,73.5112936344969,39.5277207392197,75.564681724846,66.6324435318275,80.6981519507187,76.1806981519507,33.9835728952772,-2.05338809034907,-36.0369609856263,36.0369609856263
E01011733,Leeds 081D,73.42,75.88,21.9028062970568,18075,143640,317285,81.7248459958932,10.6776180698152,71.6632443531828,62.3203285420945,71.4579055441479,74.9486652977413,71.047227926078,10.0616016427105,-60.9856262833676,71.047227926078
E01011734,Leeds 083A,72.1,70.38,40.041067761807,3000,7975,101305,70.9445585215606,33.264887063655,15.8110882956879,32.8542094455852,29.6714579055442,28.3367556468173,37.6796714579056,55.1334702258727,17.4537987679671,55.1334702258727
E01011735,Leeds 078D,70.27,71.24,53.832991101985,2000,21225,170565,57.0841889117043,57.0841889117043,32.3408624229979,37.8850102669405,21.9712525667351,42.0944558521561,0,24.7433264887064,24.7433264887064,24.7433264887064
E01011736,Leeds 083B,73.16,76.04,72.2792607802875,25925,161490,361625,79.3634496919918,81.9301848049281,75.3593429158111,63.4496919917865,77.0020533880904,86.2422997946612,-2.56673511293634,4.00410677618071,6.57084188911705,6.57084188911705
E01011737,Leeds 083C,71.89,73.93,71.6974674880219,21000,146515,345015,69.6098562628337,81.1088295687885,71.8685831622177,52.3613963039014,74.3326488706366,80.2874743326489,-11.4989733059548,-2.25872689938399,9.24024640657085,11.4989733059548
E01011738,Leeds 083D,68.73,65.23,50.6502395619439,1300,21100,137095,42.5051334702259,52.1560574948665,32.0328542094456,16.6324435318275,17.9671457905544,36.1396303901437,-9.65092402464066,10.4722792607803,20.1232032854209,20.1232032854209
E01011739,Leeds 080D,70.91,73.9,62.90212183436,12240,76040,256945,62.4229979466119,70.2258726899384,58.7268993839836,51.6427104722793,62.4229979466119,57.905544147844,-7.80287474332649,3.69609856262834,11.4989733059548,11.4989733059548
E01032487,Leeds 097F,68.37,69.13,45.0376454483231,3675,20075,127865,39.4250513347023,43.5318275154004,31.211498973306,28.5420944558522,33.264887063655,33.8809034907598,-4.10677618069815,8.21355236139631,12.3203285420945,12.3203285420945
E01032488,Leeds 097G,68.66,67.86,73.9219712525667,14950,65800,225890,42.0944558521561,84.1889117043121,54.8254620123203,23.305954825462,68.3778234086242,52.1560574948665,-42.0944558521561,-12.7310061601643,29.3634496919918,42.0944558521561
E01032489,Leeds 102F,70.75,76.68,24.2642026009582,10550,36625,118965,60.9856262833676,12.7310061601643,46.2012320328542,67.2484599589323,59.1375770020534,32.4435318275154,48.2546201232033,14.7843942505134,-33.4702258726899,48.2546201232033
E01032490,Leeds 102G,68.77,71.57,44.6954140999316,12225,52015,199565,42.7104722792608,42.299794661191,51.7453798767967,38.8090349075975,62.217659137577,47.4332648870637,0.410677618069812,-9.03490759753593,-9.44558521560575,9.44558521560575
E01032491,Leeds 102H,67.07,68.28,11.533196440794,9550,33900,109500,29.6714579055442,3.08008213552361,43.5318275154004,25.4620123203285,56.0574948665298,30.3901437371663,26.5913757700205,-13.8603696098563,-40.4517453798768,40.4517453798768
E01032492,Leeds 102I,70.67,78.01,69.3360711841205,14775,39975,146455,60.6776180698152,78.4394250513347,47.8439425051335,74.1273100616017,68.1724845995893,38.3983572895277,-17.7618069815195,12.8336755646817,30.5954825462012,30.5954825462012
E01032493,Leeds 033F,71.79,72.94,51.7111567419576,8600,154345,308395,68.5831622176591,53.388090349076,73.7166324435318,46.0985626283368,53.5934291581109,73.1006160164271,15.1950718685832,-5.13347022587269,-20.3285420944558,20.3285420944558
E01032494,Leeds 033G,71.11,72.94,53.7987679671458,4625,59890,220245,63.8603696098563,56.776180698152,53.1827515400411,46.0985626283368,37.1663244353183,50.1026694045175,7.08418891170431,10.6776180698152,3.59342915811089,10.6776180698152
E01032496,Leeds 105F,69.18,67.53,61.6358658453114,14125,122150,267210,46.3039014373717,68.5831622176591,68.3778234086242,22.3819301848049,66.5297741273101,60.9856262833676,-22.2792607802875,-22.0739219712526,0.205338809034913,22.2792607802875
E01032497,Leeds 099E,68.6,72.98,30.2532511978097,300,4400,106460,41.6837782340862,19.7125256673511,11.4989733059548,46.611909650924,7.49486652977413,29.5687885010267,21.9712525667351,30.1848049281314,8.21355236139631,30.1848049281314
E01032498,Leeds 099F,69.52,75.86,60.0273785078713,4150,49240,186700,49.7946611909651,65.9137577002053,51.129363449692,62.0123203285421,35.4209445585216,45.7905544147844,-16.1190965092402,-1.3347022587269,14.7843942505133,16.1190965092402
E01032499,Leeds 067G,72.88,76.87,63.2785763175907,15065,159605,363405,76.7967145790555,70.6365503080082,75.1540041067762,68.3778234086242,68.7885010266941,87.0636550308008,6.16016427104724,1.64271047227926,-4.51745379876797,6.16016427104724
E01032500,Leeds 067H,73.66,80.42,57.7686516084874,43565,223270,351250,83.3675564681725,63.8603696098563,81.7248459958932,84.8049281314169,79.0554414784394,81.9301848049281,19.5071868583162,1.64271047227926,-17.864476386037,19.5071868583162
E01032501,Leeds 017E,70.57,72.28,33.1964407939767,7925,18725,138945,59.4455852156058,23.9219712525667,28.952772073922,42.0944558521561,51.5400410677618,36.7556468172485,35.523613963039,30.4928131416838,-5.03080082135524,35.523613963039
E01032502,Leeds 017F,69.23,70.86,52.6694045174538,7825,21575,140070,47.2279260780288,54.6201232032854,34.0862422997947,36.2422997946612,50.8213552361396,37.1663244353183,-7.39219712525668,13.1416837782341,20.5338809034908,20.5338809034908
E01032503,Leeds 007E,51.36,48.55,32.6488706365503,5000,5000,5000,5.13347022587269,23.2032854209446,12.5256673511294,2.25872689938398,40.041067761807,6.05749486652977,-18.0698151950719,-7.39219712525667,10.6776180698152,18.0698151950719
E01032504,Leeds 007F,56.22,53.49,39.1512662559891,300,300,4050,6.98151950718686,31.4168377823409,3.38809034907598,3.69609856262834,7.49486652977413,5.64681724845996,-24.435318275154,3.59342915811088,28.0287474332649,28.0287474332649
E01032606,Leeds 067I,72.28,75.85,54.072553045859,9615,151105,335825,72.2792607802875,57.905544147844,73.305954825462,61.8069815195072,56.4681724845996,79.0554414784394,14.3737166324435,-1.02669404517454,-15.4004106776181,15.4004106776181
E01032607,Leeds 067J,72.85,79.66,52.1560574948665,16490,159365,330840,76.3860369609856,54.0041067761807,74.9486652977413,80.9034907597536,70.4312114989733,78.4394250513347,22.3819301848049,1.43737166324435,-20.9445585215606,22.3819301848049
E01032608,Leeds 067K,73.32,79.38,56.6735112936345,44365,223895,351400,81.1088295687885,62.4229979466119,82.1355236139631,79.2607802874743,79.2607802874743,82.5462012320329,18.6858316221766,-1.02669404517454,-19.7125256673511,19.7125256673511
E01032876,Leeds 109G,67.47,69.82,36.9952087611225,600,8115,80765,32.5462012320329,28.7474332648871,16.2217659137577,30.5954825462012,12.217659137577,25.6673511293635,3.79876796714579,16.3244353182752,12.5256673511294,16.3244353182752
E01032946,Leeds 110G,73.5,79.64,84.4626967830253,77470,264395,365635,81.9301848049281,94.6611909650924,90.9650924024641,80.6981519507187,87.4743326488706,88.7063655030801,-12.7310061601643,-9.03490759753593,3.69609856262834,12.7310061601643
E01033002,Leeds 055F,76.98,84.72,85.9000684462697,172950,298175,385110,97.741273100616,96.0985626283368,96.5092402464066,98.1519507186858,98.5626283367557,94.0451745379877,1.64271047227926,1.23203285420944,-0.410677618069826,1.64271047227926
E01033003,Leeds 055G,76.93,85.39,94.6269678302533,162525,308960,384110,97.2279260780287,99.3839835728953,97.741273100616,98.9733059548255,97.741273100616,93.8398357289528,-2.15605749486653,-0.513347022587269,1.64271047227926,2.15605749486653
E01033008,Leeds 111A,78.86,85.95,82.6146475017112,215480,337720,434290,99.3839835728953,92.4024640657084,99.3839835728953,99.3839835728953,99.3839835728953,99.5893223819302,6.98151950718686,0,-6.98151950718686,6.98151950718686
E01033010,Leeds 111B,78.98,87.79,91.5811088295688,254255,349890,445665,99.5893223819302,98.7679671457906,99.7946611909651,100,100,99.7946611909651,0.821355236139638,-0.205338809034899,-1.02669404517454,1.02669404517454
E01033011,Leeds 111C,78.81,86.9,91.3757700205339,246230,365150,462410,99.1786447638604,98.5626283367557,100,99.7946611909651,99.7946611909651,100,0.616016427104725,-0.821355236139624,-1.43737166324435,1.43737166324435
E01033013,Leeds 082E,76.96,80.06,85.968514715948,94290,248280,368310,97.5359342915811,96.3039014373717,85.8316221765914,83.1622176591376,88.911704312115,89.3223819301848,1.23203285420945,11.7043121149897,10.4722792607803,11.7043121149897
E01033015,Leeds 111D,79.52,83.48,94.2162902121834,186025,328170,417965,99.7946611909651,98.9733059548255,98.7679671457906,96.3039014373717,98.9733059548255,98.9733059548255,0.821355236139624,1.02669404517454,0.205338809034913,1.02669404517454
E01033016,Leeds 111E,79.6,85.67,97.6043805612594,227550,333900,418735,100,100,99.1786447638604,99.1786447638604,99.5893223819302,99.1786447638604,0,0.821355236139624,0.821355236139624,0.821355236139624
E01033021,Leeds 075E,76.31,82.33,94.4216290212183,132975,284230,393020,96.3039014373717,99.1786447638604,95.482546201232,92.4024640657084,95.6878850102669,96.0985626283368,-2.87474332648871,0.821355236139638,3.69609856262835,3.69609856262835
E01033031,Leeds 064E,77.04,86.01,72.3819301848049,109525,281145,364710,97.9466119096509,82.1355236139631,94.6611909650924,99.5893223819302,92.8131416837782,87.8850102669405,15.8110882956879,3.28542094455852,-12.5256673511294,15.8110882956879
E01033033,Leeds 075F,77.93,85.31,24.3326488706366,210875,341900,416795,98.7679671457906,12.9363449691992,99.5893223819302,98.5626283367557,99.1786447638604,98.7679671457906,85.8316221765914,-0.821355236139638,-86.652977412731,86.652977412731
E01033034,Leeds 075G,77.05,83.13,85.8316221765914,133525,289555,398835,98.1519507186858,95.8932238193019,95.8932238193019,94.8665297741273,95.8932238193019,97.1252566735113,2.25872689938397,2.25872689938397,0,2.25872689938397
E01033035,Leeds 064F,76.2,84.92,78.507871321013,144345,310785,394160,96.0985626283368,88.7063655030801,97.9466119096509,98.3572895277207,97.1252566735113,96.5092402464066,7.39219712525667,-1.84804928131418,-9.24024640657085,9.24024640657085
E01035040,Leeds 044G,72.96,79.41,51.3004791238878,33145,174645,317345,77.82340862423,52.7720739219713,76.2833675564682,79.5687885010267,78.3367556468173,75.2566735112936,25.0513347022587,1.54004106776181,-23.5112936344969,25.0513347022587
E01035041,Leeds 044H,73.16,79.53,64.4421629021218,33145,174645,317345,79.3634496919918,72.0739219712526,76.2833675564682,80.082135523614,78.3367556468173,75.2566735112936,7.28952772073922,3.08008213552361,-4.2094455852156,7.28952772073922
E01035042,Leeds 055I,75.24,82.13,77.5496235455168,133695,277095,368635,92.7104722792608,87.8850102669405,93.6344969199179,90.3490759753593,96.3039014373717,89.8357289527721,4.82546201232033,-0.92402464065708,-5.74948665297741,5.74948665297741
E01035043,Leeds 055J,76.93,84.27,81.1088295687885,181245,305770,389285,97.2279260780287,91.4784394250513,97.5359342915811,97.9466119096509,98.7679671457906,95.2772073921971,5.74948665297741,-0.30800821355237,-6.05749486652978,6.05749486652978
E01035044,Leeds 063F,75.59,81.57,85.1813826146475,113270,281670,372460,94.3531827515401,94.8665297741273,94.8665297741273,88.8090349075976,94.0451745379877,91.5811088295688,-0.513347022587269,-0.513347022587269,0,0.513347022587269
E01035045,Leeds 063G,75.97,81.14,7.87132101300479,132655,263760,380085,95.7905544147844,2.46406570841889,90.5544147843943,87.4743326488706,95.482546201232,93.4291581108829,93.3264887063655,5.23613963039014,-88.0903490759754,93.3264887063655
E01035046,Leeds 082G,78.4,82.17,83.3333333333333,171300,312380,395060,98.9733059548255,93.7371663244353,98.1519507186858,90.6570841889117,98.1519507186858,96.7145790554415,5.23613963039014,0.821355236139638,-4.4147843942505,5.23613963039014
E01035047,Leeds 082H,76.79,80.35,5.88637919233402,152650,299110,387410,96.7145790554415,0.82135523613963,96.7145790554415,84.2915811088296,97.3305954825462,94.6611909650924,95.8932238193019,0,-95.8932238193019,95.8932238193019
E01035048,Leeds 099G,69.02,74.32,83.4702258726899,14085,107325,295190,45.0718685831622,94.2505133470226,65.2977412731006,55.4414784394251,66.3244353182752,70.0205338809035,-49.1786447638604,-20.2258726899384,28.952772073922,49.1786447638604
E01035049,Leeds 099H,67.83,69.9,55.0992470910336,7000,85300,209915,35.6262833675565,60.2669404517454,61.3963039014374,31.0061601642711,47.4332648870637,48.870636550308,-24.6406570841889,-25.7700205338809,-1.12936344969199,25.7700205338809
E01035050,Leeds 105G,67.81,70.65,36.2765229295004,4450,51490,228700,35.3182751540041,27.1047227926078,51.5400410677618,34.4969199178645,36.4476386036961,52.5667351129363,8.2135523613963,-16.2217659137577,-24.435318275154,24.435318275154
E01035051,Leeds 105H,66.8,67.76,19.1991786447639,1925,21325,157610,27.7207392197125,7.80287474332649,33.0595482546201,22.9979466119097,21.3552361396304,40.2464065708419,19.917864476386,-5.3388090349076,-25.2566735112936,25.2566735112936
E01035052,Leeds 105I,63.48,59.1,49.2470910335387,2050,21975,158260,16.2217659137577,50.1026694045175,34.9075975359343,7.80287474332649,23.2032854209446,40.6570841889117,-33.8809034907598,-18.6858316221766,15.1950718685832,33.8809034907598
E01035053,Leeds 105J,64.53,57.38,12.8336755646817,1575,9175,143310,19.5071868583162,3.90143737166324,17.864476386037,6.36550308008214,20.1232032854209,37.782340862423,15.605749486653,1.64271047227926,-13.9630390143737,15.605749486653
E01035054,Leeds 112F,76.9,82.35,73.8193018480493,108225,273920,376635,96.9199178644764,83.9835728952772,92.8131416837782,92.8131416837782,92.6078028747433,92.4024640657084,12.9363449691992,4.10677618069815,-8.82956878850104,12.9363449691992
