id,name,lon,lat,jobs
E01004766,Bolton 005A,-2.43687,53.59974,700
E01004767,Bolton 005B,-2.42651,53.59939,600
E01004768,Bolton 001A,-2.45444,53.61474,200
E01004769,Bolton 003A,-2.42554,53.61094,125
E01004770,Bolton 003B,-2.42349,53.60523,250
E01004771,Bolton 003C,-2.43441,53.61076,300
E01004772,Bolton 005C,-2.4437,53.60719,75
E01004773,Bolton 003D,-2.43146,53.60549,150
E01004774,Bolton 005D,-2.43799,53.60292,175
E01004775,Bolton 014A,-2.5173,53.56983,8000
E01004776,Bolton 031A,-2.53702,53.55871,4000
E01004777,Bolton 004A,-2.55214,53.5975,900
E01004778,Bolton 009A,-2.58766,53.5964,200
E01004779,Bolton 007A,-2.55896,53.59587,125
E01004780,Bolton 009B,-2.60951,53.59213,900
E01004781,Bolton 007B,-2.54383,53.58725,8000
E01004782,Bolton 009C,-2.58498,53.58948,125
E01004783,Bolton 009D,-2.57437,53.58164,450
E01004784,Bolton 006A,-2.38696,53.5969,50
E01004785,Bolton 006B,-2.38726,53.59327,450
E01004786,Bolton 006C,-2.40022,53.59909,50
E01004787,Bolton 013A,-2.38609,53.58954,225
E01004788,Bolton 002A,-2.39873,53.61115,125
E01004789,Bolton 006D,-2.38423,53.61747,150
E01004790,Bolton 002B,-2.40197,53.6052,400
E01004791,Bolton 006E,-2.38887,53.60368,400
E01004792,Bolton 006F,-2.37908,53.59692,100
E01004793,Bolton 013B,-2.38985,53.58698,125
E01004794,Bolton 013C,-2.39611,53.59104,75
E01004795,Bolton 013D,-2.38032,53.58396,1000
E01004796,Bolton 019A,-2.39334,53.57873,350
E01004797,Bolton 013E,-2.39389,53.58335,75
E01004798,Bolton 019B,-2.38272,53.57892,500
E01004799,Bolton 019C,-2.38011,53.57696,125
E01004800,Bolton 019D,-2.37716,53.57305,40
E01004801,Bolton 019E,-2.39671,53.57334,30
E01004802,Bolton 010A,-2.41527,53.59951,100
E01004803,Bolton 001B,-2.43825,53.63794,700
E01004804,Bolton 001C,-2.43648,53.62608,150
E01004805,Bolton 002C,-2.41261,53.62089,125
E01004806,Bolton 002D,-2.41507,53.61431,600
E01004807,Bolton 001D,-2.42641,53.62174,175
E01004808,Bolton 001E,-2.43348,53.61834,350
E01004809,Bolton 003E,-2.42255,53.61554,225
E01004810,Bolton 002E,-2.41376,53.60736,500
E01004811,Bolton 022A,-2.42617,53.56529,1250
E01004812,Bolton 022B,-2.41187,53.56469,3000
E01004813,Bolton 022C,-2.42724,53.55866,200
E01004814,Bolton 027A,-2.39981,53.56049,500
E01004815,Bolton 022D,-2.42463,53.56172,100
E01004816,Bolton 029A,-2.41518,53.55943,75
E01004817,Bolton 022E,-2.41932,53.57131,4500
E01004818,Bolton 017A,-2.41649,53.57717,300
E01004819,Bolton 017B,-2.40852,53.57268,125
E01004820,Bolton 011A,-2.4359,53.59027,250
E01004822,Bolton 016B,-2.43168,53.58898,1000
E01004823,Bolton 016C,-2.43686,53.58425,900
E01004824,Bolton 005E,-2.42827,53.59527,2500
E01004825,Bolton 011B,-2.43519,53.59394,250
E01004826,Bolton 011C,-2.4399,53.59288,350
E01004827,Bolton 021A,-2.45533,53.56716,45
E01004828,Bolton 023A,-2.45331,53.56562,900
E01004829,Bolton 023B,-2.44831,53.56463,600
E01004830,Bolton 026A,-2.45471,53.56111,900
E01004831,Bolton 026B,-2.46293,53.55922,250
E01004832,Bolton 023C,-2.45028,53.56024,200
E01004833,Bolton 026C,-2.45252,53.54312,6000
E01004834,Bolton 018A,-2.45916,53.56786,125
E01004835,Bolton 020A,-2.47795,53.56573,150
E01004836,Bolton 020B,-2.47147,53.56793,600
E01004837,Bolton 020C,-2.47929,53.5774,500
E01004838,Bolton 018B,-2.45998,53.57274,600
E01004839,Bolton 026D,-2.46396,53.56379,125
E01004840,Bolton 012A,-2.48519,53.59258,350
E01004841,Bolton 012B,-2.47324,53.59435,75
E01004842,Bolton 012C,-2.47355,53.5857,400
E01004843,Bolton 018C,-2.46589,53.58425,175
E01004844,Bolton 020D,-2.49402,53.57817,400
E01004845,Bolton 018D,-2.46327,53.57916,250
E01004846,Bolton 025A,-2.43217,53.56138,50
E01004847,Bolton 025B,-2.437,53.56267,75
E01004848,Bolton 016D,-2.43021,53.57163,4500
E01004849,Bolton 021B,-2.44134,53.57357,2250
E01004850,Bolton 021C,-2.44929,53.57148,225
E01004851,Bolton 021D,-2.44184,53.56967,600
E01004852,Bolton 025C,-2.43701,53.56696,500
E01004853,Bolton 021E,-2.44707,53.56806,40
E01004854,Bolton 023D,-2.44299,53.56475,700
E01004855,Bolton 027B,-2.38785,53.55401,250
E01004856,Bolton 027C,-2.41026,53.5535,600
E01004857,Bolton 027D,-2.40032,53.55344,600
E01004858,Bolton 032A,-2.40792,53.54972,350
E01004859,Bolton 032B,-2.39396,53.54848,1250
E01004860,Bolton 032C,-2.40298,53.5463,500
E01004861,Bolton 033A,-2.41542,53.54255,200
E01004862,Bolton 033B,-2.40802,53.54439,100
E01004863,Bolton 033C,-2.40654,53.54125,75
E01004864,Bolton 008A,-2.44955,53.5971,45
E01004865,Bolton 011D,-2.44441,53.59515,400
E01004866,Bolton 011E,-2.44312,53.58771,300
E01004867,Bolton 008B,-2.44733,53.59129,150
E01004868,Bolton 015A,-2.45303,53.58196,700
E01004869,Bolton 015B,-2.45014,53.58593,900
E01004870,Bolton 015C,-2.44941,53.58145,2000
E01004871,Bolton 015D,-2.44879,53.5765,100
E01004872,Bolton 029B,-2.41454,53.54924,175
E01004873,Bolton 029C,-2.41882,53.55212,100
E01004874,Bolton 033D,-2.4346,53.5452,450
E01004875,Bolton 029D,-2.42999,53.55023,200
E01004876,Bolton 033E,-2.4267,53.54396,75
E01004877,Bolton 025D,-2.43934,53.55702,250
E01004878,Bolton 023E,-2.44362,53.55923,450
E01004879,Bolton 025E,-2.43327,53.55819,40
E01004880,Bolton 029E,-2.42394,53.55354,7000
E01004881,Bolton 004B,-2.55017,53.6012,700
E01004882,Bolton 007C,-2.54299,53.59588,300
E01004883,Bolton 007D,-2.53646,53.59318,150
E01004884,Bolton 007E,-2.52172,53.60995,225
E01004885,Bolton 014B,-2.51463,53.59244,300
E01004886,Bolton 014C,-2.52891,53.58899,100
E01004887,Bolton 014D,-2.51807,53.5903,150
E01004888,Bolton 004C,-2.54043,53.6051,35
E01004889,Bolton 004D,-2.54818,53.60473,40
E01004890,Bolton 004E,-2.54367,53.60067,900
E01004891,Bolton 028A,-2.49804,53.54802,225
E01004892,Bolton 030A,-2.48366,53.54353,250
E01004893,Bolton 028B,-2.50822,53.54305,200
E01004894,Bolton 028C,-2.51763,53.54817,600
E01004895,Bolton 031B,-2.5168,53.54191,150
E01004896,Bolton 030B,-2.47314,53.53412,125
E01004897,Bolton 020E,-2.48775,53.56993,100
E01004899,Bolton 030C,-2.4811,53.55729,250
E01004900,Bolton 030D,-2.46928,53.55899,125
E01004901,Bolton 028E,-2.51376,53.55427,125
E01004902,Bolton 032D,-2.39547,53.5419,900
E01004903,Bolton 034A,-2.36972,53.54173,1500
E01004904,Bolton 034B,-2.3525,53.54092,250
E01004905,Bolton 034C,-2.3804,53.54237,250
E01004906,Bolton 032E,-2.38326,53.54626,450
E01004907,Bolton 034D,-2.38399,53.53693,600
E01004908,Bolton 034E,-2.36204,53.5347,600
E01004909,Bolton 034F,-2.37448,53.53715,300
E01004910,Bolton 034G,-2.36787,53.54893,250
E01004911,Bolton 024A,-2.37514,53.56366,300
E01004912,Bolton 024B,-2.38237,53.56025,300
E01004913,Bolton 024C,-2.36632,53.5649,500
E01004914,Bolton 024D,-2.3597,53.56247,30
E01004915,Bolton 024E,-2.37605,53.55587,75
E01004916,Bolton 024F,-2.36553,53.55773,175
E01004917,Bolton 019F,-2.39024,53.56544,200
E01004918,Bolton 024G,-2.37217,53.5682,100
E01004919,Bolton 012D,-2.46556,53.59074,250
E01004920,Bolton 012E,-2.47666,53.58942,175
E01004921,Bolton 008C,-2.45971,53.58949,250
E01004922,Bolton 015E,-2.45652,53.5867,400
E01004923,Bolton 018E,-2.45774,53.58216,250
E01004924,Bolton 008D,-2.48447,53.61032,450
E01004925,Bolton 008E,-2.45566,53.5933,100
E01004926,Bolton 010B,-2.40846,53.59171,150
E01004927,Bolton 010C,-2.41679,53.58944,1750
E01004928,Bolton 017C,-2.40865,53.58805,400
E01004929,Bolton 010D,-2.41497,53.59314,1250
E01004930,Bolton 017D,-2.40301,53.5875,150
E01004931,Bolton 017E,-2.41338,53.58214,600
E01004932,Bolton 017F,-2.40643,53.57857,225
E01004933,Bolton 035A,-2.52315,53.53062,100
E01004934,Bolton 035B,-2.53374,53.53056,75
E01004935,Bolton 035C,-2.51605,53.53654,200
E01004936,Bolton 031C,-2.52775,53.55059,1000
E01004937,Bolton 035D,-2.54515,53.54036,400
E01004938,Bolton 031D,-2.52319,53.54425,200
E01004939,Bolton 031E,-2.53371,53.54544,100
E01004940,Bolton 035E,-2.52347,53.53891,100
E01004941,Bury 021A,-2.26689,53.54906,125
E01004942,Bury 021B,-2.2874,53.54872,150
E01004943,Bury 021C,-2.28284,53.5441,50
E01004944,Bury 021D,-2.28082,53.54763,100
E01004945,Bury 017A,-2.26412,53.55826,350
E01004946,Bury 021E,-2.27448,53.55396,125
E01004947,Bury 009A,-2.31591,53.59383,15
E01004948,Bury 009B,-2.31652,53.58655,2250
E01004949,Bury 010A,-2.33307,53.59093,75
E01004950,Bury 010B,-2.3406,53.59625,200
E01004951,Bury 010C,-2.32617,53.58579,400
E01004952,Bury 010D,-2.33448,53.58656,125
E01004953,Bury 010E,-2.32253,53.59236,125
E01004954,Bury 007A,-2.25791,53.60219,6000
E01004955,Bury 007B,-2.26663,53.59896,150
E01004956,Bury 007C,-2.27714,53.61253,1250
E01004957,Bury 007D,-2.26788,53.5939,1250
E01004958,Bury 008A,-2.28284,53.59696,800
E01004959,Bury 008B,-2.27828,53.59314,250
E01004960,Bury 007E,-2.27532,53.60193,500
E01004961,Bury 005A,-2.30652,53.60063,600
E01004962,Bury 009C,-2.3192,53.60102,400
E01004963,Bury 006A,-2.32649,53.60095,450
E01004964,Bury 009D,-2.31166,53.59984,300
E01004965,Bury 005B,-2.31003,53.61412,500
E01004966,Bury 005C,-2.32095,53.61152,75
E01004967,Bury 005D,-2.30366,53.60534,75
E01004968,Bury 006B,-2.31522,53.60478,75
E01004969,Bury 022A,-2.24789,53.55013,350
E01004970,Bury 022B,-2.26845,53.54288,75
E01004971,Bury 022C,-2.27917,53.54135,350
E01004972,Bury 023A,-2.27584,53.53872,150
E01004973,Bury 023B,-2.27076,53.53701,350
E01004974,Bury 024A,-2.27854,53.53527,200
E01004975,Bury 023C,-2.2786,53.53299,225
E01004976,Bury 004A,-2.29688,53.6096,150
E01004977,Bury 004B,-2.28745,53.60999,225
E01004978,Bury 004C,-2.29359,53.60478,50
E01004979,Bury 008C,-2.29817,53.59936,3000
E01004980,Bury 008D,-2.28955,53.59878,600
E01004981,Bury 004D,-2.30125,53.6227,300
E01004982,Bury 004E,-2.28586,53.61842,250
E01004983,Bury 020A,-2.28991,53.54071,450
E01004984,Bury 019A,-2.30646,53.54267,200
E01004985,Bury 019B,-2.32164,53.5384,150
E01004986,Bury 020B,-2.29614,53.54505,1250
E01004987,Bury 020C,-2.29101,53.55612,300
E01004988,Bury 020D,-2.29041,53.55076,800
E01004989,Bury 019C,-2.30123,53.55239,1000
E01004990,Bury 016A,-2.34553,53.56299,150
E01004991,Bury 015A,-2.30477,53.57188,500
E01004992,Bury 015B,-2.30979,53.56218,1000
E01004993,Bury 015C,-2.3032,53.56362,600
E01004994,Bury 015D,-2.32187,53.56508,100
E01004995,Bury 018A,-2.34881,53.55995,200
E01004996,Bury 016B,-2.33598,53.56391,450
E01004997,Bury 014A,-2.33316,53.5666,175
E01004998,Bury 014B,-2.34208,53.57406,150
E01004999,Bury 014C,-2.32769,53.57606,225
E01005000,Bury 012A,-2.36363,53.57559,1000
E01005001,Bury 012B,-2.37089,53.57098,150
E01005002,Bury 014D,-2.35027,53.56895,100
E01005003,Bury 014E,-2.33808,53.56945,100
E01005004,Bury 016C,-2.3441,53.56723,125
E01005005,Bury 012C,-2.3617,53.58765,300
E01005006,Bury 012D,-2.34097,53.58527,225
E01005007,Bury 019D,-2.29844,53.55863,75
E01005008,Bury 016D,-2.3296,53.56119,1250
E01005009,Bury 016E,-2.32042,53.55877,900
E01005010,Bury 018B,-2.34711,53.55209,100
E01005011,Bury 019E,-2.30637,53.55396,125
E01005012,Bury 018C,-2.31332,53.55069,150
E01005013,Bury 018D,-2.32329,53.55336,600
E01005014,Bury 001A,-2.31733,53.65016,1500
E01005015,Bury 001B,-2.30522,53.65532,350
E01005016,Bury 001C,-2.32434,53.6492,250
E01005017,Bury 001D,-2.31297,53.64213,250
E01005018,Bury 001E,-2.32912,53.64299,350
E01005019,Bury 002A,-2.3303,53.63334,300
E01005020,Bury 003A,-2.31938,53.63589,100
E01005021,Bury 001F,-2.34611,53.64947,200
E01005022,Bury 003B,-2.30912,53.63246,500
E01005023,Bury 002B,-2.32578,53.62614,150
E01005024,Bury 008E,-2.28784,53.59478,4500
E01005025,Bury 011A,-2.30411,53.58405,900
E01005026,Bury 008F,-2.28551,53.58969,450
E01005027,Bury 011B,-2.30054,53.58923,6000
E01005028,Bury 011C,-2.28834,53.58339,125
E01005029,Bury 011D,-2.29223,53.58516,600
E01005030,Bury 013A,-2.31008,53.57955,225
E01005031,Bury 025A,-2.29354,53.52031,40
E01005032,Bury 025B,-2.29097,53.51557,600
E01005033,Bury 024B,-2.27778,53.52062,2500
E01005034,Bury 022D,-2.29134,53.53675,3500
E01005035,Bury 025C,-2.3044,53.52949,40
E01005036,Bury 024C,-2.28301,53.52987,1250
E01005037,Bury 024D,-2.28982,53.52537,125
E01005038,Bury 025D,-2.28618,53.52111,150
E01005039,Bury 023D,-2.27007,53.52771,400
E01005040,Bury 026A,-2.25229,53.52666,400
E01005041,Bury 026B,-2.25853,53.52324,350
E01005042,Bury 026C,-2.26992,53.52329,1250
E01005043,Bury 026D,-2.26282,53.52073,600
E01005044,Bury 026E,-2.26742,53.51919,1000
E01005045,Bury 023E,-2.27533,53.52761,300
E01005046,Bury 002C,-2.33114,53.6249,250
E01005047,Bury 003C,-2.3622,53.62028,400
E01005048,Bury 002D,-2.34018,53.62836,300
E01005049,Bury 003D,-2.33715,53.61854,800
E01005050,Bury 006C,-2.32968,53.60763,125
E01005051,Bury 003E,-2.33313,53.61289,150
E01005052,Bury 006D,-2.34214,53.60738,100
E01005053,Bury 006E,-2.34007,53.60193,300
E01005054,Bury 013B,-2.27049,53.57457,6000
E01005055,Bury 017B,-2.2874,53.56337,400
E01005056,Bury 017C,-2.27827,53.56061,350
E01005057,Bury 017D,-2.27595,53.56668,125
E01005058,Bury 017E,-2.28389,53.55737,75
E01005059,Bury 013C,-2.29089,53.5804,200
E01005060,Bury 013D,-2.29489,53.56906,700
E01005061,Manchester 018A,-2.20733,53.47057,6000
E01005063,Manchester 018C,-2.21456,53.46449,900
E01005065,Manchester 018D,-2.22271,53.47073,3000
E01005066,Manchester 018E,-2.23606,53.47121,600
E01005067,Manchester 020A,-2.19549,53.4685,400
E01005068,Manchester 051A,-2.28585,53.37904,125
E01005069,Manchester 047A,-2.30186,53.39623,1000
E01005070,Manchester 051B,-2.28694,53.3916,10000
E01005071,Manchester 048A,-2.28681,53.39555,125
E01005072,Manchester 048B,-2.28148,53.39387,350
E01005073,Manchester 048C,-2.27454,53.39551,50
E01005074,Manchester 051C,-2.27969,53.38658,600
E01005075,Manchester 051D,-2.2944,53.38587,1000
E01005076,Manchester 039A,-2.24008,53.42494,300
E01005077,Manchester 042A,-2.26494,53.42045,100
E01005078,Manchester 042B,-2.248,53.41918,500
E01005079,Manchester 042C,-2.25622,53.42178,1750
E01005081,Manchester 039C,-2.25924,53.43364,1000
E01005082,Manchester 037A,-2.27635,53.42851,400
E01005083,Manchester 039D,-2.24909,53.42487,3500
E01005084,Manchester 042D,-2.26541,53.42815,250
E01005085,Manchester 049A,-2.26424,53.39547,125
E01005086,Manchester 049B,-2.26062,53.39316,75
E01005087,Manchester 050A,-2.26701,53.39129,30
E01005088,Manchester 050B,-2.27101,53.38889,250
E01005089,Manchester 049C,-2.25973,53.38763,350
E01005090,Manchester 050C,-2.27159,53.38309,1500
E01005091,Manchester 050D,-2.26247,53.38428,400
E01005092,Manchester 015A,-2.18173,53.48446,250
E01005093,Manchester 012A,-2.17498,53.48448,45
E01005094,Manchester 012B,-2.17385,53.48173,700
E01005097,Manchester 012C,-2.17846,53.48887,225
E01005098,Manchester 001A,-2.23535,53.53662,450
E01005099,Manchester 001B,-2.21272,53.53762,175
E01005100,Manchester 001C,-2.22411,53.5368,400
E01005101,Manchester 002A,-2.21964,53.53032,450
E01005102,Manchester 001D,-2.23709,53.53413,100
E01005103,Manchester 001E,-2.22889,53.53002,225
E01005104,Manchester 004A,-2.23509,53.52731,150
E01005105,Manchester 015C,-2.20343,53.47571,500
E01005106,Manchester 015D,-2.18883,53.4758,4000
E01005107,Manchester 015E,-2.17534,53.47638,2000
E01005111,Manchester 047B,-2.30618,53.40746,30
E01005112,Manchester 048D,-2.27628,53.40057,75
E01005113,Manchester 047C,-2.30331,53.40234,350
E01005114,Manchester 047D,-2.31095,53.40415,250
E01005115,Manchester 044A,-2.28945,53.40708,100
E01005116,Manchester 047E,-2.2995,53.40536,1000
E01005117,Manchester 048E,-2.28643,53.4029,500
E01005118,Manchester 034A,-2.20495,53.43386,250
E01005119,Manchester 041A,-2.20401,53.4258,150
E01005120,Manchester 034B,-2.19935,53.43309,125
E01005121,Manchester 041B,-2.20827,53.42961,350
E01005122,Manchester 041C,-2.19637,53.43153,150
E01005123,Manchester 041D,-2.21386,53.42731,100
E01005124,Manchester 041E,-2.2079,53.42199,100
E01005125,Manchester 040A,-2.21482,53.42141,250
E01005126,Manchester 045A,-2.21497,53.41793,350
E01005128,Manchester 055A,-2.2387,53.47306,4000
E01005129,Manchester 061A,-2.21432,53.49284,1250
E01005130,Manchester 054A,-2.22283,53.49193,400
E01005132,Manchester 061B,-2.2119,53.48877,200
E01005135,Manchester 002B,-2.20656,53.53112,350
E01005136,Manchester 002C,-2.21386,53.52752,700
E01005138,Manchester 002D,-2.20243,53.52512,45
E01005139,Manchester 003B,-2.19827,53.52839,225
E01005141,Manchester 003C,-2.19563,53.52216,35
E01005142,Manchester 058A,-2.24593,53.50919,700
E01005143,Manchester 056A,-2.23758,53.50437,200
E01005145,Manchester 008A,-2.23813,53.50751,400
E01005147,Manchester 058B,-2.24077,53.49753,2500
E01005149,Manchester 008C,-2.23888,53.51044,250
E01005150,Manchester 029A,-2.27881,53.44321,1750
E01005151,Manchester 029B,-2.28806,53.44387,100
E01005152,Manchester 029C,-2.28233,53.4453,175
E01005153,Manchester 037B,-2.27952,53.43853,500
E01005154,Manchester 033A,-2.27454,53.44008,350
E01005155,Manchester 037C,-2.28939,53.43881,75
E01005156,Manchester 033B,-2.2684,53.43804,300
E01005157,Manchester 037D,-2.28786,53.43377,200
E01005158,Manchester 033C,-2.27135,53.43476,500
E01005159,Manchester 029D,-2.27838,53.44708,600
E01005160,Manchester 004B,-2.25282,53.53602,300
E01005161,Manchester 004C,-2.23714,53.52233,40
E01005162,Manchester 004D,-2.25237,53.52176,450
E01005163,Manchester 004E,-2.24161,53.52048,100
E01005164,Manchester 006A,-2.22839,53.51941,4000
E01005165,Manchester 008D,-2.24431,53.51577,1000
E01005166,Manchester 008E,-2.23748,53.51594,300
E01005167,Manchester 008F,-2.23005,53.51396,800
E01005168,Manchester 045B,-2.22131,53.41287,500
E01005169,Manchester 045C,-2.23082,53.40913,2500
E01005170,Manchester 045D,-2.23611,53.4042,75
E01005171,Manchester 045E,-2.22133,53.40621,1000
E01005172,Manchester 043A,-2.23679,53.42128,225
E01005173,Manchester 043B,-2.24352,53.41614,200
E01005174,Manchester 043C,-2.22684,53.42012,150
E01005175,Manchester 043D,-2.22361,53.41668,200
E01005176,Manchester 043E,-2.22966,53.41582,2000
E01005177,Manchester 043F,-2.23573,53.41497,500
E01005178,Manchester 030A,-2.2394,53.44691,300
E01005179,Manchester 030B,-2.25441,53.44611,400
E01005180,Manchester 030C,-2.22984,53.44665,150
E01005181,Manchester 030D,-2.25111,53.44266,450
E01005182,Manchester 030E,-2.24409,53.44821,1500
E01005183,Manchester 030F,-2.24019,53.44323,125
E01005184,Manchester 032A,-2.22157,53.44581,450
E01005185,Manchester 032B,-2.21921,53.44312,350
E01005186,Manchester 020B,-2.18479,53.46702,1500
E01005187,Manchester 021A,-2.15977,53.4681,45
E01005188,Manchester 021B,-2.15314,53.46672,300
E01005189,Manchester 017D,-2.17422,53.46504,1500
E01005190,Manchester 017E,-2.16847,53.46644,125
E01005191,Manchester 021C,-2.16795,53.46379,125
E01005192,Manchester 021D,-2.15888,53.46027,300
E01005193,Manchester 021E,-2.16105,53.45564,175
E01005195,Manchester 023A,-2.17812,53.4542,250
E01005197,Manchester 023C,-2.16986,53.45913,250
E01005198,Manchester 023D,-2.18546,53.45536,100
E01005199,Manchester 064C,-2.18618,53.44822,100
E01005200,Manchester 064A,-2.17724,53.44833,500
E01005201,Manchester 023E,-2.17976,53.46035,100
E01005202,Manchester 009A,-2.20334,53.50328,5000
E01005203,Manchester 009B,-2.21753,53.50747,200
E01005205,Manchester 006B,-2.2118,53.51248,1500
E01005206,Manchester 006C,-2.21811,53.5149,450
E01005207,Manchester 006D,-2.20768,53.51645,75
E01005208,Manchester 019A,-2.24862,53.46389,4000
E01005210,Manchester 019C,-2.2408,53.46573,1500
E01005212,Manchester 057A,-2.2455,53.46881,1750
E01005213,Manchester 059A,-2.26052,53.46774,225
E01005214,Manchester 019D,-2.25406,53.46659,300
E01005215,Manchester 034C,-2.18118,53.43635,300
E01005216,Manchester 034D,-2.19184,53.43843,125
E01005217,Manchester 034E,-2.20208,53.43811,350
E01005218,Manchester 034F,-2.1997,53.44196,350
E01005219,Manchester 031A,-2.19557,53.4458,500
E01005220,Manchester 031B,-2.18587,53.44556,300
E01005221,Manchester 031C,-2.19054,53.44286,800
E01005222,Manchester 031D,-2.18139,53.44023,500
E01005223,Manchester 007A,-2.19949,53.51589,150
E01005224,Manchester 007B,-2.19938,53.51138,450
E01005225,Manchester 007C,-2.18938,53.51041,200
E01005226,Manchester 007D,-2.19501,53.51201,200
E01005227,Manchester 009D,-2.2046,53.50942,75
E01005228,Manchester 009E,-2.19284,53.50622,45
E01005229,Manchester 007E,-2.19317,53.51732,125
E01005230,Manchester 022B,-2.20811,53.45824,300
E01005231,Manchester 022C,-2.2155,53.45798,225
E01005232,Manchester 020C,-2.19462,53.46172,2250
E01005233,Manchester 063B,-2.1923,53.4552,125
E01005234,Manchester 063A,-2.1976,53.45527,700
E01005235,Manchester 020D,-2.18838,53.45934,300
E01005236,Manchester 022D,-2.20868,53.45558,175
E01005237,Manchester 022E,-2.20178,53.45347,500
E01005238,Manchester 063D,-2.19726,53.45044,200
E01005239,Manchester 020E,-2.20752,53.46383,400
E01005243,Manchester 024B,-2.25456,53.45686,400
E01005244,Manchester 025C,-2.23141,53.456,500
E01005245,Manchester 024C,-2.24313,53.45671,175
E01005246,Manchester 024D,-2.24383,53.45483,125
E01005247,Manchester 005A,-2.16373,53.51495,75
E01005248,Manchester 005B,-2.17457,53.51273,75
E01005249,Manchester 005C,-2.18191,53.51324,250
E01005250,Manchester 005D,-2.17438,53.51903,250
E01005251,Manchester 003D,-2.1711,53.52467,300
E01005252,Manchester 003E,-2.18047,53.52215,150
E01005253,Manchester 005E,-2.16854,53.51884,75
E01005254,Manchester 005F,-2.15927,53.51899,100
E01005255,Manchester 012D,-2.17758,53.49359,35
E01005256,Manchester 011A,-2.18298,53.502,1750
E01005257,Manchester 011B,-2.20005,53.49583,4000
E01005258,Manchester 011C,-2.16952,53.49907,175
E01005259,Manchester 011D,-2.1769,53.49795,350
E01005260,Manchester 011E,-2.16794,53.49541,225
E01005261,Manchester 012E,-2.18127,53.49645,200
E01005262,Manchester 044B,-2.29286,53.41145,75
E01005263,Manchester 046A,-2.24996,53.40337,700
E01005264,Manchester 044C,-2.27383,53.41148,200
E01005265,Manchester 044D,-2.27871,53.4094,250
E01005266,Manchester 044E,-2.28465,53.41329,175
E01005267,Manchester 046B,-2.26687,53.4147,175
E01005268,Manchester 046C,-2.25653,53.40775,1000
E01005269,Manchester 046D,-2.26217,53.40156,1750
E01005270,Manchester 035A,-2.23724,53.43718,40
E01005271,Manchester 032C,-2.22367,53.43922,700
E01005272,Manchester 035B,-2.24609,53.43532,125
E01005273,Manchester 035C,-2.22865,53.43634,175
E01005274,Manchester 038A,-2.236,53.43291,700
E01005275,Manchester 038B,-2.23751,53.42954,200
E01005276,Manchester 038C,-2.23135,53.43037,400
E01005277,Manchester 038D,-2.23253,53.42603,4000
E01005278,Manchester 035D,-2.2317,53.43968,75
E01005279,Manchester 035E,-2.25525,53.43772,450
E01005280,Manchester 026A,-2.20629,53.44696,300
E01005281,Manchester 026B,-2.21464,53.44897,500
E01005284,Manchester 026C,-2.22108,53.45583,700
E01005285,Manchester 025D,-2.22778,53.45366,50
E01005286,Manchester 026D,-2.21593,53.45293,500
E01005287,Manchester 026E,-2.20694,53.45235,150
E01005288,Manchester 025E,-2.22561,53.45286,1250
E01005289,Manchester 049D,-2.25387,53.38675,175
E01005290,Manchester 052A,-2.24809,53.38511,300
E01005291,Manchester 050E,-2.25524,53.38149,2000
E01005292,Manchester 052B,-2.24564,53.38055,175
E01005293,Manchester 052C,-2.25646,53.37753,25
E01005294,Manchester 052D,-2.24548,53.37502,75
E01005295,Manchester 049E,-2.253,53.39372,4000
E01005296,Manchester 029E,-2.2741,53.44883,125
E01005297,Manchester 028A,-2.25975,53.44742,250
E01005298,Manchester 028B,-2.26881,53.44976,150
E01005299,Manchester 029F,-2.26737,53.44555,100
E01005300,Manchester 033D,-2.26208,53.44179,150
E01005301,Manchester 033E,-2.26686,53.44131,350
E01005302,Manchester 028C,-2.26338,53.45353,250
E01005304,Manchester 040B,-2.22404,53.43406,225
E01005305,Manchester 036A,-2.21504,53.43236,50
E01005306,Manchester 040C,-2.22527,53.42364,125
E01005307,Manchester 040D,-2.22433,53.42905,400
E01005308,Manchester 040E,-2.22095,53.4253,125
E01005309,Manchester 036B,-2.21915,53.43895,400
E01005310,Manchester 036C,-2.21051,53.43894,20
E01005311,Manchester 036D,-2.21071,53.43595,300
E01005312,Manchester 036E,-2.21589,53.43705,40
E01005313,Manchester 053A,-2.26262,53.37637,10
E01005314,Manchester 053B,-2.26321,53.37302,350
E01005315,Manchester 053C,-2.27317,53.37333,450
E01005316,Manchester 053D,-2.28622,53.36082,26000
E01005317,Manchester 052E,-2.25168,53.36766,7000
E01005318,Manchester 053E,-2.26393,53.36795,3500
E01005319,Manchester 051E,-2.27621,53.37899,50
E01005320,Oldham 024A,-2.1068,53.53101,450
E01005321,Oldham 022A,-2.0977,53.53082,450
E01005322,Oldham 029A,-2.10742,53.52659,2250
E01005323,Oldham 029B,-2.10757,53.52007,50
E01005324,Oldham 029C,-2.0998,53.5201,250
E01005325,Oldham 029D,-2.09921,53.52442,100
E01005326,Oldham 022B,-2.10413,53.53608,400
E01005327,Oldham 017A,-2.14946,53.54207,450
E01005328,Oldham 017B,-2.14033,53.54171,1500
E01005329,Oldham 015A,-2.16641,53.54431,125
E01005330,Oldham 015B,-2.1628,53.5384,5000
E01005331,Oldham 017C,-2.14353,53.53767,75
E01005332,Oldham 028A,-2.14918,53.53225,1250
E01005333,Oldham 015C,-2.16634,53.54883,250
E01005334,Oldham 017D,-2.15111,53.54936,100
E01005335,Oldham 010A,-2.16662,53.5525,125
E01005336,Oldham 015D,-2.15513,53.55393,100
E01005337,Oldham 010B,-2.13547,53.55218,125
E01005338,Oldham 017E,-2.14151,53.54798,1500
E01005339,Oldham 010C,-2.15599,53.55784,450
E01005340,Oldham 010D,-2.14347,53.5521,250
E01005341,Oldham 028B,-2.15392,53.52884,50
E01005342,Oldham 027A,-2.14062,53.52572,350
E01005343,Oldham 027B,-2.14959,53.5286,150
E01005344,Oldham 027C,-2.14793,53.52732,250
E01005345,Oldham 028C,-2.16527,53.52902,3500
E01005346,Oldham 028D,-2.16093,53.52466,400
E01005347,Oldham 028E,-2.15159,53.5211,1000
E01005348,Oldham 014A,-2.11577,53.55032,150
E01005349,Oldham 016A,-2.12412,53.54658,600
E01005350,Oldham 014B,-2.1184,53.54556,3000
E01005351,Oldham 016B,-2.1303,53.54797,1000
E01005352,Oldham 016C,-2.13333,53.5432,125
E01005353,Oldham 016D,-2.12741,53.54108,900
E01005354,Oldham 016E,-2.12513,53.55254,14000
E01005355,Oldham 005A,-2.10337,53.57351,100
E01005356,Oldham 005B,-2.10465,53.56954,250
E01005357,Oldham 001A,-2.10363,53.59172,100
E01005358,Oldham 001B,-2.10071,53.58283,100
E01005359,Oldham 001C,-2.11898,53.58684,350
E01005360,Oldham 001D,-2.1168,53.57987,100
E01005361,Oldham 003A,-2.10556,53.57705,100
E01005362,Oldham 031A,-2.14416,53.51561,700
E01005363,Oldham 032A,-2.15298,53.50981,1000
E01005364,Oldham 031B,-2.14526,53.51175,50
E01005365,Oldham 033A,-2.12764,53.50429,175
E01005366,Oldham 033B,-2.14903,53.50663,350
E01005367,Oldham 033C,-2.14124,53.49895,150
E01005368,Oldham 031C,-2.15251,53.51492,800
E01005369,Oldham 032B,-2.16926,53.50973,350
E01005370,Oldham 032C,-2.17085,53.50436,600
E01005371,Oldham 032D,-2.16047,53.50992,700
E01005372,Oldham 034A,-2.15833,53.50449,175
E01005373,Oldham 034B,-2.15684,53.50124,75
E01005374,Oldham 034C,-2.16487,53.50059,25
E01005375,Oldham 034D,-2.15688,53.49702,300
E01005376,Oldham 031D,-2.14139,53.521,3000
E01005377,Oldham 030A,-2.12519,53.51724,250
E01005378,Oldham 031E,-2.13575,53.51758,600
E01005379,Oldham 030B,-2.12933,53.51837,75
E01005380,Oldham 030C,-2.13163,53.51117,100
E01005381,Oldham 027D,-2.13267,53.52567,800
E01005382,Oldham 030D,-2.12859,53.52227,350
E01005383,Oldham 026A,-2.08534,53.52951,100
E01005386,Oldham 026D,-2.06446,53.5259,75
E01005387,Oldham 018A,-2.06771,53.54861,50
E01005388,Oldham 018B,-2.07095,53.54337,350
E01005389,Oldham 018C,-2.06592,53.53222,500
E01005390,Oldham 004A,-2.13022,53.57154,100
E01005391,Oldham 008A,-2.14214,53.5649,75
E01005392,Oldham 008B,-2.12581,53.56386,600
E01005393,Oldham 008C,-2.13436,53.56047,1250
E01005394,Oldham 004B,-2.14111,53.57819,150
E01005395,Oldham 004C,-2.12771,53.57563,125
E01005396,Oldham 004D,-2.13548,53.57336,100
E01005397,Oldham 009A,-2.10404,53.56099,1750
E01005398,Oldham 009B,-2.12079,53.5602,800
E01005399,Oldham 005C,-2.10732,53.5656,175
E01005400,Oldham 009C,-2.11682,53.56387,1250
E01005401,Oldham 008D,-2.12965,53.5576,100
E01005402,Oldham 009D,-2.11545,53.55552,75
E01005403,Oldham 005D,-2.11733,53.57107,225
E01005406,Oldham 021A,-2.03803,53.53702,225
E01005407,Oldham 013A,-2.0227,53.54164,250
E01005408,Oldham 020C,-2.01005,53.53655,800
E01005409,Oldham 020D,-1.96938,53.52869,300
E01005410,Oldham 006A,-1.97081,53.56412,400
E01005411,Oldham 006B,-2.00547,53.55753,500
E01005412,Oldham 013B,-2.01632,53.55391,1000
E01005413,Oldham 021B,-2.05354,53.53553,200
E01005414,Oldham 006C,-2.01521,53.5946,450
E01005415,Oldham 006D,-2.02109,53.57182,100
E01005416,Oldham 013C,-2.03608,53.55873,800
E01005417,Oldham 013D,-2.05721,53.55229,500
E01005418,Oldham 018D,-2.05895,53.54202,125
E01005419,Oldham 021C,-2.06459,53.53906,225
E01005420,Oldham 021D,-2.0569,53.54454,200
E01005421,Oldham 011A,-2.08774,53.55862,800
E01005422,Oldham 011B,-2.09349,53.55642,125
E01005427,Oldham 022C,-2.10244,53.53946,1750
E01005428,Oldham 019A,-2.09255,53.54319,1750
E01005429,Oldham 022D,-2.09546,53.53911,600
E01005430,Oldham 022E,-2.09126,53.53545,100
E01005431,Oldham 019B,-2.08365,53.53453,450
E01005432,Oldham 014C,-2.10294,53.54954,1750
E01005433,Oldham 014D,-2.10815,53.54612,2000
E01005434,Oldham 024B,-2.11256,53.53555,6000
E01005435,Oldham 037B,-2.12015,53.53087,450
E01005436,Oldham 037D,-2.12445,53.52677,125
E01005437,Oldham 024C,-2.11707,53.52914,100
E01005438,Oldham 029E,-2.11631,53.52364,700
E01005439,Oldham 030E,-2.12065,53.52226,300
E01005440,Oldham 033D,-2.11242,53.51186,300
E01005441,Oldham 002A,-2.08756,53.58896,50
E01005442,Oldham 002B,-2.08286,53.58805,50
E01005443,Oldham 003B,-2.07437,53.58375,250
E01005444,Oldham 002C,-2.09363,53.5813,450
E01005445,Oldham 002D,-2.09271,53.57873,700
E01005446,Oldham 003C,-2.08437,53.57789,600
E01005447,Oldham 003D,-2.09401,53.57222,800
E01005448,Oldham 012A,-2.08403,53.54612,150
E01005449,Oldham 012B,-2.07679,53.54552,250
E01005450,Oldham 019C,-2.08759,53.54378,200
E01005451,Oldham 019D,-2.08158,53.54027,35
E01005452,Oldham 007C,-2.06049,53.56806,75
E01005453,Oldham 007D,-2.07066,53.56072,125
E01005454,Oldham 012C,-2.07502,53.55393,100
E01005455,Oldham 012D,-2.08133,53.55441,125
E01005456,Oldham 012E,-2.08259,53.54933,150
E01005459,Oldham 024D,-2.12085,53.53728,800
E01005460,Oldham 036C,-2.13855,53.53388,225
E01005461,Oldham 037A,-2.1226,53.53361,350
E01005462,Oldham 037C,-2.12804,53.53019,150
E01005463,Oldham 036D,-2.13536,53.53129,225
E01005464,Rochdale 016A,-2.1572,53.59906,350
E01005465,Rochdale 016B,-2.14397,53.59832,450
E01005466,Rochdale 016C,-2.1565,53.59363,300
E01005467,Rochdale 016D,-2.14677,53.58949,75
E01005468,Rochdale 016E,-2.13354,53.5905,1500
E01005469,Rochdale 012A,-2.14399,53.60214,800
E01005470,Rochdale 015A,-2.15567,53.60692,200
E01005471,Rochdale 015B,-2.16276,53.60299,2000
E01005472,Rochdale 010A,-2.17401,53.60746,200
E01005473,Rochdale 010B,-2.1679,53.60435,450
E01005474,Rochdale 011A,-2.18786,53.60557,175
E01005475,Rochdale 015C,-2.15359,53.60361,175
E01005476,Rochdale 017A,-2.18935,53.5889,175
E01005477,Rochdale 017B,-2.17916,53.59345,1500
E01005478,Rochdale 017C,-2.16692,53.59163,1500
E01005479,Rochdale 017D,-2.17297,53.57946,300
E01005480,Rochdale 017E,-2.17638,53.60001,900
E01005481,Rochdale 017F,-2.18764,53.59841,450
E01005482,Rochdale 010C,-2.15747,53.61894,5000
E01005483,Rochdale 010D,-2.16466,53.62025,225
E01005484,Rochdale 010E,-2.16538,53.61301,2500
E01005485,Rochdale 015D,-2.15833,53.6104,1000
E01005486,Rochdale 010F,-2.15871,53.62387,5000
E01005487,Rochdale 010G,-2.16746,53.62214,450
E01005488,Rochdale 006A,-2.19709,53.64059,75
E01005489,Rochdale 005A,-2.16049,53.63693,125
E01005490,Rochdale 005B,-2.15031,53.6372,350
E01005491,Rochdale 005C,-2.16901,53.63533,200
E01005492,Rochdale 006B,-2.18455,53.63505,100
E01005493,Rochdale 005D,-2.17407,53.63037,250
E01005494,Rochdale 005E,-2.16438,53.62996,175
E01005495,Rochdale 005F,-2.15092,53.62993,800
E01005496,Rochdale 009A,-2.18296,53.62952,250
E01005497,Rochdale 018A,-2.22675,53.59803,450
E01005498,Rochdale 020A,-2.21345,53.60206,250
E01005499,Rochdale 006C,-2.23599,53.61362,350
E01005500,Rochdale 020B,-2.20056,53.59754,500
E01005501,Rochdale 018B,-2.21426,53.59316,2000
E01005502,Rochdale 018C,-2.21608,53.5891,250
E01005503,Rochdale 020C,-2.21937,53.58358,350
E01005504,Rochdale 018D,-2.22257,53.5906,600
E01005505,Rochdale 018E,-2.22868,53.58644,2250
E01005506,Rochdale 020D,-2.21328,53.58517,125
E01005507,Rochdale 020E,-2.20418,53.58713,1500
E01005508,Rochdale 020F,-2.23043,53.57249,1250
E01005509,Rochdale 018F,-2.22754,53.59182,250
E01005510,Rochdale 019A,-2.23801,53.59737,40
E01005511,Rochdale 019B,-2.24944,53.59532,175
E01005512,Rochdale 019C,-2.23805,53.59246,175
E01005513,Rochdale 019D,-2.24612,53.5904,20
E01005514,Rochdale 019E,-2.27505,53.58401,7000
E01005515,Rochdale 019F,-2.24377,53.58472,1000
E01005516,Rochdale 003A,-2.10824,53.63354,150
E01005517,Rochdale 003B,-2.10439,53.63097,225
E01005518,Rochdale 001A,-2.0903,53.66668,175
E01005519,Rochdale 002A,-2.11343,53.65144,75
E01005520,Rochdale 001B,-2.08906,53.65272,900
E01005521,Rochdale 003C,-2.06849,53.64057,400
E01005522,Rochdale 001C,-2.09511,53.64499,500
E01005523,Rochdale 001D,-2.10631,53.64144,500
E01005524,Rochdale 021A,-2.20019,53.55518,250
E01005525,Rochdale 021B,-2.19345,53.56381,175
E01005526,Rochdale 021C,-2.19183,53.57154,700
E01005527,Rochdale 022A,-2.20986,53.55973,175
E01005528,Rochdale 021D,-2.19853,53.56138,45
E01005529,Rochdale 022B,-2.20755,53.55691,300
E01005530,Rochdale 025A,-2.18846,53.54405,100
E01005531,Rochdale 025B,-2.18598,53.53258,50
E01005532,Rochdale 025C,-2.18087,53.53848,40
E01005533,Rochdale 024A,-2.19516,53.54692,300
E01005534,Rochdale 023A,-2.17891,53.54548,200
E01005535,Rochdale 023B,-2.17762,53.54246,300
E01005536,Rochdale 021E,-2.19041,53.55776,175
E01005537,Rochdale 023C,-2.17679,53.55846,30
E01005538,Rochdale 023D,-2.18275,53.55739,225
E01005539,Rochdale 024B,-2.19495,53.55218,3000
E01005540,Rochdale 023E,-2.17844,53.55217,400
E01005541,Rochdale 023F,-2.18561,53.5514,800
E01005542,Rochdale 023G,-2.1778,53.54759,450
E01005543,Rochdale 021F,-2.16451,53.57025,3000
E01005544,Rochdale 025D,-2.20082,53.53556,75
E01005545,Rochdale 025E,-2.19368,53.53509,300
E01005546,Rochdale 024C,-2.21982,53.54794,175
E01005547,Rochdale 024D,-2.22733,53.5434,500
E01005548,Rochdale 024E,-2.20265,53.54908,1250
E01005549,Rochdale 025F,-2.20335,53.54129,300
E01005550,Rochdale 025G,-2.19129,53.5397,100
E01005551,Rochdale 022C,-2.21401,53.56194,100
E01005552,Rochdale 022D,-2.22361,53.55443,100
E01005553,Rochdale 022E,-2.21305,53.55457,75
E01005554,Rochdale 022F,-2.22383,53.56342,700
E01005555,Rochdale 014A,-2.10515,53.62004,350
E01005556,Rochdale 013A,-2.11449,53.6125,600
E01005557,Rochdale 014B,-2.10212,53.61209,30
E01005558,Rochdale 014C,-2.10305,53.60722,800
E01005559,Rochdale 013B,-2.11959,53.60996,400
E01005560,Rochdale 013C,-2.11199,53.60021,350
E01005561,Rochdale 014D,-2.06311,53.61084,350
E01005562,Rochdale 014E,-2.09953,53.6018,300
E01005563,Rochdale 012B,-2.13704,53.60724,1750
E01005564,Rochdale 015E,-2.14865,53.60849,3500
E01005565,Rochdale 012C,-2.13579,53.601,125
E01005566,Rochdale 012D,-2.12995,53.61644,600
E01005567,Rochdale 013D,-2.12648,53.60356,4500
E01005568,Rochdale 012E,-2.14077,53.61174,300
E01005569,Rochdale 012F,-2.13485,53.61215,100
E01005570,Rochdale 007A,-2.20849,53.63059,175
E01005571,Rochdale 006D,-2.22924,53.6346,150
E01005572,Rochdale 007B,-2.20673,53.62445,350
E01005573,Rochdale 007C,-2.21357,53.62148,150
E01005574,Rochdale 007D,-2.20165,53.61827,400
E01005575,Rochdale 011B,-2.20795,53.61018,200
E01005576,Rochdale 011C,-2.1983,53.61305,100
E01005577,Rochdale 011D,-2.18982,53.61251,250
E01005578,Rochdale 004A,-2.13784,53.62955,700
E01005579,Rochdale 004B,-2.13186,53.62434,50
E01005580,Rochdale 008A,-2.15042,53.62495,1000
E01005581,Rochdale 008B,-2.14061,53.62715,300
E01005583,Rochdale 008D,-2.14966,53.62058,700
E01005585,Rochdale 008F,-2.14191,53.61718,800
E01005586,Rochdale 004C,-2.13932,53.63542,175
E01005587,Rochdale 007E,-2.19574,53.62639,100
E01005588,Rochdale 007F,-2.19085,53.62335,200
E01005589,Rochdale 009B,-2.177,53.62276,250
E01005590,Rochdale 009C,-2.17372,53.61535,1000
E01005591,Rochdale 009D,-2.18391,53.62242,300
E01005592,Rochdale 009E,-2.18197,53.61482,250
E01005593,Rochdale 004D,-2.1252,53.64043,700
E01005594,Rochdale 002B,-2.14575,53.64802,400
E01005595,Rochdale 004E,-2.12886,53.6374,400
E01005596,Rochdale 003D,-2.12002,53.63402,500
E01005597,Rochdale 002C,-2.13281,53.66535,125
E01005598,Rochdale 002D,-2.11084,53.64336,225
E01005599,Salford 026A,-2.33445,53.48098,800
E01005600,Salford 026B,-2.34325,53.4789,150
E01005601,Salford 026C,-2.3518,53.48037,250
E01005602,Salford 026D,-2.3503,53.47741,300
E01005603,Salford 027A,-2.36047,53.47936,400
E01005604,Salford 027B,-2.36247,53.4732,225
E01005605,Salford 027C,-2.37524,53.47114,800
E01005610,Salford 034C,-2.2721,53.49056,1250
E01005611,Salford 032C,-2.26556,53.49894,225
E01005612,Salford 031B,-2.25721,53.50367,1250
E01005613,Salford 031A,-2.24985,53.50639,700
E01005614,Salford 031C,-2.2552,53.50625,600
E01005615,Salford 032D,-2.26479,53.50292,600
E01005616,Salford 030A,-2.44809,53.42592,75
E01005617,Salford 030B,-2.44463,53.43612,125
E01005618,Salford 030C,-2.4242,53.43042,3000
E01005619,Salford 030D,-2.44307,53.42097,300
E01005620,Salford 030E,-2.42008,53.4413,1750
E01005621,Salford 030F,-2.45871,53.44772,1500
E01005622,Salford 018A,-2.30984,53.49962,225
E01005623,Salford 018B,-2.30603,53.49409,600
E01005624,Salford 017A,-2.30265,53.50098,100
E01005625,Salford 015A,-2.32493,53.49927,50
E01005626,Salford 018C,-2.31623,53.49933,250
E01005627,Salford 015B,-2.32216,53.4957,125
E01005628,Salford 018D,-2.30074,53.4943,350
E01005629,Salford 021A,-2.31225,53.49534,125
E01005630,Salford 021B,-2.31726,53.49212,300
E01005631,Salford 020A,-2.33655,53.48623,1750
E01005632,Salford 020B,-2.35124,53.48728,2500
E01005633,Salford 020C,-2.33215,53.49398,400
E01005634,Salford 020D,-2.34893,53.49384,350
E01005635,Salford 020E,-2.33373,53.48965,200
E01005636,Salford 020F,-2.34313,53.49061,350
E01005637,Salford 020G,-2.35456,53.49138,500
E01005638,Salford 027D,-2.35397,53.4842,600
E01005639,Salford 029A,-2.41808,53.45539,35
E01005640,Salford 029B,-2.40077,53.46379,800
E01005641,Salford 029C,-2.41274,53.45418,300
E01005642,Salford 029D,-2.40922,53.45136,250
E01005643,Salford 029E,-2.4236,53.46226,300
E01005644,Salford 029F,-2.41469,53.44585,100
E01005645,Salford 029G,-2.42651,53.44702,100
E01005646,Salford 010A,-2.25005,53.51492,800
E01005647,Salford 011A,-2.26877,53.51561,500
E01005648,Salford 011B,-2.2758,53.51149,250
E01005649,Salford 010B,-2.2605,53.51406,600
E01005650,Salford 010C,-2.26174,53.50828,700
E01005651,Salford 010D,-2.25018,53.51165,600
E01005652,Salford 011C,-2.283,53.51043,75
E01005653,Salford 011D,-2.28398,53.50538,175
E01005654,Salford 023A,-2.29463,53.48371,225
E01005656,Salford 023B,-2.29813,53.48515,20
E01005657,Salford 023C,-2.29595,53.48766,350
E01005659,Salford 001A,-2.43623,53.53525,300
E01005660,Salford 001B,-2.42437,53.53311,150
E01005661,Salford 004A,-2.43838,53.52709,1250
E01005662,Salford 004B,-2.43754,53.52975,600
E01005663,Salford 001C,-2.41628,53.52645,700
E01005664,Salford 001D,-2.43016,53.53769,600
E01005665,Salford 001E,-2.4228,53.53794,75
E01005667,Salford 035C,-2.27703,53.47466,500
E01005670,Salford 005A,-2.32982,53.51895,350
E01005671,Salford 012A,-2.32953,53.5132,1250
E01005672,Salford 005B,-2.33544,53.5144,900
E01005673,Salford 008A,-2.31309,53.51128,600
E01005674,Salford 012B,-2.32401,53.50895,350
E01005676,Salford 005C,-2.34739,53.53284,150
E01005677,Salford 005D,-2.33539,53.52844,1000
E01005678,Salford 008C,-2.31821,53.52415,900
E01005679,Salford 008D,-2.31966,53.51855,75
E01005680,Salford 017B,-2.29457,53.49571,3500
E01005681,Salford 024C,-2.28329,53.49038,350
E01005682,Salford 024D,-2.28149,53.48669,400
E01005683,Salford 017C,-2.28445,53.49718,1000
E01005686,Salford 006A,-2.34241,53.51575,1250
E01005687,Salford 009A,-2.36084,53.51394,1750
E01005688,Salford 006B,-2.34234,53.52012,35
E01005689,Salford 009B,-2.34644,53.51269,125
E01005690,Salford 009C,-2.34548,53.5087,500
E01005691,Salford 006C,-2.35772,53.52113,50
E01005692,Salford 006D,-2.34044,53.52379,1250
E01005693,Salford 009D,-2.35505,53.51779,1250
E01005694,Salford 012C,-2.33487,53.50019,450
E01005695,Salford 014A,-2.35851,53.49809,200
E01005696,Salford 012D,-2.34538,53.5008,100
E01005697,Salford 014B,-2.35103,53.50371,300
E01005698,Salford 012E,-2.33282,53.50594,450
E01005699,Salford 015C,-2.31478,53.50702,450
E01005700,Salford 012F,-2.33816,53.50951,2500
E01005701,Salford 015D,-2.32086,53.50507,250
E01005702,Salford 003A,-2.40342,53.53375,1250
E01005703,Salford 002A,-2.41341,53.53384,25
E01005704,Salford 002B,-2.41905,53.53355,250
E01005706,Salford 002C,-2.41121,53.52929,250
E01005707,Salford 003C,-2.39392,53.53078,150
E01005708,Salford 002D,-2.40186,53.52702,3000
E01005709,Salford 004C,-2.4268,53.52253,45
E01005710,Salford 004D,-2.41398,53.52078,250
E01005711,Salford 007A,-2.37334,53.51843,175
E01005712,Salford 007B,-2.39499,53.51987,600
E01005713,Salford 007C,-2.40746,53.51505,75
E01005714,Salford 007D,-2.382,53.51621,300
E01005715,Salford 007E,-2.39674,53.51515,250
E01005716,Salford 013A,-2.41519,53.51055,300
E01005717,Salford 013B,-2.40323,53.51102,200
E01005718,Salford 007F,-2.40305,53.52138,700
E01005719,Salford 021C,-2.32578,53.485,28000
E01005721,Salford 023D,-2.30137,53.48899,75
E01005722,Salford 021E,-2.31197,53.48976,100
E01005723,Salford 021F,-2.30217,53.48045,5000
E01005724,Salford 021G,-2.32508,53.4917,450
E01005725,Salford 019A,-2.36474,53.49375,25
E01005726,Salford 019B,-2.37136,53.48845,100
E01005727,Salford 019C,-2.3631,53.49103,150
E01005728,Salford 019D,-2.3647,53.48786,225
E01005729,Salford 025A,-2.3628,53.48214,225
E01005730,Salford 025B,-2.37032,53.48161,600
E01005731,Salford 025C,-2.37695,53.47981,45
E01005732,Salford 025D,-2.38906,53.4744,500
E01005733,Salford 019E,-2.37585,53.49248,150
E01005734,Salford 013C,-2.41433,53.50288,350
E01005735,Salford 013D,-2.41441,53.50512,100
E01005736,Salford 013E,-2.42489,53.50368,150
E01005737,Salford 013F,-2.41724,53.49243,800
E01005738,Salford 014C,-2.3822,53.48779,700
E01005739,Salford 013G,-2.42559,53.49931,250
E01005740,Salford 014D,-2.37959,53.50981,200
E01005741,Salford 014E,-2.36896,53.5073,300
E01005742,Salford 014F,-2.35909,53.50786,125
E01005743,Stockport 009A,-2.12144,53.41835,175
E01005744,Stockport 009B,-2.11706,53.42951,8000
E01005745,Stockport 005A,-2.09782,53.43181,200
E01005746,Stockport 005B,-2.10012,53.42498,300
E01005747,Stockport 005C,-2.08975,53.43012,125
E01005748,Stockport 005D,-2.09082,53.42514,150
E01005749,Stockport 009C,-2.10941,53.42171,225
E01005750,Stockport 009D,-2.1308,53.41654,600
E01005751,Stockport 009E,-2.11573,53.41973,50
E01005752,Stockport 012A,-2.10212,53.41798,75
E01005753,Stockport 004A,-2.13232,53.42833,400
E01005754,Stockport 004B,-2.14166,53.4314,30
E01005755,Stockport 004C,-2.13886,53.42488,200
E01005756,Stockport 004D,-2.13597,53.43555,225
E01005757,Stockport 014A,-2.1432,53.41805,3500
E01005759,Stockport 023A,-2.16709,53.39429,450
E01005760,Stockport 023B,-2.16012,53.3974,500
E01005761,Stockport 026A,-2.18008,53.38987,1250
E01005762,Stockport 026B,-2.17624,53.39329,1500
E01005763,Stockport 026C,-2.1691,53.39039,100
E01005764,Stockport 016A,-2.16772,53.39881,200
E01005765,Stockport 018A,-2.17879,53.39838,100
E01005766,Stockport 014C,-2.16039,53.40108,1000
E01005767,Stockport 028A,-2.23423,53.38316,175
E01005768,Stockport 025A,-2.22976,53.39635,150
E01005769,Stockport 022A,-2.21343,53.40011,2000
E01005770,Stockport 025B,-2.24094,53.39348,350
E01005771,Stockport 025C,-2.23374,53.3946,450
E01005772,Stockport 028B,-2.22862,53.3886,300
E01005773,Stockport 028C,-2.21865,53.39024,800
E01005774,Stockport 028D,-2.20714,53.389,500
E01005775,Stockport 025D,-2.2398,53.38883,300
E01005776,Stockport 028E,-2.21987,53.38492,175
E01005777,Stockport 034A,-2.20707,53.37702,1500
E01005778,Stockport 022B,-2.19625,53.39569,2500
E01005779,Stockport 022C,-2.20068,53.39328,100
E01005780,Stockport 022D,-2.19283,53.39292,500
E01005781,Stockport 022E,-2.18772,53.39023,2500
E01005782,Stockport 030A,-2.18293,53.38418,175
E01005783,Stockport 030B,-2.19228,53.38456,175
E01005784,Stockport 030C,-2.2074,53.38289,1250
E01005785,Stockport 030D,-2.19751,53.38136,150
E01005786,Stockport 030E,-2.18981,53.3796,1000
E01005787,Stockport 034B,-2.19932,53.36928,175
E01005788,Stockport 034C,-2.19634,53.3678,450
E01005789,Stockport 039A,-2.18592,53.37188,1500
E01005790,Stockport 034D,-2.20715,53.37026,150
E01005791,Stockport 039B,-2.19087,53.36494,250
E01005792,Stockport 041A,-2.18254,53.36543,500
E01005793,Stockport 039C,-2.198,53.36005,1250
E01005794,Stockport 041B,-2.18334,53.3614,125
E01005795,Stockport 039D,-2.19047,53.35726,125
E01005796,Stockport 039E,-2.18136,53.37633,125
E01005797,Stockport 023C,-2.15198,53.39587,500
E01005798,Stockport 027A,-2.1503,53.39122,500
E01005799,Stockport 026D,-2.16494,53.38702,150
E01005800,Stockport 023D,-2.15836,53.38747,125
E01005801,Stockport 027B,-2.13626,53.38352,7000
E01005802,Stockport 027C,-2.14252,53.38685,175
E01005803,Stockport 027D,-2.14952,53.38397,100
E01005804,Stockport 023E,-2.15779,53.39402,150
E01005805,Stockport 035A,-2.11778,53.37073,175
E01005806,Stockport 033A,-2.13633,53.36987,350
E01005807,Stockport 035B,-2.12286,53.36666,175
E01005808,Stockport 037A,-2.15664,53.37032,175
E01005809,Stockport 037B,-2.14736,53.36255,300
E01005810,Stockport 037C,-2.15543,53.3601,250
E01005811,Stockport 037D,-2.15189,53.37943,100
E01005812,Stockport 037E,-2.1531,53.3735,250
E01005813,Stockport 033B,-2.14366,53.37598,3000
E01005814,Stockport 033C,-2.13434,53.37499,350
E01005815,Stockport 033D,-2.12361,53.37331,125
E01005816,Stockport 016B,-2.17263,53.40248,75
E01005817,Stockport 016C,-2.17,53.40509,200
E01005818,Stockport 018B,-2.19224,53.40013,500
E01005819,Stockport 018C,-2.19995,53.40134,1000
E01005820,Stockport 018D,-2.1787,53.40096,350
E01005821,Stockport 018E,-2.18811,53.40177,700
E01005822,Stockport 016D,-2.16354,53.40535,10000
E01005823,Stockport 018F,-2.18232,53.40361,150
E01005824,Stockport 024A,-2.13452,53.39932,225
E01005825,Stockport 019A,-2.1428,53.39377,900
E01005826,Stockport 024B,-2.12276,53.39445,100
E01005827,Stockport 024C,-2.12884,53.39496,75
E01005828,Stockport 024D,-2.12,53.39077,15
E01005829,Stockport 024E,-2.12594,53.38877,50
E01005830,Stockport 027E,-2.13774,53.39158,500
E01005831,Stockport 027F,-2.13205,53.3881,300
E01005832,Stockport 021A,-2.12019,53.40122,150
E01005833,Stockport 021B,-2.11747,53.39698,600
E01005834,Stockport 031A,-2.1161,53.38502,75
E01005835,Stockport 021C,-2.10053,53.3916,200
E01005836,Stockport 031B,-2.11281,53.38054,700
E01005837,Stockport 021D,-2.10604,53.38552,75
E01005838,Stockport 031C,-2.1232,53.38212,800
E01005839,Stockport 035C,-2.10299,53.37967,175
E01005840,Stockport 031D,-2.13089,53.37956,2000
E01005841,Stockport 035D,-2.10916,53.37419,200
E01005842,Stockport 038A,-2.09699,53.37547,300
E01005843,Stockport 021E,-2.11113,53.39315,150
E01005844,Stockport 036A,-2.22525,53.37633,4000
E01005845,Stockport 036B,-2.23202,53.3718,600
E01005846,Stockport 040A,-2.21594,53.36934,250
E01005847,Stockport 040B,-2.22324,53.36592,50
E01005848,Stockport 040C,-2.21146,53.3627,1250
E01005849,Stockport 036C,-2.23153,53.36664,200
E01005850,Stockport 040D,-2.22868,53.36217,800
E01005851,Stockport 036D,-2.23469,53.37697,125
E01005852,Stockport 013A,-2.20859,53.40981,3000
E01005853,Stockport 011A,-2.18516,53.41065,450
E01005854,Stockport 013B,-2.19005,53.41498,300
E01005855,Stockport 013C,-2.19894,53.41318,250
E01005856,Stockport 011B,-2.17793,53.41141,2500
E01005857,Stockport 013D,-2.19587,53.40747,100
E01005858,Stockport 013E,-2.2082,53.41521,400
E01005859,Stockport 008A,-2.18408,53.42105,500
E01005860,Stockport 011C,-2.17895,53.41826,150
E01005861,Stockport 011D,-2.17448,53.41357,1000
E01005862,Stockport 003A,-2.16953,53.42853,35
E01005863,Stockport 006A,-2.17507,53.42365,300
E01005864,Stockport 006B,-2.18434,53.42529,450
E01005865,Stockport 008B,-2.19148,53.42713,350
E01005866,Stockport 006C,-2.17697,53.42813,800
E01005867,Stockport 008C,-2.19281,53.41969,250
E01005868,Stockport 008D,-2.20224,53.42032,350
E01005869,Stockport 006D,-2.17966,53.43281,2000
E01005870,Stockport 015A,-2.13454,53.41095,250
E01005871,Stockport 015B,-2.13794,53.40603,500
E01005872,Stockport 019B,-2.14841,53.40637,700
E01005873,Stockport 015C,-2.12911,53.40627,50
E01005874,Stockport 019C,-2.14793,53.40341,1500
E01005875,Stockport 015D,-2.13387,53.4043,350
E01005876,Stockport 019D,-2.13954,53.39983,45
E01005877,Stockport 019E,-2.14846,53.39927,1750
E01005878,Stockport 020A,-2.08362,53.39083,225
E01005879,Stockport 020B,-2.06977,53.39462,225
E01005880,Stockport 017A,-2.02659,53.41553,175
E01005881,Stockport 017B,-2.04325,53.40469,225
E01005882,Stockport 020C,-2.07802,53.40204,300
E01005883,Stockport 017C,-2.06001,53.40501,200
E01005884,Stockport 020D,-2.0874,53.39832,175
E01005885,Stockport 020E,-2.06273,53.39564,1250
E01005886,Stockport 001A,-2.15643,53.44883,100
E01005887,Stockport 002A,-2.16665,53.44805,150
E01005888,Stockport 001B,-2.15087,53.4469,150
E01005889,Stockport 001C,-2.15913,53.44519,350
E01005890,Stockport 002B,-2.16825,53.44379,75
E01005891,Stockport 001D,-2.15183,53.44195,25
E01005892,Stockport 003B,-2.15201,53.4375,600
E01005893,Stockport 002C,-2.16162,53.44025,350
E01005894,Stockport 001E,-2.16095,53.44172,50
E01005895,Stockport 003C,-2.15058,53.42992,75
E01005896,Stockport 002D,-2.16091,53.45144,250
E01005897,Stockport 010A,-2.07554,53.41146,200
E01005898,Stockport 010B,-2.05713,53.42239,150
E01005899,Stockport 012B,-2.09721,53.40831,500
E01005900,Stockport 010C,-2.08759,53.41219,350
E01005901,Stockport 012C,-2.11234,53.40663,450
E01005902,Stockport 012D,-2.10733,53.41267,175
E01005903,Stockport 010D,-2.08553,53.42102,100
E01005904,Stockport 010E,-2.08491,53.41654,250
E01005905,Stockport 012E,-2.10915,53.41725,200
E01005906,Stockport 038B,-2.06372,53.3642,300
E01005907,Stockport 038C,-2.06777,53.36697,450
E01005908,Stockport 017D,-2.02217,53.39297,300
E01005909,Stockport 029A,-2.05134,53.38832,100
E01005910,Stockport 029B,-2.06269,53.39064,300
E01005911,Stockport 029C,-2.07138,53.38806,225
E01005912,Stockport 029D,-2.05831,53.37794,800
E01005913,Stockport 038D,-2.077,53.37191,75
E01005914,Stockport 007A,-2.14999,53.42321,30
E01005915,Stockport 007B,-2.15916,53.42264,1250
E01005916,Stockport 007C,-2.16852,53.42128,800
E01005917,Stockport 007D,-2.16617,53.41243,3000
E01005918,Stockport 014D,-2.15987,53.41469,800
E01005919,Stockport 002E,-2.16939,53.43719,500
E01005920,Stockport 003D,-2.16567,53.43149,600
E01005921,Stockport 003E,-2.16184,53.43485,1500
E01005922,Stockport 003F,-2.15835,53.42892,300
E01005923,Stockport 041C,-2.1785,53.35444,225
E01005924,Stockport 042A,-2.17012,53.35481,6000
E01005925,Stockport 042B,-2.16519,53.35096,500
E01005926,Stockport 042C,-2.16969,53.34028,700
E01005927,Stockport 032A,-2.16305,53.37742,250
E01005928,Stockport 032B,-2.17094,53.38282,50
E01005929,Stockport 032C,-2.17352,53.37418,200
E01005930,Stockport 032D,-2.16946,53.36764,350
E01005931,Stockport 041D,-2.17187,53.35976,200
E01005932,Stockport 042D,-2.15292,53.35498,150
E01005933,Tameside 006A,-2.08625,53.50211,25
E01005934,Tameside 006B,-2.09269,53.50009,125
E01005935,Tameside 006C,-2.08205,53.50064,175
E01005936,Tameside 004A,-2.06944,53.50192,175
E01005937,Tameside 004B,-2.061,53.50192,40
E01005938,Tameside 002A,-2.07533,53.51349,600
E01005939,Tameside 002B,-2.08479,53.50936,125
E01005940,Tameside 002C,-2.09653,53.5069,40
E01005941,Tameside 007A,-2.08463,53.49094,700
E01005942,Tameside 007B,-2.07729,53.49008,350
E01005943,Tameside 007C,-2.08155,53.48458,900
E01005944,Tameside 007D,-2.07058,53.4933,6000
E01005945,Tameside 004C,-2.07361,53.49802,100
E01005946,Tameside 004D,-2.08184,53.49652,300
E01005947,Tameside 004E,-2.08081,53.49363,175
E01005948,Tameside 013A,-2.0976,53.48796,7000
E01005949,Tameside 006D,-2.09115,53.49388,500
E01005950,Tameside 013B,-2.11275,53.48736,1750
E01005951,Tameside 013C,-2.11673,53.48172,3500
E01005953,Tameside 013E,-2.11091,53.48106,800
E01005954,Tameside 005A,-2.10436,53.50349,450
E01005955,Tameside 002D,-2.10066,53.5063,100
E01005956,Tameside 005B,-2.11577,53.50111,225
E01005957,Tameside 005C,-2.10201,53.49692,175
E01005958,Tameside 005D,-2.10803,53.4991,75
E01005959,Tameside 005E,-2.11079,53.49472,125
E01005960,Tameside 006E,-2.09941,53.49408,125
E01005961,Tameside 014A,-2.13552,53.4684,800
E01005962,Tameside 014B,-2.13165,53.47702,175
E01005963,Tameside 019A,-2.11916,53.47455,350
E01005964,Tameside 019B,-2.12417,53.47263,125
E01005965,Tameside 019C,-2.1097,53.46959,1000
E01005966,Tameside 019D,-2.11995,53.46454,250
E01005967,Tameside 019E,-2.11686,53.4694,100
E01005968,Tameside 014C,-2.13169,53.48216,100
E01005969,Tameside 014D,-2.13878,53.47816,75
E01005970,Tameside 021A,-2.10479,53.4619,75
E01005971,Tameside 025A,-2.12424,53.45939,600
E01005972,Tameside 021B,-2.1134,53.45941,250
E01005973,Tameside 026A,-2.09989,53.45507,150
E01005974,Tameside 021C,-2.11747,53.45727,1750
E01005975,Tameside 021D,-2.11484,53.44852,350
E01005976,Tameside 026B,-2.10636,53.45318,100
E01005977,Tameside 026C,-2.1061,53.45044,75
E01005978,Tameside 026D,-2.09461,53.44789,35
E01005979,Tameside 029A,-2.0966,53.44395,150
E01005980,Tameside 029B,-2.10511,53.44546,225
E01005981,Tameside 029C,-2.10789,53.44243,125
E01005982,Tameside 029D,-2.11675,53.44135,75
E01005983,Tameside 029E,-2.09856,53.43806,125
E01005984,Tameside 029F,-2.10659,53.43698,50
E01005985,Tameside 024A,-2.13668,53.45367,350
E01005986,Tameside 025B,-2.11784,53.45214,125
E01005987,Tameside 024B,-2.14437,53.44834,100
E01005988,Tameside 024C,-2.1511,53.45275,75
E01005989,Tameside 025C,-2.13087,53.44573,2250
E01005990,Tameside 024D,-2.14377,53.4548,150
E01005991,Tameside 024E,-2.14714,53.45997,200
E01005992,Tameside 025D,-2.12669,53.45364,2500
E01005993,Tameside 010A,-2.13248,53.49319,300
E01005994,Tameside 011A,-2.14391,53.48889,40
E01005995,Tameside 010B,-2.12515,53.49205,200
E01005996,Tameside 010C,-2.13592,53.48617,200
E01005997,Tameside 010D,-2.14146,53.48353,350
E01005998,Tameside 012A,-2.16064,53.47801,200
E01005999,Tameside 011B,-2.15195,53.47652,450
E01006000,Tameside 010E,-2.14515,53.47727,700
E01006001,Tameside 012B,-2.16498,53.48575,75
E01006002,Tameside 011C,-2.15421,53.48249,300
E01006003,Tameside 012C,-2.16536,53.48261,100
E01006004,Tameside 011D,-2.14874,53.48345,250
E01006005,Tameside 011E,-2.15261,53.49161,150
E01006006,Tameside 012D,-2.16302,53.48989,75
E01006007,Tameside 011F,-2.15597,53.4868,175
E01006008,Tameside 017A,-2.09635,53.46832,3000
E01006009,Tameside 016A,-2.08068,53.47919,600
E01006010,Tameside 017B,-2.09564,53.47638,500
E01006011,Tameside 018A,-2.08312,53.47295,175
E01006012,Tameside 017C,-2.08684,53.47753,250
E01006013,Tameside 018B,-2.07539,53.47228,350
E01006014,Tameside 018C,-2.09029,53.47176,45
E01006015,Tameside 017D,-2.0821,53.46757,50
E01006016,Tameside 017E,-2.09304,53.48102,700
E01006017,Tameside 016B,-2.05343,53.47285,75
E01006018,Tameside 016C,-2.06291,53.4773,15
E01006019,Tameside 018D,-2.06631,53.47279,200
E01006020,Tameside 018E,-2.06756,53.46987,700
E01006021,Tameside 016D,-2.07159,53.47618,100
E01006022,Tameside 015A,-2.05277,53.48064,1250
E01006023,Tameside 015B,-2.06715,53.48151,1750
E01006024,Tameside 022A,-2.04837,53.44848,500
E01006025,Tameside 027A,-2.03665,53.45648,700
E01006026,Tameside 022B,-2.06622,53.45314,250
E01006027,Tameside 027B,-2.03695,53.4479,200
E01006028,Tameside 028A,-2.06721,53.44954,1000
E01006029,Tameside 028B,-2.07348,53.44847,450
E01006030,Tameside 028C,-2.06279,53.44349,125
E01006031,Tameside 020A,-2.09037,53.46034,1000
E01006032,Tameside 020B,-2.07125,53.46359,250
E01006033,Tameside 020C,-2.07658,53.46398,300
E01006034,Tameside 020D,-2.06265,53.4654,200
E01006035,Tameside 020E,-2.07276,53.45653,700
E01006036,Tameside 020F,-2.08132,53.46066,800
E01006037,Tameside 022C,-2.05303,53.46323,600
E01006038,Tameside 022D,-2.06258,53.45947,175
E01006039,Tameside 028D,-2.08525,53.44542,175
E01006040,Tameside 028E,-2.08835,53.45178,1750
E01006041,Tameside 028F,-2.07489,53.44512,450
E01006042,Tameside 030A,-2.06821,53.43843,200
E01006043,Tameside 030B,-2.07961,53.44207,150
E01006044,Tameside 030C,-2.08391,53.4359,150
E01006045,Tameside 030D,-2.05016,53.434,250
E01006046,Tameside 030E,-2.07473,53.4381,300
E01006047,Tameside 023A,-1.98801,53.4659,125
E01006048,Tameside 023B,-2.0149,53.45995,350
E01006049,Tameside 023C,-2.00255,53.46634,250
E01006050,Tameside 027C,-2.02721,53.4474,700
E01006051,Tameside 023D,-2.0105,53.44554,225
E01006052,Tameside 027D,-2.01722,53.45234,800
E01006053,Tameside 001A,-2.03008,53.52568,400
E01006054,Tameside 001B,-2.05347,53.51796,300
E01006055,Tameside 001C,-2.04115,53.51944,125
E01006056,Tameside 003A,-2.00625,53.51583,150
E01006057,Tameside 001D,-2.03021,53.51254,75
E01006058,Tameside 001E,-2.04179,53.51516,500
E01006059,Tameside 001F,-2.0413,53.50914,250
E01006060,Tameside 008A,-2.05501,53.48655,900
E01006061,Tameside 003B,-2.03105,53.50137,250
E01006062,Tameside 003C,-2.01856,53.50472,150
E01006063,Tameside 003D,-2.05135,53.49632,75
E01006064,Tameside 008B,-2.06253,53.49261,225
E01006065,Tameside 008C,-2.05604,53.4914,25
E01006066,Tameside 008D,-2.06843,53.48756,400
E01006067,Tameside 009A,-2.03824,53.49052,100
E01006068,Tameside 009B,-2.05035,53.48529,800
E01006069,Tameside 009C,-2.03714,53.48455,350
E01006070,Tameside 015C,-2.04465,53.4794,125
E01006071,Tameside 015D,-2.03726,53.47421,225
E01006072,Tameside 015E,-2.02185,53.47093,150
E01006073,Tameside 009D,-2.00346,53.49413,250
E01006074,Trafford 025A,-2.37792,53.39052,800
E01006075,Trafford 025B,-2.35586,53.38957,7000
E01006076,Trafford 025C,-2.36285,53.38543,4000
E01006077,Trafford 027A,-2.3533,53.3809,600
E01006078,Trafford 024A,-2.35173,53.39661,32000
E01006079,Trafford 025D,-2.36462,53.39218,1250
E01006080,Trafford 024B,-2.34746,53.39305,1750
E01006081,Trafford 027B,-2.37403,53.36915,300
E01006082,Trafford 027C,-2.35222,53.37841,2000
E01006083,Trafford 026A,-2.33592,53.37671,400
E01006084,Trafford 026B,-2.34009,53.37216,600
E01006085,Trafford 027D,-2.36149,53.3741,600
E01006086,Trafford 027E,-2.35386,53.36919,300
E01006087,Trafford 025E,-2.41478,53.39271,500
E01006088,Trafford 026C,-2.34238,53.38105,400
E01006089,Trafford 024C,-2.35226,53.40147,1250
E01006090,Trafford 020A,-2.34278,53.40088,900
E01006091,Trafford 019A,-2.3624,53.40522,500
E01006092,Trafford 019B,-2.36278,53.39963,3500
E01006093,Trafford 023A,-2.33755,53.40025,225
E01006094,Trafford 020B,-2.34702,53.40996,250
E01006095,Trafford 019C,-2.37241,53.41085,75
E01006096,Trafford 020C,-2.34497,53.40576,700
E01006097,Trafford 015A,-2.3221,53.4144,1500
E01006098,Trafford 014A,-2.31343,53.41497,100
E01006099,Trafford 014B,-2.30788,53.41565,600
E01006100,Trafford 020D,-2.33462,53.41464,150
E01006101,Trafford 021A,-2.33095,53.41306,125
E01006102,Trafford 018A,-2.30832,53.41172,40
E01006103,Trafford 020E,-2.33818,53.40979,200
E01006104,Trafford 017A,-2.42767,53.41858,400
E01006105,Trafford 017B,-2.42661,53.41344,200
E01006106,Trafford 017C,-2.43993,53.41688,75
E01006107,Trafford 017D,-2.39278,53.42539,2000
E01006108,Trafford 017E,-2.43796,53.41432,30
E01006109,Trafford 001A,-2.25752,53.46032,200
E01006110,Trafford 001B,-2.26555,53.45765,700
E01006111,Trafford 001C,-2.26515,53.46251,300
E01006112,Trafford 001D,-2.26151,53.46319,300
E01006113,Trafford 004A,-2.27077,53.4557,150
E01006114,Trafford 004B,-2.27585,53.45387,150
E01006115,Trafford 004C,-2.26923,53.4538,125
E01006116,Trafford 002A,-2.36335,53.45773,40
E01006117,Trafford 002B,-2.34976,53.4556,200
E01006118,Trafford 002C,-2.35609,53.45855,450
E01006119,Trafford 002D,-2.34314,53.45467,75
E01006120,Trafford 010A,-2.35951,53.45445,150
E01006121,Trafford 002E,-2.33913,53.46878,25000
E01006122,Trafford 005A,-2.37678,53.46076,75
E01006123,Trafford 005B,-2.36902,53.45543,2250
E01006124,Trafford 005C,-2.38377,53.45576,125
E01006125,Trafford 007A,-2.39455,53.45772,75
E01006126,Trafford 007B,-2.39505,53.45191,350
E01006127,Trafford 007C,-2.4057,53.44515,25
E01006128,Trafford 005D,-2.37723,53.45044,300
E01006129,Trafford 010B,-2.37201,53.44605,400
E01006130,Trafford 007D,-2.38732,53.45045,300
E01006131,Trafford 005E,-2.38441,53.44553,900
E01006132,Trafford 007E,-2.39484,53.44033,450
E01006133,Trafford 010C,-2.37111,53.43933,250
E01006134,Trafford 028A,-2.33069,53.36985,500
E01006135,Trafford 028B,-2.31451,53.37291,900
E01006136,Trafford 028C,-2.30672,53.3679,250
E01006137,Trafford 028D,-2.32275,53.3631,450
E01006138,Trafford 028E,-2.30645,53.38014,250
E01006139,Trafford 026D,-2.33579,53.38154,350
E01006140,Trafford 026E,-2.32726,53.38163,300
E01006141,Trafford 003A,-2.29542,53.45289,175
E01006142,Trafford 011A,-2.29611,53.44319,175
E01006143,Trafford 011B,-2.29931,53.44083,250
E01006144,Trafford 011C,-2.30845,53.44065,250
E01006145,Trafford 004D,-2.28363,53.45695,3000
E01006146,Trafford 004E,-2.28253,53.45052,300
E01006147,Trafford 012A,-2.33419,53.42881,50
E01006148,Trafford 016A,-2.33868,53.42327,300
E01006149,Trafford 012B,-2.32554,53.4287,800
E01006150,Trafford 012C,-2.33085,53.42368,1750
E01006151,Trafford 016B,-2.34039,53.41697,250
E01006152,Trafford 016C,-2.34519,53.41877,500
E01006153,Trafford 016D,-2.34975,53.41339,300
E01006154,Trafford 012D,-2.32631,53.43195,900
E01006155,Trafford 006A,-2.33164,53.44898,40
E01006156,Trafford 008A,-2.33594,53.45054,300
E01006157,Trafford 006B,-2.31518,53.46284,15000
E01006158,Trafford 008B,-2.32809,53.46401,1750
E01006159,Trafford 006C,-2.32634,53.45293,150
E01006160,Trafford 015B,-2.32224,53.42514,4000
E01006161,Trafford 015C,-2.31252,53.42527,1000
E01006162,Trafford 015D,-2.31685,53.42042,300
E01006163,Trafford 015E,-2.32684,53.42007,700
E01006164,Trafford 014C,-2.29883,53.42979,250
E01006165,Trafford 012E,-2.31077,53.43249,2250
E01006166,Trafford 013A,-2.35543,53.4227,150
E01006167,Trafford 019D,-2.35611,53.41656,125
E01006168,Trafford 019E,-2.36098,53.4163,100
E01006169,Trafford 013B,-2.34856,53.43088,225
E01006170,Trafford 013C,-2.35448,53.43325,300
E01006171,Trafford 013D,-2.35417,53.42838,400
E01006172,Trafford 016E,-2.3475,53.42445,50
E01006173,Trafford 018B,-2.29941,53.41738,50
E01006174,Trafford 014D,-2.30693,53.42135,450
E01006175,Trafford 018C,-2.29559,53.41561,100
E01006176,Trafford 018D,-2.28617,53.42251,300
E01006177,Trafford 018E,-2.30023,53.41231,50
E01006178,Trafford 014E,-2.29777,53.42292,600
E01006179,Trafford 008C,-2.31862,53.44207,350
E01006180,Trafford 011D,-2.3093,53.44754,800
E01006181,Trafford 011E,-2.31272,53.45019,350
E01006182,Trafford 006D,-2.32381,53.44865,125
E01006183,Trafford 006E,-2.31871,53.4478,150
E01006184,Trafford 008D,-2.32738,53.444,200
E01006186,Trafford 003B,-2.28978,53.46047,10000
E01006187,Trafford 003C,-2.29982,53.4618,1250
E01006188,Trafford 001F,-2.27602,53.46388,3500
E01006189,Trafford 003D,-2.31045,53.45338,75
E01006190,Trafford 021B,-2.32863,53.40113,400
E01006191,Trafford 023B,-2.33407,53.39568,450
E01006192,Trafford 023C,-2.32971,53.39093,400
E01006193,Trafford 024D,-2.34054,53.39347,600
E01006194,Trafford 024E,-2.34135,53.38546,2250
E01006195,Trafford 021C,-2.3323,53.40614,125
E01006196,Trafford 021D,-2.32515,53.40548,175
E01006197,Trafford 010D,-2.3648,53.44988,300
E01006198,Trafford 009A,-2.35157,53.44998,900
E01006199,Trafford 009B,-2.34348,53.44938,175
E01006200,Trafford 009C,-2.35754,53.44,250
E01006201,Trafford 009D,-2.35889,53.44914,600
E01006202,Trafford 009E,-2.35385,53.44558,600
E01006203,Trafford 010E,-2.3634,53.44459,250
E01006204,Trafford 022A,-2.31476,53.39663,300
E01006205,Trafford 023D,-2.32168,53.39429,250
E01006206,Trafford 022B,-2.3102,53.39723,175
E01006207,Trafford 022C,-2.30696,53.39221,100
E01006208,Trafford 022D,-2.31181,53.38925,75
E01006209,Trafford 023E,-2.31687,53.3874,250
E01006210,Trafford 021E,-2.32104,53.4092,150
E01006211,Trafford 022E,-2.31797,53.40351,100
E01006212,Wigan 026A,-2.58446,53.51143,125
E01006213,Wigan 024A,-2.58759,53.52357,400
E01006214,Wigan 026B,-2.59223,53.49784,200
E01006215,Wigan 024B,-2.61461,53.51506,500
E01006216,Wigan 026C,-2.58316,53.50432,100
E01006217,Wigan 024C,-2.61238,53.52858,200
E01006218,Wigan 024D,-2.60333,53.52218,150
E01006219,Wigan 024E,-2.60227,53.51451,100
E01006220,Wigan 035A,-2.61468,53.48603,200
E01006221,Wigan 035B,-2.63189,53.49118,150
E01006222,Wigan 035C,-2.61699,53.49409,125
E01006223,Wigan 036A,-2.63439,53.4871,1000
E01006224,Wigan 035D,-2.62538,53.48853,35
E01006225,Wigan 036B,-2.64389,53.48347,500
E01006226,Wigan 035E,-2.6275,53.48363,50
E01006227,Wigan 038A,-2.60671,53.47997,200
E01006228,Wigan 038B,-2.60306,53.4855,1500
E01006229,Wigan 002A,-2.66196,53.57925,700
E01006230,Wigan 002B,-2.64899,53.58353,150
E01006231,Wigan 004A,-2.59725,53.58013,600
E01006232,Wigan 004B,-2.6273,53.57644,500
E01006233,Wigan 002C,-2.65001,53.57515,175
E01006234,Wigan 004C,-2.57613,53.57204,50
E01006235,Wigan 004D,-2.59118,53.56607,50
E01006236,Wigan 007A,-2.58,53.55879,200
E01006237,Wigan 002D,-2.65042,53.59139,1250
E01006238,Wigan 002E,-2.65957,53.58686,250
E01006239,Wigan 017A,-2.49675,53.52839,250
E01006240,Wigan 017B,-2.49351,53.53277,30
E01006241,Wigan 017C,-2.50747,53.53344,1000
E01006242,Wigan 023A,-2.50853,53.5268,900
E01006243,Wigan 023B,-2.51603,53.51967,100
E01006244,Wigan 023C,-2.49307,53.51833,1250
E01006245,Wigan 023D,-2.50206,53.51112,350
E01006246,Wigan 034A,-2.48015,53.49097,250
E01006247,Wigan 034B,-2.49573,53.4853,125
E01006248,Wigan 031A,-2.48187,53.50703,125
E01006249,Wigan 031B,-2.48337,53.49855,250
E01006250,Wigan 029A,-2.45116,53.49882,3000
E01006251,Wigan 029B,-2.46319,53.48074,500
E01006252,Wigan 034C,-2.49666,53.49612,125
E01006253,Wigan 005A,-2.6622,53.56077,100
E01006254,Wigan 005B,-2.65985,53.56702,125
E01006255,Wigan 005C,-2.64496,53.55779,175
E01006256,Wigan 005D,-2.6575,53.55553,600
E01006257,Wigan 008A,-2.64657,53.55489,125
E01006258,Wigan 008B,-2.65048,53.55399,200
E01006259,Wigan 003A,-2.67042,53.56414,175
E01006260,Wigan 005E,-2.64587,53.56339,300
E01006261,Wigan 036C,-2.65087,53.49378,300
E01006262,Wigan 032A,-2.64753,53.50851,1250
E01006263,Wigan 032B,-2.63364,53.4973,225
E01006264,Wigan 036D,-2.65124,53.48986,75
E01006265,Wigan 036E,-2.64479,53.48888,300
E01006266,Wigan 032C,-2.65627,53.50086,75
E01006267,Wigan 032D,-2.6505,53.49809,40
E01006268,Wigan 032E,-2.64253,53.49724,2500
E01006269,Wigan 013A,-2.5842,53.53057,800
E01006270,Wigan 016A,-2.55879,53.53525,200
E01006271,Wigan 013B,-2.57542,53.54384,250
E01006272,Wigan 013C,-2.59944,53.53596,2000
E01006273,Wigan 013D,-2.56477,53.54287,75
E01006274,Wigan 016B,-2.57122,53.53288,125
E01006275,Wigan 016C,-2.56742,53.53525,500
E01006276,Wigan 013E,-2.5771,53.52747,150
E01006277,Wigan 016D,-2.56824,53.5255,125
E01006278,Wigan 019A,-2.55032,53.52386,600
E01006279,Wigan 019B,-2.54117,53.52643,250
E01006280,Wigan 019C,-2.55852,53.52477,125
E01006281,Wigan 019D,-2.53099,53.52223,175
E01006282,Wigan 027A,-2.53053,53.51433,400
E01006283,Wigan 027B,-2.53191,53.50515,1500
E01006284,Wigan 027C,-2.53751,53.51295,45
E01006285,Wigan 019E,-2.54978,53.53112,1000
E01006286,Wigan 016E,-2.56273,53.53029,100
E01006287,Wigan 017D,-2.47865,53.53148,35
E01006288,Wigan 025A,-2.46234,53.52454,20
E01006289,Wigan 017E,-2.48596,53.53117,75
E01006290,Wigan 022A,-2.47703,53.52783,400
E01006291,Wigan 022B,-2.48475,53.52559,450
E01006292,Wigan 022C,-2.48106,53.52062,250
E01006293,Wigan 022D,-2.48007,53.51662,900
E01006294,Wigan 025B,-2.46286,53.51571,400
E01006295,Wigan 025C,-2.46924,53.51785,600
E01006296,Wigan 037A,-2.51298,53.48967,700
E01006297,Wigan 034D,-2.50895,53.48508,2500
E01006298,Wigan 037B,-2.52248,53.49279,175
E01006299,Wigan 037C,-2.53315,53.48886,1000
E01006300,Wigan 037D,-2.52088,53.48504,175
E01006301,Wigan 037E,-2.52398,53.47827,75
E01006302,Wigan 040A,-2.54772,53.47412,1250
E01006303,Wigan 040B,-2.55081,53.48524,350
E01006304,Wigan 040C,-2.5607,53.4658,900
E01006305,Wigan 012A,-2.59288,53.54407,100
E01006306,Wigan 009A,-2.62289,53.54369,300
E01006307,Wigan 009B,-2.61318,53.54422,400
E01006308,Wigan 012B,-2.60279,53.54262,2000
E01006309,Wigan 012C,-2.61051,53.53898,400
E01006310,Wigan 012D,-2.62542,53.53077,1250
E01006311,Wigan 012E,-2.59587,53.55069,1250
E01006312,Wigan 003B,-2.68511,53.57157,100
E01006313,Wigan 003C,-2.68575,53.56445,45
E01006314,Wigan 003D,-2.70305,53.56885,400
E01006315,Wigan 001A,-2.67827,53.59735,600
E01006316,Wigan 001B,-2.68095,53.58619,250
E01006317,Wigan 001C,-2.66759,53.59251,150
E01006318,Wigan 003E,-2.68828,53.57806,175
E01006319,Wigan 001D,-2.67187,53.5879,175
E01006320,Wigan 003F,-2.69819,53.58399,225
E01006321,Wigan 003G,-2.7096,53.578,125
E01006322,Wigan 026D,-2.55218,53.51303,800
E01006323,Wigan 033A,-2.54242,53.504,225
E01006324,Wigan 033B,-2.53581,53.499,150
E01006325,Wigan 033C,-2.53657,53.49568,200
E01006326,Wigan 033D,-2.52781,53.4984,100
E01006327,Wigan 033E,-2.56015,53.50097,300
E01006328,Wigan 030A,-2.52127,53.49686,800
E01006329,Wigan 026E,-2.56857,53.51144,500
E01006330,Wigan 031C,-2.51032,53.50271,1250
E01006331,Wigan 031D,-2.50036,53.5011,75
E01006332,Wigan 031E,-2.5077,53.49658,1750
E01006333,Wigan 030B,-2.51585,53.49808,3500
E01006334,Wigan 030C,-2.52198,53.50186,1000
E01006335,Wigan 034E,-2.50222,53.49393,300
E01006336,Wigan 027D,-2.52154,53.51421,125
E01006337,Wigan 027E,-2.51558,53.50911,75
E01006338,Wigan 030D,-2.52007,53.50507,200
E01006339,Wigan 039A,-2.56337,53.4797,75
E01006340,Wigan 039B,-2.57893,53.48597,1250
E01006341,Wigan 040D,-2.56279,53.47481,175
E01006342,Wigan 038C,-2.59315,53.47617,250
E01006343,Wigan 039C,-2.5713,53.47533,100
E01006344,Wigan 038D,-2.58689,53.47526,125
E01006345,Wigan 039D,-2.5772,53.47337,225
E01006346,Wigan 038E,-2.60227,53.47287,2250
E01006347,Wigan 040E,-2.57041,53.47112,150
E01006348,Wigan 039E,-2.59257,53.4623,700
E01006349,Wigan 015A,-2.64181,53.54221,8000
E01006350,Wigan 010A,-2.65281,53.54787,300
E01006351,Wigan 010B,-2.66409,53.53989,125
E01006352,Wigan 015B,-2.65646,53.54106,2000
E01006353,Wigan 014A,-2.66178,53.53492,125
E01006354,Wigan 014B,-2.66965,53.53741,400
E01006355,Wigan 014C,-2.66896,53.53312,100
E01006356,Wigan 011A,-2.6805,53.54581,30
E01006357,Wigan 010C,-2.67114,53.54296,300
E01006358,Wigan 014D,-2.68235,53.53509,1000
E01006359,Wigan 014E,-2.67473,53.5324,500
E01006360,Wigan 010D,-2.67481,53.55058,400
E01006361,Wigan 010E,-2.67139,53.55388,2250
E01006362,Wigan 018A,-2.70897,53.54538,225
E01006363,Wigan 018B,-2.70025,53.54183,200
E01006364,Wigan 018C,-2.70533,53.52608,600
E01006365,Wigan 018D,-2.70966,53.5328,350
E01006366,Wigan 018E,-2.71929,53.52244,125
E01006367,Wigan 018F,-2.71232,53.5202,125
E01006368,Wigan 018G,-2.68907,53.50884,250
E01006369,Wigan 008C,-2.63582,53.5472,8000
E01006370,Wigan 006A,-2.62796,53.55046,6000
E01006371,Wigan 008D,-2.64025,53.5542,200
E01006372,Wigan 006B,-2.63542,53.56793,225
E01006373,Wigan 006C,-2.63534,53.56167,50
E01006374,Wigan 006D,-2.63227,53.55833,200
E01006375,Wigan 008E,-2.63446,53.55315,700
E01006376,Wigan 028A,-2.46529,53.50316,175
E01006377,Wigan 025D,-2.45473,53.51519,125
E01006378,Wigan 025E,-2.44724,53.51872,100
E01006379,Wigan 029C,-2.42242,53.515,250
E01006380,Wigan 029D,-2.43691,53.50954,600
E01006381,Wigan 028B,-2.47244,53.50926,175
E01006382,Wigan 028C,-2.45012,53.51035,75
E01006383,Wigan 028D,-2.45962,53.50471,200
E01006384,Wigan 028E,-2.44983,53.50706,75
E01006385,Wigan 029E,-2.45071,53.50426,450
E01006386,Wigan 009C,-2.62448,53.54736,350
E01006387,Wigan 009D,-2.61994,53.55154,175
E01006388,Wigan 007B,-2.6,53.55655,175
E01006389,Wigan 007C,-2.60886,53.55023,35
E01006390,Wigan 006E,-2.61902,53.55647,125
E01006391,Wigan 007D,-2.60857,53.55453,125
E01006392,Wigan 009E,-2.61631,53.54802,75
E01006393,Wigan 021A,-2.66565,53.52022,200
E01006394,Wigan 021B,-2.67777,53.51702,35
E01006395,Wigan 021C,-2.66497,53.51322,700
E01006396,Wigan 011B,-2.69085,53.55147,1500
E01006397,Wigan 011C,-2.68533,53.54706,25
E01006398,Wigan 011D,-2.68695,53.54418,175
E01006399,Wigan 011E,-2.69083,53.53642,250
E01006400,Wigan 021D,-2.66578,53.52651,100
E01006401,Wigan 021E,-2.68441,53.5238,150
E01006402,Wigan 021F,-2.67102,53.52576,20
E01006403,Wigan 021G,-2.65724,53.52148,1250
E01006404,Wigan 015C,-2.6574,53.52993,1500
E01006405,Wigan 015D,-2.64045,53.5329,450
E01006406,Wigan 020A,-2.64122,53.52743,100
E01006407,Wigan 020B,-2.63518,53.52185,250
E01006408,Wigan 020C,-2.64894,53.52591,50
E01006409,Wigan 020D,-2.6481,53.52168,50
E01006410,Wigan 020E,-2.64523,53.51712,450
E01006411,Wigan 015E,-2.64834,53.53515,175
E01006412,Knowsley 006A,-2.86525,53.43941,30
E01006413,Knowsley 006B,-2.86063,53.43622,175
E01006414,Knowsley 006C,-2.86548,53.43424,150
E01006415,Knowsley 003A,-2.89456,53.4715,450
E01006416,Knowsley 005A,-2.86294,53.46995,5000
E01006417,Knowsley 003B,-2.88133,53.47055,225
E01006418,Knowsley 005B,-2.88356,53.46687,50
E01006419,Knowsley 019A,-2.83969,53.36653,30
E01006420,Knowsley 017A,-2.80563,53.37179,1000
E01006421,Knowsley 018A,-2.84037,53.372,40
E01006422,Knowsley 019B,-2.8264,53.36643,75
E01006423,Knowsley 019C,-2.83334,53.36836,125
E01006424,Knowsley 017B,-2.81028,53.39365,800
E01006425,Knowsley 018B,-2.83855,53.37732,75
E01006426,Knowsley 020A,-2.82957,53.3617,250
E01006427,Knowsley 019D,-2.8395,53.36073,250
E01006428,Knowsley 020B,-2.82053,53.35196,800
E01006429,Knowsley 020C,-2.83598,53.35301,5000
E01006430,Knowsley 018C,-2.84594,53.36714,125
E01006431,Knowsley 020D,-2.8468,53.35979,300
E01006432,Knowsley 020E,-2.83981,53.35697,125
E01006433,Knowsley 018D,-2.84881,53.37136,300
E01006434,Knowsley 005C,-2.87194,53.47564,175
E01006435,Knowsley 005D,-2.88161,53.47444,175
E01006436,Knowsley 003C,-2.87748,53.47909,10
E01006437,Knowsley 003D,-2.88814,53.48091,1500
E01006438,Knowsley 005E,-2.85517,53.46222,4000
E01006439,Knowsley 005F,-2.83364,53.44759,2000
E01006440,Knowsley 010A,-2.81134,53.43451,250
E01006442,Knowsley 010B,-2.84767,53.42277,35
E01006443,Knowsley 010C,-2.84417,53.41639,150
E01006444,Knowsley 010D,-2.84381,53.4246,50
E01006445,Knowsley 010E,-2.83617,53.42402,125
E01006446,Knowsley 005G,-2.8437,53.47738,8000
E01006447,Knowsley 003E,-2.87793,53.48699,50
E01006448,Knowsley 001A,-2.8642,53.48757,2500
E01006449,Knowsley 012A,-2.85997,53.41322,600
E01006450,Knowsley 012B,-2.85999,53.4179,225
E01006451,Knowsley 012C,-2.85422,53.41538,125
E01006452,Knowsley 012D,-2.85105,53.4192,75
E01006453,Knowsley 008A,-2.8591,53.41994,175
E01006454,Knowsley 002A,-2.90458,53.49047,45
E01006455,Knowsley 004A,-2.89616,53.48099,350
E01006456,Knowsley 002B,-2.90885,53.48662,125
E01006457,Knowsley 002C,-2.89139,53.48711,700
E01006458,Knowsley 002D,-2.89649,53.49138,50
E01006459,Knowsley 009A,-2.79435,53.42405,125
E01006460,Knowsley 007A,-2.79838,53.42156,175
E01006461,Knowsley 007B,-2.80599,53.41803,100
E01006462,Knowsley 009B,-2.79189,53.42844,150
E01006464,Knowsley 007D,-2.81296,53.42535,1250
E01006465,Knowsley 011A,-2.82455,53.42169,3500
E01006466,Knowsley 007E,-2.79645,53.43098,175
E01006467,Knowsley 008B,-2.86463,53.42712,75
E01006470,Knowsley 008E,-2.85459,53.42269,350
E01006471,Knowsley 016A,-2.84467,53.40102,75
E01006472,Knowsley 014A,-2.8736,53.40531,100
E01006473,Knowsley 016B,-2.86153,53.40349,225
E01006474,Knowsley 016C,-2.84692,53.41141,2500
E01006475,Knowsley 016D,-2.84314,53.40724,700
E01006476,Knowsley 016E,-2.84929,53.40659,75
E01006477,Knowsley 015A,-2.82061,53.41087,200
E01006478,Knowsley 015B,-2.82398,53.40556,1750
E01006479,Knowsley 015C,-2.83621,53.40558,45
E01006480,Knowsley 015D,-2.82884,53.40252,200
E01006481,Knowsley 015E,-2.83107,53.41354,2000
E01006482,Knowsley 011B,-2.83191,53.41704,450
E01006483,Knowsley 011C,-2.82057,53.41734,20
E01006484,Knowsley 011D,-2.83944,53.41981,100
E01006485,Knowsley 014B,-2.87964,53.41191,225
E01006486,Knowsley 014C,-2.87009,53.41158,75
E01006487,Knowsley 014D,-2.87733,53.41111,45
E01006488,Knowsley 014E,-2.88714,53.41187,1000
E01006489,Knowsley 014F,-2.86552,53.41249,75
E01006490,Knowsley 002E,-2.88351,53.49998,75
E01006491,Knowsley 002F,-2.89468,53.49926,40
E01006492,Knowsley 001B,-2.87686,53.49988,25
E01006493,Knowsley 001C,-2.88122,53.49564,400
E01006494,Knowsley 001D,-2.87298,53.49328,30
E01006495,Knowsley 001E,-2.8855,53.48929,500
E01006496,Knowsley 009C,-2.78657,53.41754,700
E01006497,Knowsley 013A,-2.8066,53.41464,300
E01006498,Knowsley 009D,-2.78228,53.42575,175
E01006499,Knowsley 009E,-2.78456,53.42144,6000
E01006500,Knowsley 013B,-2.79716,53.41728,75
E01006501,Knowsley 013C,-2.79261,53.40838,125
E01006502,Knowsley 017C,-2.80521,53.40373,1250
E01006503,Knowsley 017D,-2.76216,53.39146,350
E01006504,Knowsley 013D,-2.78882,53.41291,15
E01006505,Knowsley 013E,-2.80421,53.41128,175
E01006506,Knowsley 004B,-2.90651,53.4675,125
E01006507,Knowsley 004C,-2.90415,53.48379,75
E01006508,Knowsley 004D,-2.9131,53.47611,75
E01006509,Knowsley 004E,-2.90197,53.47684,100
E01006510,Knowsley 004F,-2.91523,53.46788,100
E01006512,Liverpool 031A,-2.96224,53.40102,2250
E01006514,Liverpool 037A,-2.97136,53.39796,1500
E01006518,Liverpool 044A,-2.97061,53.39146,400
E01006519,Liverpool 056A,-2.92732,53.36672,400
E01006520,Liverpool 043A,-2.95001,53.38413,350
E01006521,Liverpool 052A,-2.93664,53.37572,350
E01006522,Liverpool 048A,-2.94419,53.38349,800
E01006523,Liverpool 052B,-2.94475,53.37943,200
E01006524,Liverpool 048B,-2.92375,53.37894,700
E01006525,Liverpool 049A,-2.91926,53.37483,250
E01006526,Liverpool 048C,-2.93251,53.38133,100
E01006527,Liverpool 053A,-2.92317,53.37137,175
E01006528,Liverpool 052C,-2.94111,53.36831,150
E01006529,Liverpool 048D,-2.93059,53.37101,100
E01006530,Liverpool 055A,-2.85515,53.36956,125
E01006531,Liverpool 055B,-2.85824,53.36496,75
E01006532,Liverpool 047A,-2.88743,53.37644,300
E01006533,Liverpool 055C,-2.86624,53.36805,225
E01006534,Liverpool 054A,-2.89627,53.36713,150
E01006535,Liverpool 054B,-2.88318,53.36537,225
E01006536,Liverpool 054C,-2.88658,53.36237,500
E01006537,Liverpool 055D,-2.86448,53.35842,6000
E01006538,Liverpool 055E,-2.85429,53.35965,700
E01006539,Liverpool 047B,-2.89958,53.37901,900
E01006540,Liverpool 024A,-2.94559,53.42327,350
E01006541,Liverpool 015A,-2.95444,53.43696,200
E01006542,Liverpool 018A,-2.96144,53.43368,3000
E01006543,Liverpool 015B,-2.9468,53.43635,30
E01006544,Liverpool 015C,-2.94772,53.4327,100
E01006545,Liverpool 019A,-2.95251,53.43151,125
E01006546,Liverpool 019B,-2.95604,53.4292,200
E01006547,Liverpool 019C,-2.95404,53.42708,350
E01006548,Liverpool 019D,-2.94892,53.42514,150
E01006549,Liverpool 043B,-2.94428,53.38999,100
E01006550,Liverpool 038A,-2.92769,53.39002,300
E01006551,Liverpool 048E,-2.93278,53.38701,1000
E01006552,Liverpool 039A,-2.94652,53.39221,200
E01006553,Liverpool 042A,-2.92599,53.38766,400
E01006554,Liverpool 048F,-2.93553,53.391,125
E01006556,Liverpool 039B,-2.94554,53.39594,300
E01006557,Liverpool 038B,-2.93401,53.39263,700
E01006558,Liverpool 018B,-2.96682,53.43121,150
E01006560,Liverpool 023A,-2.97023,53.42825,300
E01006562,Liverpool 018E,-2.96005,53.4258,75
E01006563,Liverpool 024B,-2.95628,53.4225,900
E01006564,Liverpool 023B,-2.96586,53.42124,250
E01006565,Liverpool 029A,-2.90321,53.41343,100
E01006566,Liverpool 032A,-2.9093,53.40954,75
E01006567,Liverpool 026A,-2.89695,53.41332,4000
E01006568,Liverpool 026B,-2.88427,53.42423,350
E01006569,Liverpool 029B,-2.90178,53.41755,175
E01006570,Liverpool 026C,-2.89043,53.42041,5000
E01006571,Liverpool 026D,-2.88492,53.41725,350
E01006572,Liverpool 025A,-2.87549,53.41747,75
E01006573,Liverpool 029C,-2.90966,53.41219,300
E01006574,Liverpool 025B,-2.87275,53.41514,175
E01006575,Liverpool 034A,-2.90417,53.40467,100
E01006576,Liverpool 034B,-2.89425,53.40428,150
E01006577,Liverpool 034C,-2.90356,53.39999,125
E01006578,Liverpool 036A,-2.88764,53.40113,150
E01006579,Liverpool 034D,-2.89375,53.39994,100
E01006580,Liverpool 036B,-2.88335,53.39727,200
E01006581,Liverpool 036C,-2.89367,53.39481,150
E01006582,Liverpool 041A,-2.90042,53.39471,800
E01006583,Liverpool 047C,-2.8847,53.39117,1000
E01006584,Liverpool 034E,-2.89633,53.40831,50
E01006585,Liverpool 032B,-2.90935,53.40636,125
E01006586,Liverpool 032C,-2.91311,53.4001,500
E01006587,Liverpool 032D,-2.9174,53.4031,20
E01006588,Liverpool 042C,-2.91915,53.39564,450
E01006589,Liverpool 041B,-2.9098,53.39564,175
E01006590,Liverpool 042D,-2.91873,53.39158,300
E01006591,Liverpool 041C,-2.91081,53.39006,450
E01006592,Liverpool 041D,-2.90359,53.38928,250
E01006593,Liverpool 042E,-2.91482,53.38785,800
E01006594,Liverpool 047D,-2.89257,53.3872,75
E01006595,Liverpool 049B,-2.91555,53.38194,250
E01006596,Liverpool 049C,-2.91034,53.38421,700
E01006597,Liverpool 041E,-2.90157,53.38561,175
E01006598,Liverpool 010A,-2.9174,53.44578,125
E01006599,Liverpool 010B,-2.91403,53.44364,40
E01006600,Liverpool 011A,-2.92674,53.43878,100
E01006603,Liverpool 011B,-2.93559,53.43869,450
E01006604,Liverpool 016A,-2.9227,53.43589,50
E01006605,Liverpool 016B,-2.92814,53.43292,100
E01006606,Liverpool 020A,-2.9356,53.43326,600
E01006607,Liverpool 008A,-2.9478,53.44417,100
E01006608,Liverpool 009A,-2.96055,53.44749,350
E01006609,Liverpool 009B,-2.95869,53.44398,150
E01006610,Liverpool 009C,-2.96574,53.44543,500
E01006611,Liverpool 012A,-2.96934,53.44057,225
E01006612,Liverpool 008B,-2.94228,53.44444,350
E01006613,Liverpool 009D,-2.95063,53.44775,75
E01006614,Liverpool 012B,-2.96443,53.44251,25
E01006615,Liverpool 012C,-2.96491,53.43979,900
E01006616,Liverpool 015D,-2.94359,53.43922,250
E01006617,Liverpool 021A,-2.91432,53.43048,600
E01006618,Liverpool 016C,-2.921,53.43084,150
E01006619,Liverpool 021B,-2.90597,53.43042,350
E01006620,Liverpool 021C,-2.89968,53.42704,125
E01006621,Liverpool 021D,-2.90826,53.42378,400
E01006622,Liverpool 021E,-2.89503,53.42433,150
E01006623,Liverpool 013A,-2.90244,53.44007,75
E01006624,Liverpool 013B,-2.88814,53.43892,300
E01006625,Liverpool 016D,-2.91094,53.43804,250
E01006626,Liverpool 016E,-2.91544,53.43412,100
E01006627,Liverpool 013C,-2.89928,53.43522,225
E01006628,Liverpool 052D,-2.9514,53.37378,250
E01006629,Liverpool 052E,-2.94563,53.37502,125
E01006630,Liverpool 044B,-2.97371,53.38564,400
E01006632,Liverpool 044C,-2.96642,53.3837,150
E01006633,Liverpool 050B,-2.9622,53.38002,100
E01006637,Liverpool 017A,-2.8696,53.42834,100
E01006638,Liverpool 017B,-2.87546,53.42635,600
E01006639,Liverpool 017C,-2.88218,53.4293,50
E01006640,Liverpool 021F,-2.89245,53.42995,225
E01006641,Liverpool 025C,-2.87253,53.42263,150
E01006642,Liverpool 025D,-2.87835,53.42205,75
E01006643,Liverpool 025E,-2.87142,53.41938,50
E01006644,Liverpool 017D,-2.88415,53.43505,40
E01006645,Liverpool 017E,-2.87435,53.43295,100
E01006646,Liverpool 023C,-2.97072,53.42155,600
E01006647,Liverpool 024C,-2.95928,53.41768,200
E01006648,Liverpool 023D,-2.97844,53.41302,2250
E01006651,Liverpool 001A,-2.93907,53.4716,125
E01006652,Liverpool 002A,-2.94667,53.46786,175
E01006653,Liverpool 001B,-2.92479,53.47063,1000
E01006654,Liverpool 005A,-2.93855,53.46572,1000
E01006655,Liverpool 001C,-2.93202,53.46887,300
E01006656,Liverpool 002B,-2.95216,53.47013,75
E01006657,Liverpool 002C,-2.95174,53.46639,75
E01006658,Liverpool 001D,-2.91836,53.46686,10
E01006659,Liverpool 005B,-2.93461,53.4607,10000
E01006660,Liverpool 001E,-2.91988,53.45997,600
E01006661,Liverpool 004A,-2.89317,53.45962,35
E01006662,Liverpool 004B,-2.90837,53.45426,900
E01006663,Liverpool 004C,-2.90293,53.46396,5000
E01006664,Liverpool 004D,-2.90297,53.45108,500
E01006665,Liverpool 007A,-2.88571,53.45574,50
E01006666,Liverpool 007B,-2.87647,53.4531,50
E01006667,Liverpool 007C,-2.8948,53.45139,75
E01006668,Liverpool 007D,-2.87266,53.45039,40
E01006669,Liverpool 004E,-2.9021,53.44613,75
E01006670,Liverpool 007E,-2.88297,53.44723,150
E01006671,Liverpool 013D,-2.87728,53.44276,150
E01006672,Liverpool 010E,-2.90804,53.44519,300
E01006673,Liverpool 037D,-2.96529,53.39405,300
E01006674,Liverpool 039C,-2.95327,53.39343,175
E01006675,Liverpool 043C,-2.95416,53.38686,500
E01006676,Liverpool 044D,-2.96412,53.38974,75
E01006677,Liverpool 043D,-2.95994,53.38962,100
E01006678,Liverpool 044E,-2.96125,53.38534,700
E01006679,Liverpool 039D,-2.95857,53.39546,1000
E01006680,Liverpool 053B,-2.90869,53.37312,300
E01006681,Liverpool 054D,-2.90038,53.369,500
E01006682,Liverpool 053C,-2.91509,53.36978,100
E01006683,Liverpool 053D,-2.90713,53.36772,75
E01006684,Liverpool 056B,-2.92396,53.36257,300
E01006685,Liverpool 056C,-2.91343,53.36421,175
E01006686,Liverpool 053E,-2.90478,53.364,125
E01006687,Liverpool 056D,-2.91239,53.35632,250
E01006688,Liverpool 056E,-2.90964,53.36004,700
E01006689,Liverpool 049D,-2.90945,53.37841,250
E01006690,Liverpool 028A,-2.93834,53.40842,6000
E01006691,Liverpool 030A,-2.95022,53.40968,800
E01006692,Liverpool 028B,-2.92937,53.40922,1250
E01006693,Liverpool 024D,-2.95173,53.41919,450
E01006694,Liverpool 030B,-2.94999,53.41573,75
E01006695,Liverpool 028C,-2.94243,53.41528,225
E01006696,Liverpool 030C,-2.95171,53.41236,250
E01006697,Liverpool 030D,-2.94613,53.41245,350
E01006698,Liverpool 012D,-2.9736,53.44412,350
E01006699,Liverpool 014A,-2.97743,53.44027,150
E01006700,Liverpool 012E,-2.97114,53.44045,450
E01006701,Liverpool 014B,-2.97643,53.43657,200
E01006702,Liverpool 014C,-2.98195,53.43594,125
E01006703,Liverpool 014D,-2.97221,53.43374,500
E01006705,Liverpool 009E,-2.96979,53.44549,125
E01006706,Liverpool 045A,-2.83828,53.3921,250
E01006707,Liverpool 045B,-2.83371,53.38581,75
E01006708,Liverpool 045C,-2.84515,53.38574,300
E01006709,Liverpool 040A,-2.85455,53.38585,30
E01006710,Liverpool 045D,-2.82846,53.38202,20
E01006711,Liverpool 027A,-2.92424,53.41619,2000
E01006712,Liverpool 029D,-2.91233,53.41687,125
E01006713,Liverpool 029E,-2.90921,53.41589,175
E01006716,Liverpool 032E,-2.91859,53.40799,700
E01006717,Liverpool 027D,-2.91952,53.42166,50
E01006718,Liverpool 027E,-2.91915,53.41916,150
E01006719,Liverpool 027F,-2.91168,53.41971,225
E01006721,Liverpool 038C,-2.92796,53.39887,75
E01006722,Liverpool 038D,-2.93784,53.39654,200
E01006723,Liverpool 038E,-2.93238,53.39593,600
E01006724,Liverpool 038F,-2.92666,53.39458,125
E01006725,Liverpool 035B,-2.92588,53.40276,700
E01006726,Liverpool 035C,-2.93606,53.39994,50
E01006727,Liverpool 035D,-2.92345,53.40116,125
E01006728,Liverpool 035E,-2.93224,53.39932,40
E01006729,Liverpool 008C,-2.93758,53.44671,100
E01006730,Liverpool 011C,-2.92947,53.44548,300
E01006731,Liverpool 011D,-2.92247,53.44616,225
E01006732,Liverpool 011E,-2.93575,53.44345,20
E01006734,Liverpool 005C,-2.91741,53.44961,15
E01006735,Liverpool 005D,-2.92981,53.45255,20
E01006736,Liverpool 005E,-2.92291,53.45134,50
E01006737,Liverpool 005F,-2.93035,53.44924,75
E01006738,Liverpool 058A,-2.89223,53.34665,75
E01006739,Liverpool 058B,-2.87521,53.3401,10000
E01006740,Liverpool 057A,-2.89954,53.34828,500
E01006741,Liverpool 058C,-2.85103,53.34738,5000
E01006742,Liverpool 057B,-2.89789,53.3608,100
E01006743,Liverpool 058D,-2.87742,53.35127,9000
E01006744,Liverpool 057C,-2.90327,53.35782,75
E01006745,Liverpool 057D,-2.90058,53.35599,700
E01006746,Liverpool 030E,-2.95859,53.41338,250
E01006747,Liverpool 031B,-2.9664,53.40923,13000
E01006748,Liverpool 031C,-2.95971,53.40835,40
E01006751,Liverpool 031F,-2.95543,53.40136,900
E01006753,Liverpool 059A,-2.84649,53.34118,20
E01006754,Liverpool 059B,-2.82365,53.34391,100
E01006755,Liverpool 059C,-2.83943,53.34295,1250
E01006756,Liverpool 059D,-2.82946,53.34433,50
E01006757,Liverpool 059E,-2.83211,53.33855,45
E01006758,Liverpool 059F,-2.8462,53.34488,75
E01006759,Liverpool 028D,-2.93742,53.41801,150
E01006760,Liverpool 028E,-2.94289,53.4218,250
E01006761,Liverpool 020B,-2.92688,53.42309,800
E01006762,Liverpool 015E,-2.94268,53.43203,250
E01006763,Liverpool 020C,-2.93304,53.42962,40
E01006764,Liverpool 020D,-2.93382,53.42488,250
E01006765,Liverpool 020E,-2.92972,53.42765,50
E01006766,Liverpool 019E,-2.94692,53.42853,125
E01006767,Liverpool 019F,-2.94029,53.42686,100
E01006768,Liverpool 020F,-2.91993,53.42412,175
E01006769,Liverpool 040B,-2.87425,53.39789,175
E01006770,Liverpool 040C,-2.86531,53.39384,25
E01006771,Liverpool 040D,-2.85478,53.39236,1000
E01006772,Liverpool 040E,-2.86309,53.38903,500
E01006773,Liverpool 036D,-2.88605,53.40404,75
E01006774,Liverpool 036E,-2.88236,53.40246,200
E01006775,Liverpool 040F,-2.86209,53.39601,25
E01006776,Liverpool 022B,-2.99663,53.43168,2500
E01006778,Liverpool 014E,-2.99015,53.43242,5000
E01006779,Liverpool 022D,-2.98947,53.42387,450
E01006780,Liverpool 002D,-2.95891,53.46713,75
E01006781,Liverpool 003A,-2.96659,53.46564,35
E01006782,Liverpool 003B,-2.96312,53.46386,350
E01006783,Liverpool 002E,-2.95658,53.46381,800
E01006784,Liverpool 003C,-2.96666,53.46202,175
E01006785,Liverpool 003D,-2.95703,53.45846,600
E01006786,Liverpool 003E,-2.97007,53.46081,700
E01006787,Liverpool 006A,-2.96582,53.45535,350
E01006788,Liverpool 006B,-2.95771,53.4543,50
E01006790,Liverpool 006C,-2.96957,53.45003,500
E01006791,Liverpool 006D,-2.96119,53.45111,500
E01006792,Liverpool 046A,-2.87567,53.38273,175
E01006793,Liverpool 051A,-2.85687,53.38006,50
E01006794,Liverpool 046B,-2.86501,53.38201,250
E01006795,Liverpool 051B,-2.86959,53.37513,900
E01006796,Liverpool 047E,-2.88331,53.38063,600
E01006797,Liverpool 051C,-2.85666,53.37525,75
E01006798,Liverpool 051D,-2.86333,53.37629,250
E01006799,Liverpool 051E,-2.8755,53.37442,350
E01006800,Liverpool 046C,-2.87397,53.39148,175
E01006801,Liverpool 046D,-2.86743,53.38738,225
E01006802,St. Helens 002A,-2.71864,53.50351,250
E01006803,St. Helens 003A,-2.67719,53.48238,1250
E01006804,St. Helens 002B,-2.69513,53.49645,200
E01006805,St. Helens 003B,-2.67123,53.49632,125
E01006806,St. Helens 002C,-2.70512,53.49261,200
E01006807,St. Helens 002D,-2.71117,53.4874,150
E01006808,St. Helens 003C,-2.66779,53.49195,100
E01006809,St. Helens 003D,-2.67744,53.49045,225
E01006810,St. Helens 008A,-2.71407,53.46647,15
E01006811,St. Helens 008B,-2.70952,53.46561,200
E01006812,St. Helens 008C,-2.70871,53.46054,175
E01006813,St. Helens 008D,-2.69307,53.46655,100
E01006814,St. Helens 008E,-2.71654,53.462,15
E01006815,St. Helens 008F,-2.70196,53.463,200
E01006816,St. Helens 017A,-2.68367,53.44891,20
E01006817,St. Helens 017B,-2.69507,53.44879,75
E01006818,St. Helens 008G,-2.69089,53.46225,20
E01006819,St. Helens 011A,-2.69618,53.45751,175
E01006820,St. Helens 011B,-2.6911,53.45276,300
E01006821,St. Helens 011C,-2.70016,53.45138,50
E01006822,St. Helens 009A,-2.77241,53.45652,300
E01006823,St. Helens 009B,-2.78214,53.46063,100
E01006824,St. Helens 009C,-2.77106,53.46025,225
E01006825,St. Helens 009D,-2.78994,53.45956,225
E01006826,St. Helens 018A,-2.77848,53.45075,100
E01006827,St. Helens 018B,-2.77497,53.42904,150
E01006828,St. Helens 018C,-2.78573,53.43987,350
E01006829,St. Helens 018D,-2.77142,53.4445,250
E01006830,St. Helens 025A,-2.77063,53.43666,200
E01006831,St. Helens 016A,-2.75709,53.44168,125
E01006832,St. Helens 012A,-2.74107,53.44899,2500
E01006833,St. Helens 016B,-2.76306,53.44927,75
E01006834,St. Helens 012B,-2.75135,53.45037,500
E01006835,St. Helens 016C,-2.75994,53.44495,700
E01006836,St. Helens 005A,-2.62796,53.47328,3000
E01006837,St. Helens 006A,-2.67799,53.45968,450
E01006838,St. Helens 006B,-2.67204,53.46547,225
E01006839,St. Helens 005B,-2.65572,53.4633,300
E01006840,St. Helens 005C,-2.65689,53.47317,5000
E01006841,St. Helens 006C,-2.67078,53.46988,35
E01006842,St. Helens 005D,-2.66083,53.46999,300
E01006843,St. Helens 006D,-2.68454,53.46791,45
E01006844,St. Helens 020A,-2.70348,53.43634,300
E01006845,St. Helens 014A,-2.7121,53.44007,1750
E01006846,St. Helens 020B,-2.71927,53.43473,75
E01006847,St. Helens 020C,-2.71194,53.43192,75
E01006848,St. Helens 020D,-2.72151,53.43025,75
E01006849,St. Helens 004A,-2.73048,53.47306,35
E01006850,St. Helens 004B,-2.72147,53.47669,225
E01006851,St. Helens 004C,-2.74047,53.47738,35
E01006852,St. Helens 004D,-2.71519,53.47068,40
E01006853,St. Helens 004E,-2.73517,53.46573,300
E01006854,St. Helens 004F,-2.72651,53.46461,100
E01006855,St. Helens 004G,-2.73017,53.48886,50
E01006856,St. Helens 015A,-2.62409,53.46312,6000
E01006857,St. Helens 015B,-2.61224,53.44684,100
E01006858,St. Helens 015C,-2.62578,53.45323,125
E01006859,St. Helens 015D,-2.59767,53.45156,400
E01006860,St. Helens 015E,-2.63472,53.44803,300
E01006861,St. Helens 015F,-2.62445,53.44998,30
E01006862,St. Helens 015G,-2.62834,53.43975,300
E01006863,St. Helens 013A,-2.64418,53.45325,700
E01006864,St. Helens 013B,-2.63274,53.45341,450
E01006866,St. Helens 010A,-2.63555,53.46281,50
E01006867,St. Helens 010B,-2.64159,53.45881,350
E01006868,St. Helens 010C,-2.62935,53.45896,225
E01006869,St. Helens 010D,-2.65901,53.45657,175
E01006870,St. Helens 014B,-2.73054,53.4575,400
E01006871,St. Helens 011D,-2.70755,53.4525,200
E01006872,St. Helens 014C,-2.72835,53.45416,6000
E01006873,St. Helens 014D,-2.71674,53.45699,1000
E01006874,St. Helens 014E,-2.71499,53.44954,600
E01006875,St. Helens 017C,-2.70438,53.44634,1500
E01006876,St. Helens 016D,-2.75161,53.45647,125
E01006877,St. Helens 012C,-2.743,53.45605,2500
E01006878,St. Helens 016E,-2.75845,53.45471,75
E01006879,St. Helens 016F,-2.76516,53.45617,15
E01006880,St. Helens 012D,-2.75158,53.45274,150
E01006881,St. Helens 012E,-2.73743,53.45929,600
E01006882,St. Helens 001A,-2.77837,53.49913,100
E01006883,St. Helens 001B,-2.79819,53.49241,350
E01006884,St. Helens 001C,-2.78839,53.49891,175
E01006885,St. Helens 001D,-2.75534,53.49605,1500
E01006886,St. Helens 001E,-2.78174,53.51942,350
E01006887,St. Helens 001F,-2.79306,53.51151,200
E01006888,St. Helens 023A,-2.7553,53.41047,125
E01006889,St. Helens 023B,-2.74111,53.40784,400
E01006890,St. Helens 021A,-2.77425,53.42205,75
E01006891,St. Helens 023C,-2.77681,53.40977,450
E01006892,St. Helens 021B,-2.76811,53.42115,100
E01006893,St. Helens 021C,-2.77212,53.41804,450
E01006894,St. Helens 021D,-2.75873,53.41751,125
E01006895,St. Helens 023D,-2.76385,53.41173,450
E01006896,St. Helens 020E,-2.71923,53.42349,125
E01006897,St. Helens 020F,-2.70698,53.42264,800
E01006898,St. Helens 022A,-2.70063,53.4103,1000
E01006899,St. Helens 017D,-2.69057,53.44065,125
E01006901,St. Helens 020G,-2.71168,53.42712,100
E01006903,St. Helens 024A,-2.75739,53.43672,350
E01006904,St. Helens 016G,-2.76401,53.43995,100
E01006905,St. Helens 024B,-2.74537,53.43876,15
E01006906,St. Helens 025B,-2.76141,53.4326,175
E01006907,St. Helens 024C,-2.75027,53.43345,45
E01006908,St. Helens 022C,-2.71601,53.41908,45
E01006909,St. Helens 022D,-2.72084,53.41882,75
E01006910,St. Helens 022E,-2.73726,53.41588,1000
E01006911,St. Helens 022F,-2.72585,53.42135,150
E01006912,St. Helens 024E,-2.73185,53.4344,7000
E01006913,St. Helens 024D,-2.74392,53.43413,450
E01006914,St. Helens 007A,-2.79275,53.47131,175
E01006915,St. Helens 007B,-2.74467,53.46261,100
E01006916,St. Helens 007C,-2.75751,53.46739,350
E01006917,St. Helens 007D,-2.76582,53.46367,300
E01006918,St. Helens 007E,-2.75848,53.45884,400
E01006919,St. Helens 007F,-2.75419,53.47211,300
E01006920,Sefton 011A,-3.03497,53.59969,400
E01006921,Sefton 012A,-3.0417,53.59593,50
E01006922,Sefton 012B,-3.06533,53.59878,250
E01006923,Sefton 012C,-3.04657,53.59052,75
E01006924,Sefton 011B,-3.03534,53.59178,125
E01006925,Sefton 011C,-3.02377,53.60731,300
E01006926,Sefton 012D,-3.04537,53.60457,300
E01006927,Sefton 011D,-3.03287,53.60771,350
E01006928,Sefton 009A,-3.01674,53.62619,150
E01006929,Sefton 010A,-3.00517,53.62412,300
E01006930,Sefton 010B,-3.00908,53.61842,175
E01006931,Sefton 010C,-3.01689,53.61917,400
E01006932,Sefton 010D,-3.02376,53.61758,250
E01006933,Sefton 010E,-3.01533,53.61473,175
E01006934,Sefton 007A,-3.01025,53.63382,300
E01006935,Sefton 009B,-3.01191,53.62773,125
E01006936,Sefton 022A,-3.05218,53.4905,300
E01006937,Sefton 022B,-3.03685,53.49239,50
E01006938,Sefton 022C,-3.04879,53.49955,500
E01006939,Sefton 022D,-3.02977,53.49112,500
E01006940,Sefton 022E,-3.03754,53.49026,250
E01006941,Sefton 028A,-3.0402,53.48635,500
E01006942,Sefton 028B,-3.04224,53.48085,100
E01006943,Sefton 022F,-3.03388,53.49609,200
E01006944,Sefton 003A,-2.98969,53.65287,500
E01006945,Sefton 004A,-2.99505,53.6528,400
E01006946,Sefton 001A,-2.9721,53.67553,700
E01006947,Sefton 002A,-2.97138,53.66578,125
E01006948,Sefton 003B,-2.97621,53.66919,125
E01006949,Sefton 003C,-2.98188,53.65977,400
E01006950,Sefton 004B,-2.99444,53.6689,1000
E01006951,Sefton 003D,-2.98154,53.65451,225
E01006952,Sefton 032A,-3.01183,53.46764,225
E01006953,Sefton 032B,-3.01884,53.46708,2500
E01006954,Sefton 028C,-3.03609,53.47488,75
E01006955,Sefton 030A,-3.01708,53.47911,250
E01006956,Sefton 030B,-3.02403,53.47675,800
E01006957,Sefton 032C,-3.02974,53.46814,700
E01006958,Sefton 030C,-3.03056,53.47608,450
E01006959,Sefton 032D,-3.01832,53.47337,800
E01006960,Sefton 038A,-2.97696,53.45021,40
E01006961,Sefton 038B,-2.98504,53.44577,2000
E01006962,Sefton 038C,-2.97824,53.44699,225
E01006963,Sefton 038D,-2.98381,53.44264,175
E01006964,Sefton 036A,-2.98915,53.45606,250
E01006965,Sefton 038E,-2.97677,53.4551,125
E01006966,Sefton 038F,-2.98387,53.45442,300
E01006967,Sefton 037A,-2.98589,53.44991,1000
E01006969,Sefton 004D,-2.99485,53.64712,1500
E01006970,Sefton 007B,-3.00661,53.64173,600
E01006971,Sefton 009C,-3.03766,53.636,350
E01006972,Sefton 009D,-3.01513,53.6368,400
E01006973,Sefton 009E,-3.032,53.63267,300
E01006974,Sefton 009F,-3.03689,53.61786,1750
E01006976,Sefton 033A,-2.9939,53.47274,250
E01006977,Sefton 032E,-3.00581,53.48206,225
E01006978,Sefton 031A,-3.00329,53.47222,150
E01006979,Sefton 024A,-2.99706,53.4884,50
E01006980,Sefton 024B,-2.99737,53.48304,75
E01006981,Sefton 031B,-2.98771,53.47839,300
E01006982,Sefton 031C,-2.99558,53.47874,100
E01006983,Sefton 031D,-3.00283,53.47831,100
E01006984,Sefton 031E,-2.99287,53.47639,75
E01006985,Sefton 013A,-3.06228,53.57125,175
E01006986,Sefton 013B,-3.08691,53.56936,400
E01006987,Sefton 013C,-3.03722,53.57791,600
E01006988,Sefton 014A,-3.0492,53.56347,225
E01006989,Sefton 013D,-3.09545,53.55975,250
E01006990,Sefton 013E,-3.07725,53.55557,125
E01006991,Sefton 015A,-3.08616,53.55496,100
E01006992,Sefton 015B,-3.07252,53.55037,350
E01006993,Sefton 015C,-3.08713,53.54356,300
E01006994,Sefton 007C,-2.99932,53.64018,900
E01006995,Sefton 008A,-2.98595,53.63842,500
E01006996,Sefton 007D,-2.99267,53.64097,450
E01006997,Sefton 008B,-2.99202,53.63406,125
E01006998,Sefton 007E,-3.00072,53.63735,450
E01006999,Sefton 008C,-2.97645,53.63386,4000
E01007000,Sefton 008D,-2.98833,53.63453,50
E01007001,Sefton 008E,-3.00048,53.63006,600
E01007002,Sefton 008F,-2.98729,53.62772,600
E01007003,Sefton 036B,-3.00287,53.46052,175
E01007004,Sefton 034A,-3.01108,53.4627,50
E01007005,Sefton 034B,-3.01956,53.4596,225
E01007006,Sefton 036C,-2.99645,53.45662,175
E01007007,Sefton 037B,-2.99739,53.45123,600
E01007008,Sefton 037C,-3.00623,53.45359,500
E01007009,Sefton 037D,-3.00768,53.44549,8000
E01007010,Sefton 037E,-2.99478,53.44268,600
E01007011,Sefton 034C,-3.00543,53.46388,150
E01007012,Sefton 036D,-2.99112,53.46124,125
E01007013,Sefton 036E,-2.99706,53.46094,300
E01007014,Sefton 033B,-2.98233,53.47327,100
E01007016,Sefton 034D,-3.00023,53.46685,300
E01007017,Sefton 034E,-2.99466,53.46406,450
E01007019,Sefton 035A,-2.9844,53.45996,1000
E01007020,Sefton 021A,-3.00354,53.49568,200
E01007021,Sefton 025A,-3.01829,53.49345,250
E01007022,Sefton 021B,-3.03346,53.50917,225
E01007023,Sefton 021C,-3.01192,53.5013,175
E01007024,Sefton 024C,-2.99693,53.49771,300
E01007025,Sefton 025B,-3.01066,53.49132,150
E01007026,Sefton 024D,-3.00711,53.48798,75
E01007027,Sefton 021D,-3.05159,53.52161,200
E01007028,Sefton 001B,-2.94865,53.67334,100
E01007029,Sefton 001C,-2.95286,53.67564,200
E01007030,Sefton 001D,-2.94904,53.66841,50
E01007031,Sefton 002B,-2.9535,53.66427,75
E01007032,Sefton 002C,-2.96362,53.66416,700
E01007033,Sefton 002D,-2.96694,53.66763,75
E01007034,Sefton 003E,-2.97239,53.65786,125
E01007035,Sefton 002E,-2.9552,53.65705,450
E01007036,Sefton 001E,-2.9652,53.68368,35
E01007037,Sefton 021E,-2.9995,53.50214,225
E01007038,Sefton 021F,-2.98094,53.50796,800
E01007039,Sefton 026A,-2.91536,53.48381,75
E01007040,Sefton 026B,-2.91463,53.49398,400
E01007041,Sefton 027A,-2.94847,53.48187,3000
E01007042,Sefton 026C,-2.93952,53.48787,150
E01007043,Sefton 027B,-2.94247,53.48327,50
E01007044,Sefton 026D,-2.93087,53.47999,40
E01007045,Sefton 026E,-2.93417,53.47718,75
E01007046,Sefton 027C,-2.96115,53.47935,700
E01007047,Sefton 033E,-2.97551,53.47205,1750
E01007048,Sefton 029A,-2.96787,53.47542,2250
E01007049,Sefton 035B,-2.96795,53.46823,1250
E01007050,Sefton 035C,-2.98252,53.46673,200
E01007051,Sefton 035D,-2.97919,53.46235,175
E01007052,Sefton 035E,-2.97653,53.45875,10
E01007053,Sefton 027D,-2.95635,53.48574,1000
E01007054,Sefton 029B,-2.97534,53.4814,100
E01007055,Sefton 005A,-2.96197,53.64664,30
E01007056,Sefton 005B,-2.96594,53.64443,600
E01007057,Sefton 005C,-2.95739,53.65042,125
E01007058,Sefton 006A,-2.98738,53.64589,350
E01007059,Sefton 006B,-2.97838,53.64507,150
E01007060,Sefton 006C,-2.97035,53.63756,900
E01007061,Sefton 006D,-2.98093,53.64243,150
E01007062,Sefton 005D,-2.96911,53.65189,250
E01007063,Sefton 005E,-2.97189,53.64922,250
E01007064,Sefton 006E,-2.98087,53.64836,350
E01007065,Sefton 020A,-2.94512,53.49834,125
E01007066,Sefton 020B,-2.94434,53.50421,175
E01007067,Sefton 017A,-2.95307,53.53523,150
E01007068,Sefton 017B,-2.94985,53.52949,125
E01007069,Sefton 017C,-2.94767,53.52507,100
E01007070,Sefton 017D,-2.95655,53.51833,150
E01007071,Sefton 020C,-2.95976,53.51204,500
E01007072,Sefton 020D,-2.94892,53.51292,600
E01007073,Sefton 020E,-2.9498,53.50673,1000
E01007074,Sefton 019A,-2.93871,53.50388,150
E01007075,Sefton 016A,-3.04337,53.55338,900
E01007076,Sefton 016B,-3.03042,53.52992,700
E01007077,Sefton 016C,-3.05863,53.55018,250
E01007078,Sefton 015D,-3.06785,53.54966,175
E01007079,Sefton 014B,-3.0645,53.56412,500
E01007080,Sefton 014C,-3.05477,53.5603,200
E01007081,Sefton 014D,-3.0633,53.55952,1000
E01007082,Sefton 016D,-3.04885,53.55513,350
E01007083,Sefton 023A,-2.9672,53.49163,50
E01007084,Sefton 027E,-2.95926,53.492,450
E01007085,Sefton 023B,-2.97534,53.49026,300
E01007086,Sefton 023C,-2.98254,53.4889,175
E01007087,Sefton 029C,-2.96449,53.48773,500
E01007088,Sefton 029D,-2.96512,53.48525,1000
E01007089,Sefton 024E,-2.99164,53.48506,75
E01007090,Sefton 029E,-2.98592,53.48514,75
E01007091,Sefton 023D,-2.97267,53.4949,100
E01007092,Sefton 023E,-2.98282,53.49321,50
E01007095,Sefton 018C,-2.93913,53.51896,600
E01007096,Sefton 018D,-2.93567,53.51727,30
E01007097,Sefton 019B,-2.93312,53.51344,175
E01007098,Sefton 019C,-2.91706,53.50931,125
E01007099,Sefton 019D,-2.93203,53.50738,700
E01007100,Sefton 018E,-2.93201,53.52408,125
E01007101,Sefton 017E,-2.94242,53.52232,75
E01007102,Sefton 030D,-3.02769,53.47996,200
E01007103,Sefton 030E,-3.02909,53.48306,225
E01007104,Sefton 028D,-3.02793,53.48792,400
E01007105,Sefton 025C,-3.0226,53.49126,1000
E01007106,Sefton 025D,-3.01478,53.48698,450
E01007107,Sefton 025E,-3.01933,53.48262,150
E01007108,Sefton 025F,-3.01346,53.48293,50
E01007109,Sefton 028E,-3.03458,53.48515,600
E01007111,Wirral 032A,-3.0231,53.36318,175
E01007112,Wirral 032B,-3.0108,53.3602,500
E01007114,Wirral 032D,-3.01882,53.36065,35
E01007115,Wirral 031A,-3.00908,53.35658,150
E01007116,Wirral 032E,-3.02142,53.35751,250
E01007117,Wirral 035B,-3.01737,53.35292,300
E01007121,Wirral 011B,-3.06481,53.40965,1500
E01007122,Wirral 011C,-3.05604,53.4026,350
E01007127,Wirral 016B,-3.03178,53.39267,150
E01007128,Wirral 016C,-3.02709,53.39004,4500
E01007129,Wirral 016D,-3.0373,53.38765,600
E01007130,Wirral 021A,-3.02918,53.38523,250
E01007131,Wirral 021B,-3.02859,53.38272,600
E01007133,Wirral 016E,-3.03216,53.39947,1250
E01007135,Wirral 039A,-2.97426,53.33474,6000
E01007136,Wirral 039B,-2.98398,53.32829,15
E01007137,Wirral 039C,-2.98426,53.33149,200
E01007138,Wirral 031B,-2.99535,53.36061,100
E01007139,Wirral 031C,-3.00055,53.36319,1250
E01007141,Wirral 031D,-2.9976,53.35735,350
E01007142,Wirral 036B,-2.99074,53.34385,900
E01007143,Wirral 036C,-2.97238,53.34639,4500
E01007145,Wirral 038B,-2.99908,53.33981,75
E01007147,Wirral 038D,-2.99964,53.33385,125
E01007149,Wirral 041A,-2.98916,53.32041,100
E01007151,Wirral 035D,-3.01268,53.34832,450
E01007152,Wirral 036D,-3.00373,53.34978,1750
E01007153,Wirral 036E,-3.00612,53.34777,75
E01007154,Wirral 035E,-3.00688,53.3429,150
E01007155,Wirral 020A,-3.04026,53.39056,400
E01007156,Wirral 015B,-3.05011,53.394,700
E01007160,Wirral 020B,-3.04846,53.38786,500
E01007164,Wirral 042A,-2.95777,53.32192,600
E01007165,Wirral 041C,-2.97905,53.31185,20
E01007166,Wirral 042B,-2.97415,53.31205,100
E01007167,Wirral 042C,-2.9701,53.31542,30
E01007168,Wirral 042D,-2.97215,53.30635,100
E01007169,Wirral 042E,-2.94331,53.31141,800
E01007170,Wirral 039D,-2.97932,53.32552,1000
E01007171,Wirral 041D,-2.97398,53.32116,350
E01007172,Wirral 041E,-2.98179,53.31681,150
E01007173,Wirral 029A,-3.02457,53.36932,175
E01007174,Wirral 029B,-3.02377,53.37354,125
E01007175,Wirral 027A,-3.01634,53.36984,125
E01007176,Wirral 029C,-3.01028,53.36885,175
E01007177,Wirral 029D,-3.0322,53.36963,175
E01007178,Wirral 029E,-3.01461,53.36598,200
E01007179,Wirral 021C,-3.02931,53.37982,75
E01007180,Wirral 022A,-3.03033,53.37681,125
E01007181,Wirral 022B,-3.03563,53.37417,600
E01007211,Wirral 004A,-3.06008,53.41677,50
E01007212,Wirral 007A,-3.05033,53.41511,75
E01007213,Wirral 007B,-3.05498,53.41442,400
E01007214,Wirral 007C,-3.04567,53.41594,1500
E01007215,Wirral 005A,-3.02812,53.4216,200
E01007216,Wirral 005B,-3.03991,53.42016,350
E01007217,Wirral 007D,-3.04669,53.42046,1000
E01007218,Wirral 002A,-3.0359,53.42153,250
E01007219,Wirral 005C,-3.03583,53.41811,125
E01007220,Wirral 005D,-3.0303,53.41903,75
E01007229,Wirral 001A,-3.04629,53.43297,225
E01007230,Wirral 001B,-3.04032,53.44139,50
E01007231,Wirral 001C,-3.04574,53.43561,200
E01007232,Wirral 002B,-3.03455,53.42696,225
E01007233,Wirral 002C,-3.04293,53.42982,250
E01007234,Wirral 002D,-3.03642,53.43116,125
E01007235,Wirral 004B,-3.04707,53.42685,75
E01007236,Wirral 002E,-3.04064,53.42539,75
E01007237,Wirral 001D,-3.05313,53.43714,500
E01007238,Wirral 001E,-3.04005,53.43814,350
E01007239,Wirral 022C,-3.0375,53.38404,250
E01007244,Wirral 022E,-3.03603,53.37991,125
E01007269,Wirral 010C,-3.03372,53.4068,1750
E01007270,Wirral 010D,-3.04588,53.41002,200
E01007271,Wirral 010E,-3.03795,53.41212,250
E01007272,Wirral 008A,-3.02936,53.41198,125
E01007273,Wirral 008B,-3.02458,53.40903,200
E01007274,Wirral 008C,-3.01874,53.40459,1000
E01007275,Wirral 005E,-3.03132,53.41473,225
E01007276,Wirral 007E,-3.03989,53.4143,25
E01007277,Wirral 008D,-3.02411,53.41723,125
E01007278,Wirral 008E,-3.02579,53.41244,150
E01007289,Wirral 031E,-3.00334,53.36556,300
E01007290,Wirral 027B,-3.00141,53.37129,250
E01007291,Wirral 021D,-3.01588,53.38605,2500
E01007292,Wirral 021E,-3.02198,53.38071,900
E01007293,Wirral 027C,-3.0113,53.37818,600
E01007294,Wirral 021F,-3.02169,53.37698,100
E01007295,Wirral 027D,-3.01036,53.37282,350
E01007296,Wirral 027E,-3.01822,53.37509,350
E01007307,Wirral 003A,-3.06179,53.4323,200
E01007308,Wirral 003B,-3.06897,53.43217,250
E01007309,Wirral 006D,-3.0775,53.42424,700
E01007310,Wirral 004C,-3.05455,53.43051,450
E01007311,Wirral 004D,-3.05948,53.42638,75
E01007312,Wirral 003C,-3.06337,53.4203,300
E01007313,Wirral 003D,-3.06482,53.42463,500
E01007314,Wirral 004E,-3.05106,53.42497,700
E01007315,Wirral 003E,-3.07037,53.42162,35
E01007316,Wirral 004F,-3.05476,53.42196,175
E01007317,Barnsley 018A,-1.44675,53.53897,200
E01007318,Barnsley 018B,-1.4556,53.54371,350
E01007319,Barnsley 015A,-1.42866,53.5411,900
E01007320,Barnsley 018C,-1.44577,53.54384,150
E01007321,Barnsley 015B,-1.42407,53.54845,50
E01007322,Barnsley 015C,-1.44653,53.55011,2000
E01007323,Barnsley 007A,-1.47933,53.5861,125
E01007324,Barnsley 007B,-1.47748,53.58073,300
E01007325,Barnsley 007C,-1.47239,53.58309,50
E01007326,Barnsley 007D,-1.46888,53.57955,75
E01007327,Barnsley 007E,-1.4604,53.57632,1250
E01007328,Barnsley 006A,-1.37186,53.59059,175
E01007329,Barnsley 003A,-1.41832,53.59693,225
E01007330,Barnsley 006B,-1.38601,53.5969,200
E01007331,Barnsley 003B,-1.40241,53.58696,500
E01007332,Barnsley 006C,-1.38522,53.57275,3500
E01007333,Barnsley 006D,-1.36891,53.57024,75
E01007334,Barnsley 009A,-1.4665,53.55989,1000
E01007335,Barnsley 009B,-1.45694,53.55899,350
E01007336,Barnsley 013A,-1.47557,53.55539,4000
E01007337,Barnsley 015D,-1.46806,53.55235,1500
E01007338,Barnsley 017A,-1.47605,53.54795,450
E01007339,Barnsley 017B,-1.46878,53.54635,175
E01007340,Barnsley 013B,-1.48135,53.55121,8000
E01007341,Barnsley 008A,-1.39892,53.56816,1000
E01007342,Barnsley 003C,-1.41696,53.58889,100
E01007343,Barnsley 003D,-1.42009,53.58245,225
E01007344,Barnsley 011A,-1.43321,53.5724,350
E01007345,Barnsley 008B,-1.41433,53.57713,700
E01007346,Barnsley 008C,-1.42184,53.56908,175
E01007347,Barnsley 008D,-1.39405,53.56411,200
E01007348,Barnsley 020A,-1.37784,53.54034,150
E01007349,Barnsley 020B,-1.34802,53.5393,100
E01007350,Barnsley 020C,-1.39056,53.54638,75
E01007351,Barnsley 020D,-1.36258,53.54242,800
E01007352,Barnsley 020E,-1.38005,53.53593,250
E01007353,Barnsley 020F,-1.37688,53.53178,125
E01007354,Barnsley 020G,-1.3493,53.5674,150
E01007355,Barnsley 005A,-1.52326,53.59124,50
E01007356,Barnsley 004A,-1.49773,53.5951,250
E01007357,Barnsley 004B,-1.5074,53.58945,200
E01007358,Barnsley 005B,-1.52697,53.58491,300
E01007359,Barnsley 005C,-1.55684,53.59434,900
E01007360,Barnsley 005D,-1.54738,53.58067,125
E01007361,Barnsley 004C,-1.5123,53.58147,600
E01007362,Barnsley 004D,-1.49555,53.58217,350
E01007363,Barnsley 004E,-1.52145,53.59373,40
E01007364,Barnsley 025A,-1.33577,53.52449,1000
E01007365,Barnsley 025B,-1.31117,53.52352,125
E01007366,Barnsley 025C,-1.30731,53.51783,100
E01007367,Barnsley 025D,-1.34055,53.51968,5
E01007368,Barnsley 025E,-1.32484,53.51473,225
E01007369,Barnsley 022A,-1.29757,53.53256,175
E01007370,Barnsley 022B,-1.29436,53.52318,300
E01007371,Barnsley 022C,-1.31882,53.52835,700
E01007372,Barnsley 014A,-1.30822,53.552,100
E01007373,Barnsley 014B,-1.2989,53.54681,600
E01007374,Barnsley 014C,-1.32594,53.54179,75
E01007375,Barnsley 014D,-1.31498,53.54098,250
E01007376,Barnsley 022D,-1.29935,53.53808,1250
E01007377,Barnsley 014E,-1.30459,53.55003,75
E01007378,Barnsley 014F,-1.31896,53.55221,400
E01007379,Barnsley 012A,-1.5449,53.55706,175
E01007380,Barnsley 012B,-1.51437,53.56499,3000
E01007381,Barnsley 012C,-1.50506,53.56878,1750
E01007382,Barnsley 019A,-1.52595,53.54785,1500
E01007383,Barnsley 019B,-1.51495,53.54347,75
E01007384,Barnsley 019C,-1.53575,53.53895,1500
E01007385,Barnsley 019D,-1.51355,53.53559,300
E01007386,Barnsley 005E,-1.53018,53.576,400
E01007387,Barnsley 012D,-1.52638,53.56882,600
E01007388,Barnsley 029A,-1.42637,53.49417,350
E01007389,Barnsley 030A,-1.44124,53.49594,75
E01007390,Barnsley 030B,-1.45047,53.49347,100
E01007391,Barnsley 030C,-1.44321,53.49977,500
E01007392,Barnsley 030D,-1.43922,53.5063,225
E01007393,Barnsley 029B,-1.4322,53.50129,150
E01007394,Barnsley 029C,-1.42044,53.50023,50
E01007395,Barnsley 030E,-1.444,53.5165,1250
E01007396,Barnsley 028A,-1.46184,53.49771,200
E01007397,Barnsley 028B,-1.45891,53.50476,600
E01007398,Barnsley 028C,-1.46861,53.51411,1000
E01007399,Barnsley 028D,-1.48822,53.50867,500
E01007400,Barnsley 009C,-1.45783,53.56728,175
E01007402,Barnsley 011B,-1.42458,53.56074,350
E01007403,Barnsley 011C,-1.43324,53.55779,75
E01007404,Barnsley 009D,-1.44707,53.5638,75
E01007405,Barnsley 011D,-1.44516,53.55715,700
E01007406,Barnsley 009E,-1.44271,53.57565,125
E01007408,Barnsley 010C,-1.49715,53.56073,125
E01007409,Barnsley 010D,-1.48578,53.55979,600
E01007410,Barnsley 010E,-1.47886,53.56285,500
E01007411,Barnsley 007F,-1.48499,53.57783,100
E01007413,Barnsley 017C,-1.47984,53.54208,150
E01007414,Barnsley 017D,-1.46999,53.54273,350
E01007415,Barnsley 013C,-1.50033,53.53917,350
E01007416,Barnsley 018D,-1.45954,53.54064,35
E01007417,Barnsley 013D,-1.48746,53.54974,350
E01007418,Barnsley 016A,-1.58247,53.5785,450
E01007419,Barnsley 016B,-1.55842,53.53951,300
E01007420,Barnsley 016C,-1.57301,53.54416,175
E01007421,Barnsley 027A,-1.52965,53.48492,300
E01007422,Barnsley 027B,-1.58875,53.50185,250
E01007423,Barnsley 027C,-1.56409,53.51367,200
E01007424,Barnsley 028E,-1.48038,53.49014,3000
E01007425,Barnsley 016D,-1.63312,53.53884,500
E01007426,Barnsley 027D,-1.75635,53.52053,900
E01007427,Barnsley 024A,-1.65964,53.52598,75
E01007428,Barnsley 024B,-1.65459,53.51817,1000
E01007429,Barnsley 024C,-1.62959,53.52377,125
E01007430,Barnsley 024D,-1.62067,53.52382,700
E01007431,Barnsley 024E,-1.63775,53.51611,200
E01007432,Barnsley 024F,-1.61785,53.52003,175
E01007433,Barnsley 002A,-1.43889,53.59337,300
E01007434,Barnsley 001A,-1.45134,53.60107,500
E01007435,Barnsley 001B,-1.46166,53.59641,100
E01007436,Barnsley 002B,-1.44909,53.59054,1500
E01007437,Barnsley 002C,-1.45662,53.58385,2000
E01007438,Barnsley 001C,-1.45458,53.60558,175
E01007439,Barnsley 001D,-1.47072,53.59326,100
E01007440,Barnsley 002D,-1.44438,53.60179,150
E01007441,Barnsley 013E,-1.49317,53.5563,400
E01007442,Barnsley 012E,-1.51303,53.5519,100
E01007443,Barnsley 013F,-1.49047,53.55286,1250
E01007444,Barnsley 012F,-1.50287,53.54917,450
E01007445,Barnsley 013G,-1.49617,53.54784,350
E01007446,Barnsley 012G,-1.50195,53.55707,5000
E01007447,Barnsley 023A,-1.41356,53.52579,225
E01007448,Barnsley 023B,-1.40241,53.5284,450
E01007449,Barnsley 023C,-1.40025,53.53601,1500
E01007450,Barnsley 023D,-1.4136,53.53897,350
E01007451,Barnsley 026A,-1.40653,53.51495,300
E01007452,Barnsley 026B,-1.4151,53.51684,150
E01007453,Barnsley 026C,-1.4096,53.52102,100
E01007455,Barnsley 026E,-1.39007,53.51414,50
E01007456,Barnsley 029D,-1.40615,53.50646,125
E01007457,Barnsley 029E,-1.4309,53.51753,125
E01007458,Barnsley 021A,-1.45588,53.52644,250
E01007459,Barnsley 021B,-1.48548,53.52862,175
E01007460,Barnsley 021C,-1.47456,53.53708,125
E01007461,Barnsley 021D,-1.46454,53.53457,100
E01007462,Barnsley 021E,-1.43496,53.53369,100
E01007463,Barnsley 021F,-1.46891,53.53107,300
E01007464,Doncaster 009A,-1.1913,53.56811,400
E01007465,Doncaster 009B,-1.20331,53.57222,700
E01007466,Doncaster 009C,-1.20607,53.56595,250
E01007467,Doncaster 009D,-1.19272,53.56234,400
E01007468,Doncaster 005A,-1.21008,53.58924,50
E01007469,Doncaster 005B,-1.19735,53.59137,125
E01007470,Doncaster 005C,-1.19196,53.58793,30
E01007471,Doncaster 009E,-1.1882,53.5737,150
E01007472,Doncaster 005D,-1.18454,53.58665,75
E01007473,Doncaster 005E,-1.16698,53.58151,1250
E01007474,Doncaster 005F,-1.19537,53.58127,450
E01007475,Doncaster 011A,-1.0563,53.5527,75
E01007476,Doncaster 011B,-1.06689,53.554,450
E01007477,Doncaster 011C,-1.07477,53.55302,175
E01007478,Doncaster 011D,-1.06691,53.54541,700
E01007479,Doncaster 014A,-1.02455,53.53845,4000
E01007480,Doncaster 014B,-1.05501,53.54112,75
E01007482,Doncaster 014D,-1.05157,53.53664,350
E01007483,Doncaster 017A,-1.0597,53.5273,150
E01007484,Doncaster 017B,-1.04488,53.53425,300
E01007485,Doncaster 017C,-1.03975,53.52767,450
E01007486,Doncaster 017D,-1.05087,53.53252,125
E01007487,Doncaster 002A,-1.17521,53.62264,75
E01007488,Doncaster 002B,-1.11074,53.61123,500
E01007489,Doncaster 002C,-1.15305,53.62934,350
E01007490,Doncaster 002D,-1.20342,53.61722,300
E01007491,Doncaster 002E,-1.15893,53.61179,100
E01007492,Doncaster 002F,-1.14271,53.61273,250
E01007493,Doncaster 002G,-1.1855,53.63026,400
E01007494,Doncaster 023A,-1.1552,53.50803,350
E01007495,Doncaster 028A,-1.13756,53.50254,3000
E01007496,Doncaster 029A,-1.16546,53.50546,100
E01007497,Doncaster 029B,-1.16486,53.50197,75
E01007498,Doncaster 029C,-1.15566,53.4984,600
E01007499,Doncaster 029D,-1.16149,53.49882,125
E01007500,Doncaster 028B,-1.14554,53.49873,150
E01007501,Doncaster 029E,-1.1687,53.49784,125
E01007503,Doncaster 029F,-1.15866,53.49287,50
E01007504,Doncaster 009F,-1.17231,53.56745,1250
E01007505,Doncaster 013A,-1.12775,53.54795,600
E01007506,Doncaster 010A,-1.14176,53.56107,225
E01007507,Doncaster 009G,-1.18009,53.55431,75
E01007508,Doncaster 010B,-1.13913,53.54888,225
E01007509,Doncaster 010C,-1.15055,53.55321,125
E01007510,Doncaster 010D,-1.14752,53.5464,350
E01007511,Doncaster 010E,-1.10324,53.56165,200
E01007512,Doncaster 012A,-1.16481,53.54037,250
E01007513,Doncaster 012B,-1.15456,53.54305,250
E01007514,Doncaster 013B,-1.14956,53.53961,225
E01007515,Doncaster 012C,-1.16606,53.54557,100
E01007516,Doncaster 013C,-1.15481,53.53603,300
E01007517,Doncaster 013D,-1.14767,53.53284,800
E01007518,Doncaster 012D,-1.17539,53.54773,225
E01007519,Doncaster 012E,-1.16158,53.54849,100
E01007520,Doncaster 027A,-1.0937,53.50057,50
E01007521,Doncaster 025A,-1.08802,53.50517,250
E01007522,Doncaster 024A,-1.07342,53.50644,250
E01007523,Doncaster 025B,-1.08348,53.49913,75
E01007524,Doncaster 025C,-1.07954,53.50358,100
E01007525,Doncaster 024B,-1.07604,53.5209,75
E01007526,Doncaster 025D,-1.0949,53.51446,800
E01007528,Doncaster 024C,-1.07292,53.51032,150
E01007529,Doncaster 022A,-1.14249,53.52131,2250
E01007530,Doncaster 022B,-1.13621,53.51344,3500
E01007531,Doncaster 022C,-1.15766,53.51678,150
E01007532,Doncaster 023B,-1.13818,53.5176,300
E01007533,Doncaster 023C,-1.14723,53.51376,350
E01007534,Doncaster 028D,-1.12443,53.50539,7000
E01007535,Doncaster 023D,-1.15048,53.50947,350
E01007536,Doncaster 032A,-1.22863,53.48803,450
E01007537,Doncaster 035A,-1.22058,53.47924,75
E01007538,Doncaster 035B,-1.24721,53.48393,35
E01007539,Doncaster 035C,-1.23829,53.48293,350
E01007540,Doncaster 035D,-1.23218,53.47832,125
E01007541,Doncaster 035E,-1.24301,53.4743,200
E01007542,Doncaster 032B,-1.24106,53.4889,250
E01007543,Doncaster 032C,-1.28268,53.48528,1000
E01007544,Doncaster 032D,-1.25112,53.48544,250
E01007545,Doncaster 034A,-1.17615,53.47422,1250
E01007546,Doncaster 033A,-1.188,53.49106,600
E01007547,Doncaster 034B,-1.19234,53.48381,450
E01007548,Doncaster 034C,-1.18547,53.48075,50
E01007549,Doncaster 034D,-1.19765,53.47863,300
E01007550,Doncaster 034E,-1.19395,53.46892,75
E01007551,Doncaster 033B,-1.17585,53.49959,125
E01007552,Doncaster 033C,-1.18652,53.49984,150
E01007553,Doncaster 008A,-0.99673,53.58066,600
E01007554,Doncaster 006A,-1.00902,53.58776,500
E01007555,Doncaster 006B,-1.01172,53.57445,450
E01007556,Doncaster 006C,-1.02484,53.58032,75
E01007557,Doncaster 008B,-0.99106,53.55494,2000
E01007558,Doncaster 008C,-1.00778,53.57701,125
E01007559,Doncaster 008D,-0.9251,53.56653,700
E01007560,Doncaster 008E,-1.01239,53.56626,300
E01007561,Doncaster 006D,-1.03382,53.56886,50
E01007562,Doncaster 006E,-1.02313,53.57129,30
E01007563,Doncaster 006F,-1.02262,53.58647,100
E01007564,Doncaster 018A,-1.09695,53.52978,75
E01007565,Doncaster 018B,-1.10517,53.53165,150
E01007566,Doncaster 018C,-1.08176,53.53116,600
E01007567,Doncaster 018D,-1.108,53.52829,6000
E01007568,Doncaster 018E,-1.1019,53.52655,75
E01007569,Doncaster 018F,-1.09469,53.52544,175
E01007570,Doncaster 015A,-1.09806,53.53746,150
E01007571,Doncaster 031A,-1.28839,53.49489,400
E01007572,Doncaster 031B,-1.28464,53.50101,500
E01007573,Doncaster 031C,-1.29737,53.49893,15
E01007574,Doncaster 031D,-1.30524,53.49776,200
E01007575,Doncaster 030A,-1.27262,53.49953,30
E01007576,Doncaster 031E,-1.28344,53.49619,300
E01007577,Doncaster 031F,-1.29599,53.49497,450
E01007578,Doncaster 030B,-1.27839,53.49374,1500
E01007579,Doncaster 030C,-1.25359,53.49984,350
E01007580,Doncaster 030D,-1.27114,53.50346,75
E01007581,Doncaster 016A,-1.17654,53.52879,250
E01007582,Doncaster 016B,-1.16348,53.53455,350
E01007583,Doncaster 020A,-1.24087,53.52513,400
E01007584,Doncaster 021A,-1.15358,53.52718,1000
E01007585,Doncaster 021B,-1.16081,53.52635,125
E01007586,Doncaster 020B,-1.26656,53.53212,100
E01007587,Doncaster 020C,-1.2531,53.57844,3500
E01007588,Doncaster 016C,-1.18994,53.53735,350
E01007589,Doncaster 016D,-1.17195,53.53509,75
E01007590,Doncaster 037A,-1.07506,53.47667,300
E01007591,Doncaster 036A,-1.06533,53.47151,100
E01007592,Doncaster 037B,-1.07916,53.47738,225
E01007593,Doncaster 037C,-1.08707,53.47638,600
E01007594,Doncaster 036B,-1.05137,53.46746,450
E01007595,Doncaster 037D,-1.07033,53.47389,125
E01007596,Doncaster 036C,-1.05133,53.48468,400
E01007597,Doncaster 037E,-1.07693,53.46674,50
E01007598,Doncaster 036D,-1.06887,53.4817,45
E01007599,Doncaster 026A,-0.9784,53.49935,225
E01007600,Doncaster 026B,-1.00802,53.50673,225
E01007601,Doncaster 026C,-1.03472,53.50988,250
E01007602,Doncaster 026D,-0.99748,53.48423,2000
E01007603,Doncaster 026E,-1.01372,53.52081,600
E01007604,Doncaster 024D,-1.0651,53.50528,75
E01007605,Doncaster 027C,-1.06201,53.50001,225
E01007606,Doncaster 027D,-1.06621,53.49209,700
E01007607,Doncaster 025E,-1.07052,53.50091,150
E01007609,Doncaster 038B,-1.02581,53.45923,900
E01007610,Doncaster 038C,-1.02943,53.4333,700
E01007611,Doncaster 039A,-1.13565,53.47493,6000
E01007612,Doncaster 039B,-1.12128,53.44494,200
E01007613,Doncaster 033D,-1.22687,53.46191,500
E01007614,Doncaster 039C,-1.08718,53.44525,1250
E01007615,Doncaster 039D,-1.10289,53.43271,450
E01007616,Doncaster 039E,-1.11646,53.43242,125
E01007617,Doncaster 021C,-1.19467,53.5209,200
E01007618,Doncaster 021D,-1.17274,53.5199,150
E01007619,Doncaster 021E,-1.17937,53.51316,175
E01007620,Doncaster 020D,-1.22097,53.49711,225
E01007621,Doncaster 007A,-1.05029,53.56635,200
E01007622,Doncaster 007B,-1.06112,53.5642,40
E01007623,Doncaster 007C,-1.06795,53.56071,350
E01007624,Doncaster 007D,-1.07965,53.57021,2000
E01007625,Doncaster 004A,-1.03068,53.63164,175
E01007626,Doncaster 004B,-1.04662,53.59253,350
E01007627,Doncaster 004C,-1.01739,53.60099,100
E01007628,Doncaster 004D,-1.02725,53.5981,75
E01007629,Doncaster 004E,-1.0212,53.59218,125
E01007630,Doncaster 007E,-1.05725,53.58138,125
E01007631,Doncaster 007F,-1.06088,53.5735,30
E01007632,Doncaster 001A,-0.90551,53.62106,250
E01007633,Doncaster 001B,-0.93915,53.63185,30
E01007634,Doncaster 001C,-0.94929,53.6262,250
E01007635,Doncaster 001D,-0.93035,53.62232,1500
E01007636,Doncaster 003A,-0.96388,53.6192,45
E01007637,Doncaster 003B,-0.95811,53.61793,500
E01007638,Doncaster 003C,-0.95473,53.61087,175
E01007639,Doncaster 003D,-0.96579,53.61224,1000
E01007640,Doncaster 003E,-0.97358,53.61795,2250
E01007641,Doncaster 003F,-0.95304,53.60331,75
E01007642,Doncaster 003G,-0.9467,53.60869,100
E01007643,Doncaster 022D,-1.11902,53.51671,250
E01007644,Doncaster 019A,-1.10325,53.51964,4000
E01007646,Doncaster 019B,-1.11859,53.52901,400
E01007647,Doncaster 019C,-1.11747,53.52237,700
E01007649,Doncaster 019E,-1.11145,53.5256,175
E01007650,Doncaster 015B,-1.08595,53.53904,600
E01007651,Doncaster 015C,-1.11627,53.53662,75
E01007652,Doncaster 015D,-1.10766,53.54084,2000
E01007653,Doncaster 015E,-1.11803,53.5351,150
E01007654,Doncaster 019F,-1.12406,53.53313,600
E01007655,Doncaster 022F,-1.13491,53.52762,4500
E01007656,Doncaster 015F,-1.08728,53.55046,4000
E01007657,Rotherham 029A,-1.21795,53.3622,100
E01007658,Rotherham 032A,-1.23361,53.36274,1250
E01007659,Rotherham 029B,-1.21034,53.35932,5
E01007660,Rotherham 032B,-1.1982,53.35269,150
E01007661,Rotherham 032C,-1.22602,53.35202,175
E01007662,Rotherham 032D,-1.21264,53.35438,10
E01007663,Rotherham 032E,-1.22291,53.34631,150
E01007664,Rotherham 032F,-1.1823,53.33979,250
E01007666,Rotherham 026A,-1.30271,53.38004,450
E01007667,Rotherham 030A,-1.31781,53.36554,125
E01007668,Rotherham 030B,-1.3147,53.37003,200
E01007669,Rotherham 030C,-1.30862,53.37258,75
E01007670,Rotherham 030D,-1.29058,53.36833,200
E01007671,Rotherham 031A,-1.32797,53.3646,400
E01007672,Rotherham 030E,-1.30797,53.36035,100
E01007673,Rotherham 030F,-1.31402,53.36112,175
E01007674,Rotherham 031B,-1.31641,53.35635,250
E01007675,Rotherham 023A,-1.34342,53.42172,200
E01007676,Rotherham 025A,-1.37212,53.41543,6000
E01007677,Rotherham 017A,-1.35694,53.42133,800
E01007678,Rotherham 023B,-1.34833,53.41078,6000
E01007679,Rotherham 023C,-1.33905,53.41828,150
E01007680,Rotherham 023D,-1.35174,53.41916,600
E01007681,Rotherham 012A,-1.25365,53.43127,100
E01007682,Rotherham 019A,-1.27643,53.42604,35
E01007683,Rotherham 019B,-1.27064,53.4288,125
E01007684,Rotherham 034A,-1.26576,53.42444,450
E01007685,Rotherham 018A,-1.24441,53.42253,4000
E01007686,Rotherham 019C,-1.28308,53.42428,600
E01007687,Rotherham 034C,-1.27266,53.4153,500
E01007688,Rotherham 019D,-1.28838,53.42287,150
E01007689,Rotherham 034B,-1.26199,53.42058,75
E01007690,Rotherham 034E,-1.28108,53.41101,350
E01007691,Rotherham 012B,-1.25524,53.43848,225
E01007692,Rotherham 012C,-1.2684,53.44964,75
E01007694,Rotherham 001B,-1.38108,53.51016,1000
E01007695,Rotherham 001C,-1.37573,53.50635,1250
E01007696,Rotherham 007A,-1.40293,53.47804,700
E01007697,Rotherham 001D,-1.36542,53.50703,50
E01007698,Rotherham 001E,-1.36878,53.4991,100
E01007699,Rotherham 027B,-1.37571,53.38814,3000
E01007700,Rotherham 027C,-1.33847,53.3811,600
E01007701,Rotherham 027D,-1.34552,53.38891,175
E01007702,Rotherham 025B,-1.36369,53.40506,150
E01007703,Rotherham 025C,-1.37356,53.40691,50
E01007704,Rotherham 025D,-1.36765,53.40426,175
E01007705,Rotherham 025E,-1.37784,53.4033,450
E01007706,Rotherham 027E,-1.35331,53.39923,75
E01007707,Rotherham 025F,-1.36895,53.399,75
E01007708,Rotherham 021A,-1.3276,53.42241,225
E01007709,Rotherham 021B,-1.31575,53.41971,150
E01007710,Rotherham 021C,-1.31818,53.42396,200
E01007711,Rotherham 021D,-1.32053,53.41641,200
E01007712,Rotherham 023E,-1.33061,53.41547,250
E01007713,Rotherham 023F,-1.33261,53.41084,300
E01007714,Rotherham 017B,-1.35678,53.43344,12000
E01007715,Rotherham 016A,-1.37745,53.43102,2000
E01007716,Rotherham 016B,-1.36764,53.43059,1250
E01007717,Rotherham 016C,-1.38067,53.4381,125
E01007718,Rotherham 016D,-1.38463,53.4264,1250
E01007719,Rotherham 010A,-1.30202,53.4442,75
E01007720,Rotherham 010B,-1.28308,53.47296,350
E01007721,Rotherham 010C,-1.31169,53.44376,900
E01007723,Rotherham 013A,-1.31351,53.43778,125
E01007724,Rotherham 021E,-1.29971,53.4274,300
E01007725,Rotherham 019E,-1.2762,53.43009,150
E01007726,Rotherham 019F,-1.28243,53.42855,100
E01007727,Rotherham 010D,-1.28932,53.4463,50
E01007728,Rotherham 009A,-1.36509,53.44693,2000
E01007729,Rotherham 009B,-1.37263,53.45135,300
E01007730,Rotherham 009C,-1.38394,53.44959,200
E01007731,Rotherham 009D,-1.36795,53.45816,250
E01007732,Rotherham 009E,-1.39014,53.45349,10
E01007733,Rotherham 009F,-1.38282,53.45388,100
E01007734,Rotherham 021F,-1.32794,53.42723,150
E01007735,Rotherham 013B,-1.31648,53.43161,175
E01007736,Rotherham 014A,-1.33303,53.44244,2000
E01007737,Rotherham 013C,-1.32276,53.45064,400
E01007738,Rotherham 013D,-1.32503,53.43899,125
E01007739,Rotherham 013E,-1.32384,53.4338,5
E01007740,Rotherham 011A,-1.38543,53.44215,200
E01007741,Rotherham 015A,-1.39023,53.43708,175
E01007742,Rotherham 015B,-1.39809,53.43869,150
E01007743,Rotherham 015C,-1.41665,53.44003,50
E01007744,Rotherham 015D,-1.39497,53.43303,600
E01007745,Rotherham 015E,-1.40328,53.42962,225
E01007746,Rotherham 015F,-1.41417,53.43012,15
E01007747,Rotherham 031C,-1.27209,53.34464,600
E01007748,Rotherham 033A,-1.26895,53.35971,100
E01007749,Rotherham 033B,-1.26129,53.34529,250
E01007750,Rotherham 031D,-1.30719,53.33921,1750
E01007751,Rotherham 033C,-1.27954,53.32395,450
E01007752,Rotherham 033D,-1.25526,53.33459,250
E01007753,Rotherham 033E,-1.22567,53.31895,350
E01007754,Rotherham 018B,-1.22983,53.42977,300
E01007755,Rotherham 018C,-1.21251,53.43116,50
E01007756,Rotherham 018D,-1.22048,53.42948,40
E01007757,Rotherham 020A,-1.18069,53.43003,75
E01007758,Rotherham 020B,-1.20477,53.42894,175
E01007759,Rotherham 020C,-1.19212,53.4262,35
E01007760,Rotherham 020D,-1.19234,53.41941,200
E01007761,Rotherham 018E,-1.2285,53.4254,500
E01007762,Rotherham 018F,-1.21145,53.42467,700
E01007763,Rotherham 020E,-1.20259,53.42154,700
E01007764,Rotherham 020F,-1.16581,53.41117,500
E01007765,Rotherham 014B,-1.33738,53.43032,100
E01007766,Rotherham 014C,-1.32941,53.43251,75
E01007767,Rotherham 017C,-1.34199,53.42773,500
E01007768,Rotherham 014D,-1.3455,53.43535,400
E01007769,Rotherham 017D,-1.34859,53.436,225
E01007770,Rotherham 014E,-1.3354,53.43458,250
E01007771,Rotherham 006A,-1.33285,53.4723,350
E01007772,Rotherham 006B,-1.31123,53.46856,400
E01007773,Rotherham 006C,-1.32785,53.46754,15
E01007774,Rotherham 006D,-1.32369,53.46388,45
E01007775,Rotherham 008A,-1.33946,53.46309,75
E01007776,Rotherham 008B,-1.33151,53.45599,250
E01007777,Rotherham 004A,-1.30474,53.47705,200
E01007778,Rotherham 005A,-1.35463,53.47663,150
E01007779,Rotherham 005B,-1.36483,53.47272,75
E01007780,Rotherham 005C,-1.34198,53.47255,75
E01007781,Rotherham 005D,-1.35066,53.46947,300
E01007782,Rotherham 005E,-1.34909,53.46465,20
E01007783,Rotherham 008C,-1.35042,53.45847,300
E01007784,Rotherham 008D,-1.34522,53.44986,3500
E01007785,Rotherham 029C,-1.18548,53.36518,125
E01007786,Rotherham 029D,-1.20952,53.36316,400
E01007788,Rotherham 028B,-1.17012,53.37887,125
E01007789,Rotherham 028C,-1.22709,53.3718,3500
E01007790,Rotherham 029E,-1.20551,53.37145,1000
E01007791,Rotherham 029F,-1.2019,53.36784,35
E01007792,Rotherham 028D,-1.22225,53.36692,125
E01007793,Rotherham 004B,-1.32405,53.47656,35
E01007794,Rotherham 004C,-1.31369,53.48038,15
E01007795,Rotherham 004D,-1.31386,53.47595,25
E01007796,Rotherham 003A,-1.31699,53.49066,100
E01007797,Rotherham 003B,-1.30873,53.49166,75
E01007798,Rotherham 003C,-1.30779,53.48288,150
E01007799,Rotherham 003D,-1.32213,53.48443,175
E01007800,Rotherham 003E,-1.30129,53.48858,2000
E01007801,Rotherham 007B,-1.42345,53.45184,150
E01007802,Rotherham 007C,-1.42577,53.46048,100
E01007803,Rotherham 007D,-1.43979,53.45611,125
E01007804,Rotherham 011B,-1.40343,53.44785,75
E01007805,Rotherham 011C,-1.39502,53.44661,175
E01007806,Rotherham 011D,-1.38985,53.44449,30
E01007807,Rotherham 011E,-1.39948,53.44296,150
E01007808,Rotherham 007E,-1.42543,53.4642,45
E01007809,Rotherham 026B,-1.26213,53.3917,150
E01007810,Rotherham 026C,-1.24684,53.39926,500
E01007811,Rotherham 034D,-1.31023,53.41347,200
E01007812,Rotherham 034F,-1.31531,53.40865,75
E01007815,Rotherham 026D,-1.26763,53.38283,400
E01007816,Rotherham 002A,-1.32592,53.49551,6000
E01007817,Rotherham 002B,-1.34955,53.4957,100
E01007818,Rotherham 003F,-1.33291,53.48816,175
E01007819,Rotherham 002C,-1.34725,53.49146,350
E01007820,Rotherham 002D,-1.32783,53.50588,6000
E01007821,Rotherham 002E,-1.34121,53.49799,700
E01007822,Rotherham 002F,-1.35387,53.50093,500
E01007823,Sheffield 069A,-1.48749,53.3263,300
E01007824,Sheffield 066A,-1.4921,53.33121,40
E01007825,Sheffield 066B,-1.50219,53.33498,175
E01007826,Sheffield 066C,-1.50196,53.32574,225
E01007827,Sheffield 064A,-1.45784,53.34633,450
E01007828,Sheffield 059A,-1.48506,53.344,75
E01007829,Sheffield 059B,-1.48819,53.34701,1000
E01007830,Sheffield 064B,-1.47082,53.34614,350
E01007831,Sheffield 059C,-1.48915,53.34192,700
E01007832,Sheffield 059D,-1.47501,53.34233,75
E01007833,Sheffield 064C,-1.47189,53.33388,100
E01007834,Sheffield 066D,-1.48769,53.336,400
E01007835,Sheffield 062A,-1.43041,53.33969,35
E01007836,Sheffield 062B,-1.41745,53.33967,150
E01007838,Sheffield 076A,-1.39702,53.35342,100
E01007839,Sheffield 076B,-1.40565,53.35017,450
E01007841,Sheffield 076C,-1.4088,53.34796,250
E01007842,Sheffield 076D,-1.40198,53.34209,350
E01007843,Sheffield 062C,-1.41488,53.34646,100
E01007846,Sheffield 062D,-1.42371,53.34334,300
E01007847,Sheffield 014A,-1.424,53.42341,15
E01007848,Sheffield 013A,-1.43897,53.41841,300
E01007849,Sheffield 010A,-1.44139,53.42465,450
E01007850,Sheffield 014B,-1.42894,53.42037,225
E01007851,Sheffield 013B,-1.44102,53.41478,225
E01007852,Sheffield 014C,-1.41762,53.42343,1000
E01007853,Sheffield 014D,-1.42983,53.41489,75
E01007854,Sheffield 014E,-1.42025,53.41369,2500
E01007855,Sheffield 014F,-1.43252,53.40937,400
E01007856,Sheffield 007A,-1.43214,53.43336,600
E01007857,Sheffield 010B,-1.43734,53.42815,225
E01007858,Sheffield 038A,-1.52483,53.37255,450
E01007861,Sheffield 038B,-1.53425,53.37008,200
E01007862,Sheffield 038C,-1.51255,53.3723,700
E01007863,Sheffield 036C,-1.50232,53.37038,500
E01007864,Sheffield 036D,-1.49365,53.37016,400
E01007865,Sheffield 038D,-1.52825,53.36573,600
E01007866,Sheffield 030A,-1.4923,53.38071,11000
E01007867,Sheffield 030B,-1.50094,53.37826,800
E01007868,Sheffield 030C,-1.50779,53.37818,1000
E01007869,Sheffield 020A,-1.45827,53.39989,100
E01007870,Sheffield 019A,-1.46874,53.39979,500
E01007871,Sheffield 019B,-1.4708,53.40494,175
E01007872,Sheffield 020B,-1.46505,53.40528,400
E01007873,Sheffield 020C,-1.45025,53.40242,600
E01007874,Sheffield 022A,-1.45552,53.39777,300
E01007875,Sheffield 022B,-1.46385,53.39374,400
E01007878,Sheffield 075A,-1.44469,53.37714,75
E01007879,Sheffield 075B,-1.45373,53.37671,250
E01007881,Sheffield 075C,-1.43903,53.37174,200
E01007882,Sheffield 075D,-1.44712,53.37298,175
E01007883,Sheffield 027A,-1.43173,53.38647,5000
E01007885,Sheffield 075E,-1.4491,53.38343,2250
E01007886,Sheffield 075F,-1.43982,53.3794,1000
E01007887,Sheffield 004A,-1.48193,53.46289,75
E01007888,Sheffield 003A,-1.48641,53.46498,50
E01007889,Sheffield 004B,-1.47026,53.47176,5000
E01007890,Sheffield 004C,-1.47558,53.46487,100
E01007891,Sheffield 004D,-1.45893,53.45734,300
E01007892,Sheffield 003B,-1.49708,53.47093,75
E01007893,Sheffield 003C,-1.49943,53.46095,125
E01007894,Sheffield 004E,-1.45447,53.46549,900
E01007895,Sheffield 004F,-1.47494,53.45935,225
E01007896,Sheffield 004G,-1.47143,53.45607,100
E01007897,Sheffield 005A,-1.48626,53.45632,125
E01007898,Sheffield 003D,-1.48616,53.47953,400
E01007899,Sheffield 003E,-1.50208,53.4699,50
E01007900,Sheffield 003F,-1.49032,53.47209,175
E01007901,Sheffield 003G,-1.48254,53.4698,75
E01007902,Sheffield 027B,-1.39644,53.39167,2250
E01007903,Sheffield 018A,-1.39145,53.40424,3500
E01007904,Sheffield 018B,-1.41232,53.40035,7000
E01007905,Sheffield 027C,-1.42353,53.39134,200
E01007906,Sheffield 027D,-1.41488,53.38992,1250
E01007907,Sheffield 032A,-1.4073,53.38274,350
E01007908,Sheffield 032B,-1.39895,53.38091,75
E01007909,Sheffield 032C,-1.38712,53.37712,600
E01007910,Sheffield 037A,-1.40147,53.37278,800
E01007911,Sheffield 032D,-1.37515,53.37271,2000
E01007912,Sheffield 037B,-1.39259,53.37181,200
E01007913,Sheffield 018C,-1.39957,53.41731,9000
E01007914,Sheffield 018D,-1.39423,53.41585,800
E01007915,Sheffield 071A,-1.51443,53.31638,125
E01007916,Sheffield 069B,-1.4862,53.32158,175
E01007917,Sheffield 071B,-1.5026,53.32081,350
E01007918,Sheffield 071C,-1.52436,53.32311,300
E01007919,Sheffield 069C,-1.49187,53.32163,30
E01007920,Sheffield 068A,-1.52576,53.32679,225
E01007921,Sheffield 068B,-1.54325,53.32385,350
E01007922,Sheffield 071D,-1.51443,53.32218,75
E01007923,Sheffield 068C,-1.53221,53.31894,500
E01007924,Sheffield 071E,-1.52662,53.31283,150
E01007925,Sheffield 068D,-1.54282,53.31069,200
E01007926,Sheffield 068E,-1.55398,53.3275,350
E01007927,Sheffield 055A,-1.52286,53.34948,600
E01007928,Sheffield 055B,-1.51943,53.35258,200
E01007929,Sheffield 055C,-1.49764,53.34792,700
E01007930,Sheffield 055D,-1.50901,53.34724,250
E01007931,Sheffield 047A,-1.50663,53.35279,200
E01007932,Sheffield 055E,-1.51154,53.33738,400
E01007933,Sheffield 068F,-1.52546,53.34114,500
E01007934,Sheffield 047B,-1.51788,53.36522,125
E01007935,Sheffield 047C,-1.50841,53.36665,175
E01007936,Sheffield 047D,-1.51044,53.36193,3000
E01007937,Sheffield 047E,-1.51356,53.35986,175
E01007938,Sheffield 047F,-1.52107,53.36005,600
E01007939,Sheffield 055F,-1.53602,53.355,350
E01007940,Sheffield 022E,-1.44323,53.41137,100
E01007941,Sheffield 015A,-1.46372,53.41314,900
E01007942,Sheffield 020D,-1.45518,53.40879,12000
E01007943,Sheffield 019C,-1.47054,53.41026,200
E01007945,Sheffield 015B,-1.47317,53.41533,125
E01007946,Sheffield 015C,-1.47025,53.41893,25
E01007947,Sheffield 013C,-1.45664,53.41443,50
E01007948,Sheffield 013D,-1.4512,53.41737,175
E01007949,Sheffield 020E,-1.44878,53.41327,100
E01007950,Sheffield 015D,-1.47886,53.41348,50
E01007951,Sheffield 029A,-1.51504,53.37913,400
E01007952,Sheffield 033A,-1.53128,53.37941,100
E01007953,Sheffield 033B,-1.54837,53.37616,400
E01007954,Sheffield 033C,-1.52387,53.37723,450
E01007955,Sheffield 041A,-1.54328,53.37123,175
E01007956,Sheffield 041B,-1.60655,53.36602,350
E01007957,Sheffield 041C,-1.55265,53.36981,75
E01007958,Sheffield 041D,-1.54391,53.36506,600
E01007959,Sheffield 041E,-1.55196,53.36335,100
E01007960,Sheffield 029B,-1.51339,53.38472,50
E01007961,Sheffield 033D,-1.52681,53.38512,175
E01007962,Sheffield 029C,-1.50613,53.38201,225
E01007963,Sheffield 045A,-1.40343,53.36039,200
E01007964,Sheffield 049A,-1.37293,53.36069,175
E01007965,Sheffield 044A,-1.35957,53.36174,300
E01007966,Sheffield 049B,-1.38687,53.361,300
E01007967,Sheffield 045B,-1.39455,53.36493,100
E01007968,Sheffield 049C,-1.37985,53.35976,50
E01007969,Sheffield 044B,-1.35951,53.35563,150
E01007970,Sheffield 049D,-1.37212,53.3554,400
E01007971,Sheffield 037C,-1.37704,53.36917,400
E01007972,Sheffield 044C,-1.36348,53.3663,125
E01007973,Sheffield 037D,-1.38913,53.36854,75
E01007974,Sheffield 044D,-1.34874,53.35904,150
E01007975,Sheffield 051A,-1.46718,53.36091,350
E01007976,Sheffield 051B,-1.46061,53.3566,150
E01007977,Sheffield 051C,-1.45303,53.35578,175
E01007978,Sheffield 053A,-1.47247,53.35853,600
E01007979,Sheffield 051D,-1.44485,53.35267,100
E01007980,Sheffield 053B,-1.46751,53.35507,175
E01007981,Sheffield 053C,-1.47839,53.3557,1250
E01007982,Sheffield 054A,-1.43767,53.35089,40
E01007983,Sheffield 053D,-1.48085,53.35159,400
E01007984,Sheffield 064D,-1.46383,53.35054,75
E01007985,Sheffield 053E,-1.47231,53.35044,225
E01007986,Sheffield 059E,-1.47844,53.34607,250
E01007987,Sheffield 016A,-1.50888,53.4129,250
E01007988,Sheffield 016B,-1.51692,53.41289,125
E01007989,Sheffield 016C,-1.50671,53.41072,175
E01007990,Sheffield 021A,-1.5238,53.40714,50
E01007991,Sheffield 016D,-1.51472,53.40911,125
E01007992,Sheffield 021B,-1.50815,53.40631,100
E01007993,Sheffield 021C,-1.51499,53.40512,25
E01007994,Sheffield 021D,-1.51011,53.40301,45
E01007995,Sheffield 017A,-1.50562,53.40348,450
E01007996,Sheffield 021E,-1.51488,53.40049,600
E01007997,Sheffield 025A,-1.52774,53.39703,125
E01007998,Sheffield 025B,-1.52623,53.39417,50
E01007999,Sheffield 045C,-1.40439,53.35627,45
E01008000,Sheffield 052A,-1.42259,53.35788,500
E01008001,Sheffield 052B,-1.41565,53.35348,250
E01008002,Sheffield 054B,-1.43117,53.35396,75
E01008003,Sheffield 054C,-1.42521,53.3554,250
E01008004,Sheffield 052C,-1.41461,53.35937,40
E01008005,Sheffield 052D,-1.41917,53.35088,75
E01008006,Sheffield 054D,-1.42704,53.34793,200
E01008007,Sheffield 060A,-1.43643,53.34421,125
E01008008,Sheffield 045D,-1.40577,53.36653,100
E01008009,Sheffield 045E,-1.41139,53.36519,125
E01008010,Sheffield 052E,-1.41703,53.36303,50
E01008011,Sheffield 039A,-1.41769,53.36859,350
E01008012,Sheffield 039B,-1.43075,53.36638,40
E01008013,Sheffield 039C,-1.42522,53.36369,150
E01008014,Sheffield 032E,-1.41534,53.38329,500
E01008015,Sheffield 039D,-1.43204,53.3776,900
E01008016,Sheffield 032F,-1.4216,53.3794,150
E01008017,Sheffield 039E,-1.4132,53.37348,400
E01008018,Sheffield 039F,-1.4234,53.37267,125
E01008019,Sheffield 065A,-1.33712,53.32674,700
E01008020,Sheffield 065B,-1.3562,53.33458,15
E01008021,Sheffield 072A,-1.38131,53.33176,250
E01008022,Sheffield 065C,-1.35157,53.33251,100
E01008023,Sheffield 072B,-1.34389,53.32192,500
E01008024,Sheffield 072C,-1.36287,53.33251,100
E01008025,Sheffield 072D,-1.37528,53.32321,350
E01008027,Sheffield 065D,-1.35428,53.32498,50
E01008028,Sheffield 056A,-1.34223,53.35273,400
E01008029,Sheffield 056B,-1.36676,53.34919,20
E01008030,Sheffield 063A,-1.33616,53.34575,400
E01008031,Sheffield 061A,-1.37386,53.34591,225
E01008032,Sheffield 056C,-1.34193,53.34617,100
E01008033,Sheffield 061B,-1.36226,53.34525,1000
E01008034,Sheffield 056D,-1.34986,53.34871,1750
E01008035,Sheffield 063B,-1.33007,53.34278,150
E01008036,Sheffield 063C,-1.33593,53.33942,25
E01008037,Sheffield 065E,-1.35491,53.34005,350
E01008038,Sheffield 061C,-1.38244,53.34085,75
E01008039,Sheffield 065F,-1.34614,53.34161,250
E01008040,Sheffield 061D,-1.37148,53.33852,100
E01008041,Sheffield 063D,-1.33451,53.33257,3000
E01008042,Sheffield 050A,-1.48538,53.35701,400
E01008043,Sheffield 046A,-1.49954,53.35936,125
E01008044,Sheffield 046B,-1.50528,53.35674,800
E01008045,Sheffield 050B,-1.49127,53.35575,50
E01008046,Sheffield 050C,-1.48863,53.35195,700
E01008047,Sheffield 046C,-1.49602,53.36693,700
E01008048,Sheffield 046D,-1.50128,53.36425,900
E01008049,Sheffield 050D,-1.4927,53.36525,2250
E01008050,Sheffield 046E,-1.50622,53.36358,350
E01008051,Sheffield 050E,-1.48519,53.36183,125
E01008052,Sheffield 050F,-1.49077,53.35967,250
E01008053,Sheffield 006A,-1.462,53.43229,35
E01008054,Sheffield 007B,-1.44475,53.43277,50
E01008055,Sheffield 007C,-1.44226,53.43624,350
E01008056,Sheffield 006B,-1.46924,53.43196,75
E01008057,Sheffield 007D,-1.45131,53.43379,150
E01008058,Sheffield 006C,-1.4581,53.4337,225
E01008059,Sheffield 010C,-1.44845,53.42922,175
E01008060,Sheffield 010D,-1.4531,53.42903,100
E01008061,Sheffield 011A,-1.45702,53.42424,200
E01008062,Sheffield 013E,-1.45075,53.42137,125
E01008063,Sheffield 011B,-1.46144,53.41929,125
E01008064,Sheffield 028A,-1.5055,53.38552,225
E01008065,Sheffield 026A,-1.48726,53.38791,350
E01008066,Sheffield 028B,-1.49778,53.38484,225
E01008067,Sheffield 030D,-1.4933,53.38448,100
E01008068,Sheffield 026B,-1.48655,53.38358,10000
E01008069,Sheffield 028C,-1.50169,53.38494,125
E01008072,Sheffield 026C,-1.48524,53.39511,1000
E01008073,Sheffield 030E,-1.49398,53.3885,50
E01008074,Sheffield 028D,-1.50252,53.3886,125
E01008075,Sheffield 060B,-1.44688,53.34724,25
E01008076,Sheffield 060C,-1.44535,53.34193,5
E01008077,Sheffield 060D,-1.44782,53.33919,10
E01008078,Sheffield 064E,-1.45238,53.33721,175
E01008079,Sheffield 064F,-1.46446,53.3308,1250
E01008080,Sheffield 069D,-1.4783,53.32763,50
E01008081,Sheffield 070A,-1.45874,53.32243,100
E01008082,Sheffield 070B,-1.46871,53.32337,225
E01008083,Sheffield 070C,-1.47864,53.32162,125
E01008084,Sheffield 070D,-1.47185,53.32011,50
E01008085,Sheffield 009A,-1.49487,53.43093,125
E01008086,Sheffield 009B,-1.49895,53.42764,75
E01008087,Sheffield 012A,-1.50282,53.42339,175
E01008088,Sheffield 012B,-1.49513,53.42299,500
E01008089,Sheffield 017B,-1.5096,53.42284,1500
E01008090,Sheffield 012C,-1.49014,53.42122,125
E01008091,Sheffield 017C,-1.49874,53.41234,2000
E01008092,Sheffield 012D,-1.48937,53.41309,350
E01008093,Sheffield 017D,-1.49525,53.40562,3000
E01008094,Sheffield 019D,-1.48076,53.40935,250
E01008095,Sheffield 043A,-1.45171,53.3689,1750
E01008096,Sheffield 043B,-1.45688,53.36527,1250
E01008097,Sheffield 043C,-1.44056,53.36474,175
E01008098,Sheffield 048A,-1.43238,53.36107,400
E01008099,Sheffield 051E,-1.46398,53.36434,100
E01008100,Sheffield 048B,-1.4473,53.36103,100
E01008101,Sheffield 043D,-1.45657,53.36014,50
E01008102,Sheffield 048C,-1.43524,53.35806,100
E01008103,Sheffield 048D,-1.4424,53.3575,40
E01008104,Sheffield 036E,-1.48937,53.37499,1000
E01008105,Sheffield 040A,-1.47882,53.36751,700
E01008107,Sheffield 040C,-1.48197,53.36805,125
E01008108,Sheffield 042A,-1.47196,53.36417,1250
E01008109,Sheffield 042B,-1.47503,53.36937,1250
E01008111,Sheffield 040D,-1.48616,53.36853,1000
E01008112,Sheffield 042D,-1.4777,53.36242,1000
E01008113,Sheffield 042E,-1.48011,53.36419,125
E01008114,Sheffield 074A,-1.481,53.3763,6000
E01008115,Sheffield 074B,-1.48667,53.37826,300
E01008116,Sheffield 009C,-1.48711,53.43058,15
E01008117,Sheffield 009D,-1.48171,53.4303,225
E01008118,Sheffield 009E,-1.48622,53.42501,450
E01008119,Sheffield 009F,-1.47248,53.42852,100
E01008122,Sheffield 012E,-1.48136,53.42115,40
E01008123,Sheffield 015E,-1.47141,53.42203,400
E01008124,Sheffield 012F,-1.48479,53.41733,100
E01008125,Sheffield 009G,-1.48034,53.43526,300
E01008126,Sheffield 008A,-1.54191,53.42843,250
E01008128,Sheffield 008C,-1.64744,53.43492,400
E01008129,Sheffield 023A,-1.58062,53.40064,250
E01008130,Sheffield 023B,-1.54616,53.40808,150
E01008131,Sheffield 023C,-1.53603,53.39546,75
E01008132,Sheffield 023D,-1.5466,53.3962,75
E01008133,Sheffield 023E,-1.54009,53.39115,125
E01008134,Sheffield 005B,-1.5012,53.44728,200
E01008135,Sheffield 005C,-1.49381,53.45178,4000
E01008136,Sheffield 008D,-1.55487,53.44765,125
E01008137,Sheffield 005D,-1.48427,53.44122,200
E01008138,Sheffield 006D,-1.4648,53.44091,150
E01008139,Sheffield 006E,-1.45823,53.43904,250
E01008140,Sheffield 008E,-1.53705,53.43662,250
E01008141,Sheffield 005E,-1.50584,53.43642,200
E01008142,Sheffield 002A,-1.58421,53.47681,50
E01008143,Sheffield 002B,-1.56856,53.47779,350
E01008144,Sheffield 001A,-1.58319,53.4852,2000
E01008145,Sheffield 001B,-1.59895,53.47722,300
E01008146,Sheffield 002C,-1.5694,53.47434,50
E01008147,Sheffield 002D,-1.56038,53.47167,100
E01008148,Sheffield 001C,-1.59614,53.47309,50
E01008149,Sheffield 001D,-1.61555,53.48571,50
E01008150,Sheffield 001E,-1.60288,53.48371,225
E01008151,Sheffield 024A,-1.49889,53.3906,175
E01008152,Sheffield 025C,-1.51833,53.39198,25
E01008153,Sheffield 024B,-1.50049,53.39607,75
E01008154,Sheffield 024C,-1.50602,53.39256,100
E01008155,Sheffield 024D,-1.49658,53.39355,75
E01008156,Sheffield 024E,-1.50885,53.39642,75
E01008157,Sheffield 026D,-1.4925,53.39684,225
E01008158,Sheffield 025D,-1.55341,53.38435,100
E01008159,Sheffield 029D,-1.51475,53.38775,125
E01008160,Sheffield 024F,-1.51171,53.39773,225
E01008161,Sheffield 026E,-1.49345,53.39972,1750
E01008716,Sunderland 034C,-1.4517,54.83575,100
E01008717,Sunderland 034D,-1.46807,54.83613,125
E01008718,Sunderland 035A,-1.45247,54.83011,125
E01008742,Sunderland 035C,-1.44822,54.8203,1250
E01008743,Sunderland 036A,-1.46047,54.81058,40
E01008744,Sunderland 036B,-1.47611,54.81018,175
E01008745,Sunderland 036C,-1.44816,54.81158,125
E01008746,Sunderland 036D,-1.42796,54.81437,100
E01008747,Sunderland 035D,-1.48469,54.82816,3500
E01008748,Sunderland 035E,-1.46135,54.82435,250
E01010568,Bradford 016A,-1.75438,53.84657,1250
E01010569,Bradford 016B,-1.77819,53.84213,125
E01010570,Bradford 018A,-1.78881,53.84698,75
E01010571,Bradford 016C,-1.77013,53.84162,600
E01010572,Bradford 016D,-1.767,53.84574,45
E01010573,Bradford 013A,-1.78677,53.85723,900
E01010574,Bradford 013B,-1.75736,53.85624,200
E01010575,Bradford 013C,-1.76755,53.85559,350
E01010576,Bradford 016E,-1.75044,53.85226,175
E01010577,Bradford 013D,-1.76987,53.85121,350
E01010578,Bradford 015A,-1.86416,53.85034,2000
E01010579,Bradford 010A,-1.83546,53.85831,125
E01010580,Bradford 010B,-1.8143,53.8552,350
E01010581,Bradford 015B,-1.82173,53.8488,35
E01010582,Bradford 015C,-1.82861,53.85065,150
E01010583,Bradford 018B,-1.81156,53.84643,400
E01010584,Bradford 015D,-1.82845,53.84728,500
E01010585,Bradford 015E,-1.8372,53.84499,500
E01010586,Bradford 022A,-1.87391,53.8384,175
E01010587,Bradford 022B,-1.8503,53.82734,400
E01010588,Bradford 022C,-1.82796,53.83373,200
E01010589,Bradford 022D,-1.86738,53.82414,200
E01010590,Bradford 031A,-1.91641,53.82574,600
E01010591,Bradford 022E,-1.83014,53.82819,300
E01010592,Bradford 031B,-1.88839,53.82945,300
E01010593,Bradford 022F,-1.86083,53.81815,300
E01010594,Bradford 031C,-1.91412,53.80301,175
E01010595,Bradford 031D,-1.89756,53.78869,200
E01010596,Bradford 022G,-1.81852,53.83611,1500
E01010597,Bradford 028A,-1.7459,53.81797,400
E01010598,Bradford 028B,-1.7368,53.81669,200
E01010599,Bradford 028C,-1.75284,53.81573,350
E01010600,Bradford 028D,-1.75018,53.81333,20
E01010601,Bradford 032A,-1.7322,53.81397,250
E01010602,Bradford 028E,-1.74535,53.81312,100
E01010603,Bradford 024A,-1.74741,53.8245,175
E01010604,Bradford 024B,-1.74192,53.82761,300
E01010605,Bradford 024C,-1.74024,53.82165,150
E01010606,Bradford 064E,-1.73755,53.79542,500
E01010607,Bradford 064C,-1.73358,53.79871,225
E01010608,Bradford 045A,-1.73468,53.79072,600
E01010609,Bradford 046A,-1.72838,53.78571,2000
E01010610,Bradford 046B,-1.71249,53.79036,350
E01010611,Bradford 046C,-1.71958,53.79026,1500
E01010612,Bradford 052A,-1.7051,53.77955,75
E01010613,Bradford 045B,-1.73829,53.7883,2500
E01010614,Bradford 046D,-1.72012,53.77911,3000
E01010615,Bradford 053A,-1.73285,53.7747,1000
E01010616,Bradford 053B,-1.74353,53.77262,2500
E01010617,Bradford 064B,-1.73881,53.79959,350
E01010618,Bradford 038A,-1.71162,53.79771,500
E01010619,Bradford 038B,-1.71629,53.79927,500
E01010620,Bradford 042A,-1.71832,53.79552,450
E01010621,Bradford 042B,-1.72695,53.79643,50
E01010622,Bradford 042C,-1.72421,53.80021,800
E01010623,Bradford 042D,-1.71285,53.79361,800
E01010624,Bradford 042E,-1.72619,53.79426,200
E01010625,Bradford 038C,-1.71259,53.80531,2500
E01010626,Bradford 038D,-1.7208,53.80379,75
E01010627,Bradford 038E,-1.70764,53.80227,600
E01010628,Bradford 040A,-1.8064,53.79416,450
E01010629,Bradford 040B,-1.80933,53.80089,400
E01010630,Bradford 040C,-1.79865,53.79836,2000
E01010631,Bradford 040D,-1.81763,53.79868,100
E01010632,Bradford 040E,-1.81141,53.79667,50
E01010633,Bradford 047A,-1.81454,53.78756,300
E01010634,Bradford 047B,-1.83523,53.78145,175
E01010635,Bradford 047C,-1.80973,53.78378,150
E01010636,Bradford 047D,-1.82385,53.77821,700
E01010637,Bradford 047E,-1.81444,53.77845,250
E01010638,Bradford 062A,-1.94643,53.93606,150
E01010639,Bradford 063C,-1.94016,53.91046,450
E01010640,Bradford 063A,-1.94131,53.91407,600
E01010641,Bradford 063B,-1.95084,53.91314,250
E01010642,Bradford 062B,-1.9022,53.90808,700
E01010643,Bradford 062E,-1.95221,53.88776,400
E01010644,Bradford 062D,-1.97264,53.89666,400
E01010645,Bradford 062C,-1.9541,53.90021,6000
E01010646,Bradford 001A,-1.89504,53.93211,300
E01010647,Bradford 001B,-1.88409,53.94013,175
E01010648,Bradford 001C,-1.89608,53.94635,125
E01010649,Bradford 027A,-1.71609,53.81916,150
E01010650,Bradford 027B,-1.7103,53.8174,25
E01010651,Bradford 032B,-1.72573,53.81576,50
E01010652,Bradford 026A,-1.72421,53.82006,500
E01010653,Bradford 026B,-1.71287,53.82585,175
E01010654,Bradford 027C,-1.71036,53.82293,700
E01010655,Bradford 026C,-1.72886,53.82558,700
E01010656,Bradford 026D,-1.73369,53.82035,200
E01010657,Bradford 026E,-1.72797,53.82182,175
E01010658,Bradford 041A,-1.79087,53.79191,1000
E01010659,Bradford 049A,-1.79702,53.7876,100
E01010662,Bradford 049D,-1.79953,53.78337,350
E01010663,Bradford 050A,-1.78664,53.78135,800
E01010664,Bradford 049E,-1.7982,53.77928,40
E01010665,Bradford 050B,-1.79379,53.77686,75
E01010666,Bradford 050C,-1.77905,53.77633,500
E01010667,Bradford 050D,-1.78558,53.7758,175
E01010668,Bradford 055A,-1.7898,53.77165,30
E01010669,Bradford 030A,-1.82136,53.81444,350
E01010670,Bradford 029A,-1.7842,53.81549,250
E01010671,Bradford 029B,-1.80239,53.81477,75
E01010672,Bradford 036A,-1.83873,53.81531,100
E01010673,Bradford 029C,-1.7812,53.81206,100
E01010674,Bradford 030B,-1.81064,53.81693,450
E01010675,Bradford 029D,-1.79398,53.81928,400
E01010676,Bradford 034A,-1.77494,53.80991,175
E01010678,Bradford 036B,-1.8318,53.80988,100
E01010679,Bradford 034B,-1.77223,53.81297,700
E01010680,Bradford 019A,-1.72536,53.83109,35
E01010681,Bradford 019B,-1.74133,53.83243,200
E01010682,Bradford 019C,-1.71844,53.82892,175
E01010683,Bradford 017A,-1.70933,53.84398,350
E01010684,Bradford 017B,-1.73642,53.84472,225
E01010685,Bradford 017C,-1.71797,53.85615,1000
E01010686,Bradford 017D,-1.74482,53.84371,100
E01010687,Bradford 019D,-1.74268,53.83776,125
E01010688,Bradford 019E,-1.7278,53.83582,600
E01010689,Bradford 019F,-1.70964,53.83162,1250
E01010690,Bradford 019G,-1.73453,53.83171,700
E01010691,Bradford 002A,-1.80741,53.92134,500
E01010692,Bradford 001D,-1.80891,53.91624,800
E01010693,Bradford 002B,-1.84345,53.92358,175
E01010694,Bradford 002C,-1.81761,53.93283,500
E01010695,Bradford 002D,-1.82359,53.92653,2000
E01010696,Bradford 002E,-1.7949,53.92317,250
E01010697,Bradford 002F,-1.8333,53.92401,200
E01010698,Bradford 002G,-1.81355,53.92848,1500
E01010699,Bradford 002H,-1.80278,53.9277,400
E01010700,Bradford 008A,-1.89719,53.87048,2500
E01010701,Bradford 008B,-1.90195,53.87243,500
E01010702,Bradford 008C,-1.90619,53.87248,800
E01010703,Bradford 008D,-1.887,53.87075,900
E01010704,Bradford 008E,-1.89443,53.8546,300
E01010705,Bradford 008F,-1.87284,53.86277,200
E01010706,Bradford 006A,-1.84111,53.88902,300
E01010707,Bradford 006B,-1.87907,53.88882,100
E01010708,Bradford 006C,-1.89569,53.88071,2000
E01010709,Bradford 006D,-1.86712,53.87233,300
E01010710,Bradford 008G,-1.90853,53.86583,3500
E01010711,Bradford 011A,-1.90813,53.86134,900
E01010712,Bradford 009A,-1.91765,53.86115,225
E01010713,Bradford 011B,-1.90539,53.85689,20
E01010714,Bradford 011C,-1.91664,53.85732,200
E01010715,Bradford 012A,-1.92719,53.85388,200
E01010716,Bradford 011D,-1.91378,53.84867,500
E01010717,Bradford 012B,-1.92164,53.85488,75
E01010718,Bradford 012C,-1.92777,53.84831,100
E01010719,Bradford 007A,-1.91979,53.8697,50
E01010720,Bradford 009B,-1.92752,53.86887,100
E01010721,Bradford 009C,-1.93635,53.86928,20
E01010722,Bradford 014A,-1.95612,53.87321,225
E01010723,Bradford 009D,-1.91899,53.86763,500
E01010724,Bradford 009E,-1.92614,53.8641,100
E01010725,Bradford 009F,-1.92192,53.86173,350
E01010726,Bradford 012D,-1.93263,53.86076,100
E01010727,Bradford 007B,-1.91819,53.8819,800
E01010728,Bradford 007C,-1.91478,53.87218,150
E01010729,Bradford 007D,-1.92637,53.87606,500
E01010730,Bradford 045C,-1.748,53.78679,3000
E01010731,Bradford 048A,-1.76437,53.78584,600
E01010732,Bradford 048B,-1.75948,53.7808,900
E01010733,Bradford 048C,-1.76068,53.78376,1750
E01010734,Bradford 045D,-1.74081,53.78308,500
E01010735,Bradford 051A,-1.77578,53.78045,300
E01010736,Bradford 048D,-1.75051,53.78021,1500
E01010737,Bradford 048E,-1.75703,53.77823,225
E01010738,Bradford 051B,-1.76571,53.77893,125
E01010739,Bradford 051C,-1.77195,53.77783,75
E01010740,Bradford 051D,-1.76506,53.77628,100
E01010741,Bradford 059A,-1.77432,53.75868,250
E01010742,Bradford 053C,-1.7527,53.77527,250
E01010743,Bradford 053D,-1.75679,53.77368,400
E01010744,Bradford 051E,-1.7643,53.77389,150
E01010745,Bradford 056A,-1.76363,53.77092,150
E01010746,Bradford 060A,-1.75394,53.76306,900
E01010747,Bradford 056B,-1.75596,53.76936,700
E01010748,Bradford 056C,-1.76829,53.76533,100
E01010749,Bradford 056D,-1.7731,53.76574,175
E01010750,Bradford 060B,-1.7614,53.75976,400
E01010751,Bradford 060C,-1.76907,53.75854,20
E01010752,Bradford 058A,-1.82411,53.76966,500
E01010753,Bradford 058B,-1.85587,53.7679,25
E01010754,Bradford 058C,-1.86767,53.76987,175
E01010755,Bradford 055B,-1.8051,53.76583,100
E01010756,Bradford 058D,-1.83477,53.76441,250
E01010758,Bradford 058E,-1.86069,53.76653,35
E01010759,Bradford 058F,-1.84078,53.75899,350
E01010760,Bradford 058G,-1.85707,53.75882,300
E01010761,Bradford 049G,-1.80951,53.77524,400
E01010762,Bradford 055C,-1.79554,53.77346,75
E01010763,Bradford 055D,-1.79816,53.77109,250
E01010764,Bradford 010C,-1.80735,53.87624,350
E01010765,Bradford 010D,-1.84177,53.86356,350
E01010766,Bradford 010E,-1.82128,53.8576,125
E01010767,Bradford 003A,-1.75404,53.91154,125
E01010768,Bradford 003B,-1.76272,53.91623,300
E01010769,Bradford 003C,-1.74606,53.91296,400
E01010770,Bradford 005A,-1.78802,53.89979,300
E01010771,Bradford 003D,-1.74064,53.90409,100
E01010772,Bradford 005B,-1.73718,53.89579,50
E01010773,Bradford 005C,-1.72991,53.8906,250
E01010774,Bradford 005D,-1.755,53.89309,250
E01010775,Bradford 024D,-1.75275,53.82809,30
E01010776,Bradford 021A,-1.76304,53.82474,100
E01010777,Bradford 021B,-1.77199,53.82806,400
E01010778,Bradford 024E,-1.75874,53.82239,150
E01010779,Bradford 021C,-1.75679,53.83898,200
E01010781,Bradford 021D,-1.75381,53.8347,75
E01010782,Bradford 020B,-1.76758,53.8355,1250
E01010783,Bradford 021E,-1.75984,53.82972,225
E01010784,Bradford 018C,-1.80068,53.83821,350
E01010785,Bradford 018D,-1.79518,53.83466,600
E01010786,Bradford 018E,-1.80509,53.83342,450
E01010787,Bradford 020C,-1.78834,53.82673,600
E01010788,Bradford 020D,-1.78637,53.83245,450
E01010789,Bradford 025A,-1.7794,53.82712,350
E01010790,Bradford 018F,-1.80845,53.82766,100
E01010791,Bradford 025B,-1.77817,53.82261,125
E01010792,Bradford 025C,-1.7726,53.82328,250
E01010793,Bradford 025D,-1.77247,53.81685,300
E01010794,Bradford 043A,-1.82154,53.79265,350
E01010795,Bradford 043B,-1.87094,53.78722,500
E01010796,Bradford 043C,-1.8523,53.78273,100
E01010797,Bradford 043D,-1.85756,53.80375,250
E01010798,Bradford 043E,-1.84966,53.79169,250
E01010799,Bradford 036C,-1.82636,53.80683,200
E01010800,Bradford 036D,-1.82405,53.80187,300
E01010801,Bradford 036E,-1.81382,53.80461,175
E01010802,Bradford 036F,-1.83006,53.80005,100
E01010803,Bradford 037A,-1.79117,53.80108,150
E01010804,Bradford 033A,-1.79083,53.80953,225
E01010805,Bradford 030D,-1.8089,53.80773,1250
E01010806,Bradford 033B,-1.79797,53.80854,100
E01010807,Bradford 033C,-1.78132,53.80896,500
E01010808,Bradford 033D,-1.78485,53.80711,150
E01010809,Bradford 033E,-1.78975,53.8062,250
E01010810,Bradford 037B,-1.79676,53.80372,6000
E01010811,Bradford 037C,-1.78572,53.80335,200
E01010812,Bradford 041B,-1.7781,53.80123,800
E01010813,Bradford 037D,-1.78595,53.80015,500
E01010814,Bradford 057A,-1.70899,53.76784,800
E01010815,Bradford 057B,-1.71737,53.76614,2500
E01010816,Bradford 057C,-1.67364,53.77145,2000
E01010817,Bradford 057D,-1.72717,53.76663,175
E01010818,Bradford 057E,-1.73507,53.75794,7000
E01010819,Bradford 052B,-1.71317,53.77753,100
E01010820,Bradford 052C,-1.7079,53.77129,50
E01010821,Bradford 052D,-1.70401,53.77503,40
E01010822,Bradford 052E,-1.71652,53.77322,450
E01010824,Bradford 034C,-1.76359,53.81293,2000
E01010825,Bradford 032C,-1.72203,53.81241,150
E01010826,Bradford 027D,-1.71285,53.81122,150
E01010827,Bradford 032D,-1.72324,53.80857,45
E01010828,Bradford 035A,-1.73262,53.80863,400
E01010829,Bradford 035B,-1.74168,53.80596,250
E01010830,Bradford 035C,-1.74775,53.80584,600
E01010831,Bradford 035D,-1.73499,53.80467,150
E01010832,Bradford 035E,-1.72898,53.80345,300
E01010833,Bradford 041C,-1.77567,53.79432,4500
E01010834,Bradford 044A,-1.76228,53.7907,7000
E01010836,Bradford 044C,-1.77189,53.78895,1000
E01010837,Bradford 044D,-1.78258,53.78848,300
E01010838,Bradford 044E,-1.78421,53.78494,400
E01010839,Bradford 044F,-1.77356,53.78376,700
E01010840,Bradford 034D,-1.77504,53.80541,800
E01010841,Bradford 034E,-1.76662,53.80455,450
E01010842,Bradford 065A,-1.76732,53.80159,1250
E01010843,Bradford 041D,-1.774,53.80132,175
E01010845,Bradford 059B,-1.79546,53.7647,200
E01010846,Bradford 055E,-1.79339,53.76716,450
E01010847,Bradford 054A,-1.77775,53.76965,300
E01010848,Bradford 054B,-1.78338,53.76812,350
E01010849,Bradford 059C,-1.78382,53.76305,225
E01010850,Bradford 059D,-1.80096,53.75928,125
E01010851,Bradford 059E,-1.78913,53.76042,350
E01010852,Bradford 054C,-1.77135,53.77165,600
E01010853,Bradford 054D,-1.78168,53.77208,75
E01010854,Bradford 023A,-1.93538,53.83153,300
E01010855,Bradford 023B,-2.00266,53.8404,300
E01010856,Bradford 023C,-1.95223,53.82992,700
E01010857,Bradford 023D,-1.98313,53.80695,125
E01010858,Bradford 023E,-1.95152,53.80801,350
E01010859,Bradford 012E,-1.93526,53.85043,225
E01010860,Bradford 014B,-1.97391,53.85917,200
E01010861,Bradford 023F,-1.93815,53.83861,250
E01010862,Bradford 014C,-1.95897,53.84575,100
E01010863,Bradford 014D,-1.93665,53.84507,125
E01010864,Bradford 059F,-1.79873,53.75602,75
E01010865,Bradford 060D,-1.74684,53.75329,1000
E01010866,Bradford 060E,-1.76588,53.75215,2250
E01010867,Bradford 059G,-1.78301,53.75541,500
E01010868,Bradford 061A,-1.78027,53.7451,200
E01010869,Bradford 061B,-1.76675,53.7449,450
E01010870,Bradford 061C,-1.75526,53.74124,400
E01010871,Bradford 061D,-1.77102,53.73968,500
E01010872,Bradford 061E,-1.77058,53.72977,400
E01010873,Bradford 061F,-1.76584,53.73355,75
E01010874,Bradford 059H,-1.7911,53.75677,3000
E01010875,Calderdale 019A,-1.79844,53.7134,350
E01010876,Calderdale 019B,-1.78624,53.71058,150
E01010877,Calderdale 019C,-1.8027,53.70497,900
E01010878,Calderdale 015A,-1.76821,53.71056,2250
E01010879,Calderdale 015B,-1.75174,53.69864,1500
E01010880,Calderdale 019D,-1.77862,53.71317,800
E01010881,Calderdale 004A,-1.97092,53.74993,200
E01010882,Calderdale 004B,-2.02507,53.74426,150
E01010883,Calderdale 004C,-2.06916,53.73992,300
E01010884,Calderdale 022A,-2.06896,53.71329,700
E01010885,Calderdale 022B,-2.10316,53.69954,175
E01010886,Calderdale 022C,-2.09643,53.68753,250
E01010887,Calderdale 004D,-2.05389,53.78657,175
E01010888,Calderdale 004E,-2.01238,53.74514,1000
E01010889,Calderdale 025A,-1.84187,53.69106,1500
E01010890,Calderdale 025B,-1.83224,53.69675,5000
E01010891,Calderdale 024A,-1.80562,53.68407,250
E01010892,Calderdale 024B,-1.81809,53.68427,600
E01010893,Calderdale 025C,-1.84096,53.68223,225
E01010894,Calderdale 025D,-1.83158,53.67779,2500
E01010895,Calderdale 024C,-1.80489,53.69298,250
E01010896,Calderdale 026A,-1.88759,53.65915,350
E01010897,Calderdale 026B,-1.88883,53.69008,225
E01010898,Calderdale 026C,-1.85628,53.6887,2250
E01010899,Calderdale 026D,-1.86802,53.69092,75
E01010900,Calderdale 026E,-1.8679,53.68537,450
E01010901,Calderdale 025E,-1.84548,53.67695,700
E01010902,Calderdale 026F,-1.87021,53.6777,175
E01010903,Calderdale 025F,-1.85734,53.67413,800
E01010904,Calderdale 011A,-1.80163,53.7183,225
E01010905,Calderdale 015C,-1.78689,53.73238,300
E01010906,Calderdale 011B,-1.7993,53.72649,250
E01010907,Calderdale 011C,-1.8053,53.73415,350
E01010908,Calderdale 015D,-1.7669,53.72007,800
E01010909,Calderdale 011D,-1.81174,53.7211,450
E01010910,Calderdale 015E,-1.78633,53.72021,15
E01010911,Calderdale 001A,-1.8872,53.7727,225
E01010912,Calderdale 001B,-1.88781,53.75662,45
E01010913,Calderdale 001C,-1.88485,53.76011,75
E01010914,Calderdale 002A,-1.89607,53.75573,175
E01010915,Calderdale 001D,-1.87685,53.75848,1500
E01010916,Calderdale 005A,-1.89158,53.75046,300
E01010917,Calderdale 007A,-1.96536,53.73065,1750
E01010918,Calderdale 007B,-2.01184,53.70645,1250
E01010919,Calderdale 007C,-1.98743,53.72886,400
E01010920,Calderdale 007D,-1.94536,53.75623,350
E01010921,Calderdale 007E,-1.94346,53.72963,200
E01010922,Calderdale 020A,-1.94403,53.71902,250
E01010923,Calderdale 004F,-2.012,53.73906,700
E01010924,Calderdale 002B,-1.90251,53.74897,125
E01010925,Calderdale 002C,-1.91349,53.76292,100
E01010926,Calderdale 002D,-1.91887,53.753,30
E01010927,Calderdale 009A,-1.9087,53.74048,250
E01010928,Calderdale 009B,-1.90749,53.72984,25
E01010929,Calderdale 010A,-1.88871,53.72988,225
E01010930,Calderdale 010B,-1.89323,53.72946,350
E01010931,Calderdale 003A,-1.81798,53.75528,125
E01010932,Calderdale 003B,-1.80684,53.75878,175
E01010933,Calderdale 003C,-1.81125,53.74848,600
E01010934,Calderdale 008A,-1.85705,53.7379,1000
E01010935,Calderdale 003D,-1.82322,53.74054,150
E01010936,Calderdale 003E,-1.83666,53.74955,350
E01010937,Calderdale 003F,-1.83385,53.73211,125
E01010938,Calderdale 006A,-1.87834,53.73559,50
E01010939,Calderdale 005B,-1.89105,53.73822,150
E01010940,Calderdale 006B,-1.87941,53.74763,350
E01010941,Calderdale 005C,-1.89243,53.74555,50
E01010942,Calderdale 005D,-1.88598,53.74374,450
E01010943,Calderdale 006C,-1.87973,53.73943,125
E01010944,Calderdale 005E,-1.88552,53.73944,200
E01010945,Calderdale 024D,-1.7937,53.69675,350
E01010946,Calderdale 023A,-1.77985,53.68943,100
E01010947,Calderdale 023B,-1.76973,53.69227,500
E01010948,Calderdale 024E,-1.79454,53.68515,225
E01010949,Calderdale 019E,-1.78036,53.70125,7000
E01010950,Calderdale 023C,-1.7858,53.69808,300
E01010951,Calderdale 023D,-1.78773,53.69418,350
E01010952,Calderdale 027A,-1.94444,53.6819,1750
E01010953,Calderdale 027B,-1.90936,53.67098,400
E01010954,Calderdale 027C,-1.95265,53.66633,500
E01010955,Calderdale 027D,-1.9791,53.65239,300
E01010956,Calderdale 020B,-1.95893,53.70442,250
E01010957,Calderdale 027E,-1.9144,53.693,300
E01010958,Calderdale 020C,-1.93551,53.70353,225
E01010959,Calderdale 020D,-1.9268,53.70146,125
E01010960,Calderdale 012A,-1.87474,53.72848,1250
E01010961,Calderdale 006D,-1.87508,53.73277,175
E01010964,Calderdale 012B,-1.88248,53.72586,1000
E01010965,Calderdale 012C,-1.86963,53.72444,350
E01010966,Calderdale 012D,-1.87583,53.72337,600
E01010967,Calderdale 008D,-1.86971,53.73741,700
E01010968,Calderdale 021A,-1.86111,53.71183,400
E01010969,Calderdale 016A,-1.86736,53.71474,400
E01010970,Calderdale 016B,-1.87559,53.71078,700
E01010971,Calderdale 021B,-1.86126,53.70087,400
E01010972,Calderdale 021C,-1.86067,53.70707,3000
E01010973,Calderdale 021D,-1.8732,53.70185,350
E01010974,Calderdale 016C,-1.87869,53.71549,450
E01010975,Calderdale 017A,-1.89519,53.7148,125
E01010976,Calderdale 017B,-1.90397,53.71695,225
E01010977,Calderdale 016D,-1.88448,53.70824,350
E01010978,Calderdale 017C,-1.9188,53.71086,350
E01010979,Calderdale 017D,-1.9123,53.70573,1250
E01010980,Calderdale 017E,-1.91271,53.71229,125
E01010981,Calderdale 017F,-1.89923,53.71081,300
E01010982,Calderdale 013A,-2.09278,53.72053,150
E01010983,Calderdale 013B,-2.09849,53.71221,1000
E01010984,Calderdale 022D,-2.08378,53.71238,300
E01010985,Calderdale 013C,-2.13728,53.71391,350
E01010986,Calderdale 013D,-2.14179,53.73364,250
E01010987,Calderdale 013E,-2.11313,53.72359,500
E01010988,Calderdale 013F,-2.10609,53.73424,100
E01010989,Calderdale 018A,-1.85488,53.71624,2250
E01010990,Calderdale 018B,-1.83045,53.70707,200
E01010991,Calderdale 018C,-1.83042,53.71701,300
E01010992,Calderdale 018D,-1.85003,53.70874,175
E01010993,Calderdale 018E,-1.85082,53.69988,400
E01010995,Calderdale 012E,-1.87263,53.71848,1250
E01010996,Calderdale 014A,-1.87827,53.71838,150
E01010997,Calderdale 009C,-1.92017,53.72471,175
E01010998,Calderdale 010C,-1.8984,53.72285,450
E01010999,Calderdale 009D,-1.90964,53.72251,75
E01011000,Calderdale 010D,-1.89044,53.72215,700
E01011001,Calderdale 014B,-1.88454,53.72008,450
E01011002,Calderdale 014C,-1.88981,53.71691,300
E01011003,Calderdale 014D,-1.88379,53.716,200
E01011004,Kirklees 040A,-1.74098,53.63939,225
E01011005,Kirklees 044A,-1.73286,53.63742,150
E01011006,Kirklees 040B,-1.74865,53.64126,150
E01011007,Kirklees 042A,-1.7669,53.63983,600
E01011008,Kirklees 040C,-1.75561,53.64356,175
E01011009,Kirklees 044B,-1.74323,53.63117,350
E01011010,Kirklees 044C,-1.74866,53.63276,150
E01011011,Kirklees 044D,-1.75534,53.62799,100
E01011012,Kirklees 040D,-1.74055,53.64338,100
E01011013,Kirklees 007A,-1.59435,53.71214,350
E01011014,Kirklees 007B,-1.62029,53.71179,1250
E01011015,Kirklees 010A,-1.6335,53.71152,2250
E01011016,Kirklees 013A,-1.62652,53.70751,3000
E01011017,Kirklees 013B,-1.63855,53.70769,250
E01011018,Kirklees 013C,-1.63771,53.70496,300
E01011019,Kirklees 013D,-1.62726,53.70257,800
E01011020,Kirklees 013E,-1.63456,53.70305,100
E01011021,Kirklees 014A,-1.61085,53.70809,700
E01011022,Kirklees 014B,-1.62182,53.70295,100
E01011023,Kirklees 007C,-1.62895,53.71873,400
E01011024,Kirklees 007D,-1.61817,53.71658,125
E01011025,Kirklees 016A,-1.66018,53.69903,150
E01011026,Kirklees 016B,-1.64836,53.70313,2000
E01011027,Kirklees 006A,-1.65917,53.72488,500
E01011028,Kirklees 006B,-1.6407,53.72161,400
E01011029,Kirklees 010B,-1.63599,53.71631,2000
E01011030,Kirklees 006C,-1.65199,53.72051,100
E01011031,Kirklees 006D,-1.65877,53.71728,225
E01011032,Kirklees 010C,-1.64498,53.71457,300
E01011033,Kirklees 012A,-1.65362,53.71325,50
E01011034,Kirklees 010D,-1.64435,53.71008,75
E01011035,Kirklees 012B,-1.64519,53.70703,75
E01011036,Kirklees 012C,-1.65399,53.70945,250
E01011037,Kirklees 012D,-1.65624,53.70592,350
E01011038,Kirklees 029A,-1.77498,53.66247,175
E01011039,Kirklees 027A,-1.78698,53.6665,100
E01011040,Kirklees 031A,-1.78864,53.66286,100
E01011041,Kirklees 029B,-1.76849,53.66566,500
E01011042,Kirklees 027B,-1.80032,53.66345,250
E01011043,Kirklees 031B,-1.79207,53.65788,700
E01011044,Kirklees 031C,-1.79731,53.65809,250
E01011045,Kirklees 031D,-1.78198,53.65897,1000
E01011046,Kirklees 022A,-1.78451,53.67846,150
E01011047,Kirklees 027C,-1.8003,53.67262,225
E01011048,Kirklees 002A,-1.66435,53.72909,1750
E01011049,Kirklees 002B,-1.66601,53.74138,250
E01011050,Kirklees 002C,-1.64976,53.73875,4000
E01011051,Kirklees 001A,-1.68601,53.7444,350
E01011052,Kirklees 002D,-1.64045,53.73738,500
E01011053,Kirklees 002E,-1.65555,53.73294,225
E01011054,Kirklees 006E,-1.6432,53.7275,400
E01011055,Kirklees 001B,-1.70689,53.75938,150
E01011056,Kirklees 001C,-1.68063,53.75389,225
E01011057,Kirklees 001D,-1.70351,53.74849,600
E01011058,Kirklees 001E,-1.68604,53.74854,50
E01011059,Kirklees 002F,-1.6578,53.74006,100
E01011060,Kirklees 005A,-1.72313,53.72746,225
E01011061,Kirklees 005B,-1.71379,53.72681,1250
E01011062,Kirklees 003A,-1.73249,53.73878,3000
E01011063,Kirklees 005C,-1.70598,53.72034,1250
E01011064,Kirklees 003B,-1.75069,53.72474,175
E01011065,Kirklees 005D,-1.72699,53.72429,500
E01011066,Kirklees 005E,-1.71957,53.71889,400
E01011067,Kirklees 008A,-1.73517,53.71965,300
E01011068,Kirklees 003C,-1.70948,53.73774,2500
E01011069,Kirklees 003D,-1.75454,53.73021,125
E01011070,Kirklees 052A,-1.91323,53.62989,600
E01011071,Kirklees 049A,-1.88108,53.61221,450
E01011072,Kirklees 049B,-1.85298,53.62511,700
E01011073,Kirklees 049C,-1.87965,53.62059,1000
E01011074,Kirklees 052B,-1.94315,53.59815,300
E01011075,Kirklees 052C,-1.94564,53.62,250
E01011076,Kirklees 052D,-1.9041,53.60619,300
E01011077,Kirklees 045A,-1.84669,53.63062,800
E01011078,Kirklees 049D,-1.88183,53.62733,350
E01011079,Kirklees 047A,-1.81381,53.6359,225
E01011080,Kirklees 043A,-1.80367,53.63698,150
E01011081,Kirklees 043B,-1.80159,53.63162,900
E01011082,Kirklees 043C,-1.79776,53.63907,225
E01011083,Kirklees 047B,-1.82158,53.63231,225
E01011084,Kirklees 047C,-1.80797,53.63355,35
E01011085,Kirklees 047D,-1.80984,53.62629,400
E01011086,Kirklees 050A,-1.82261,53.62179,200
E01011087,Kirklees 050B,-1.81731,53.61358,225
E01011088,Kirklees 050C,-1.80287,53.61451,125
E01011089,Kirklees 032A,-1.72602,53.66307,100
E01011090,Kirklees 037A,-1.74251,53.65907,75
E01011091,Kirklees 032B,-1.72213,53.67551,175
E01011092,Kirklees 032C,-1.71973,53.65588,175
E01011093,Kirklees 035A,-1.75547,53.65588,200
E01011094,Kirklees 035B,-1.75154,53.65251,50
E01011095,Kirklees 037B,-1.73758,53.64857,450
E01011096,Kirklees 035C,-1.76331,53.6495,100
E01011097,Kirklees 037C,-1.75367,53.64766,75
E01011098,Kirklees 035D,-1.76465,53.64477,300
E01011099,Kirklees 037D,-1.74755,53.647,300
E01011100,Kirklees 022B,-1.75336,53.68521,300
E01011101,Kirklees 025A,-1.75776,53.66987,75
E01011102,Kirklees 022C,-1.76058,53.67723,3500
E01011103,Kirklees 025B,-1.74264,53.67291,2500
E01011104,Kirklees 025C,-1.75597,53.67427,50
E01011105,Kirklees 025D,-1.77284,53.67247,450
E01011106,Kirklees 029C,-1.76283,53.66317,2500
E01011107,Kirklees 029D,-1.77661,53.65184,19000
E01011108,Kirklees 022D,-1.74374,53.6837,150
E01011109,Kirklees 054A,-1.60893,53.61009,600
E01011110,Kirklees 057A,-1.6246,53.57934,900
E01011111,Kirklees 057B,-1.61189,53.59901,1250
E01011112,Kirklees 057C,-1.60391,53.5927,150
E01011113,Kirklees 054B,-1.65899,53.58846,350
E01011114,Kirklees 054C,-1.64436,53.58997,175
E01011115,Kirklees 057D,-1.65829,53.56743,1000
E01011116,Kirklees 057E,-1.65478,53.57472,75
E01011117,Kirklees 057F,-1.6938,53.57216,400
E01011118,Kirklees 056A,-1.68857,53.59432,450
E01011119,Kirklees 054D,-1.62694,53.61861,125
E01011120,Kirklees 056B,-1.70776,53.59693,175
E01011121,Kirklees 018A,-1.60228,53.68913,150
E01011122,Kirklees 018B,-1.59747,53.68763,5
E01011123,Kirklees 018C,-1.61868,53.68848,500
E01011124,Kirklees 018D,-1.6127,53.68221,250
E01011125,Kirklees 018E,-1.60747,53.69241,350
E01011126,Kirklees 014C,-1.59505,53.70346,700
E01011127,Kirklees 014D,-1.61035,53.70032,900
E01011128,Kirklees 017A,-1.63464,53.69863,500
E01011129,Kirklees 018F,-1.61571,53.69409,300
E01011130,Kirklees 017B,-1.63264,53.69264,3500
E01011132,Kirklees 020A,-1.6807,53.67905,125
E01011133,Kirklees 023A,-1.67055,53.67658,700
E01011134,Kirklees 023B,-1.66424,53.6817,350
E01011136,Kirklees 016C,-1.65337,53.69666,450
E01011137,Kirklees 016D,-1.65826,53.69417,225
E01011138,Kirklees 019A,-1.6468,53.69061,75
E01011139,Kirklees 019B,-1.65994,53.68697,200
E01011140,Kirklees 019C,-1.65121,53.68592,250
E01011141,Kirklees 019D,-1.64274,53.68366,1500
E01011142,Kirklees 020B,-1.67746,53.687,300
E01011143,Kirklees 023C,-1.66813,53.68299,45
E01011144,Kirklees 023D,-1.65767,53.67969,1500
E01011145,Kirklees 041A,-1.84958,53.64221,175
E01011146,Kirklees 036A,-1.85742,53.64276,100
E01011147,Kirklees 041B,-1.84267,53.63747,225
E01011148,Kirklees 041C,-1.84203,53.64328,150
E01011149,Kirklees 045B,-1.82248,53.64061,1000
E01011150,Kirklees 038A,-1.83161,53.64681,500
E01011151,Kirklees 036B,-1.87039,53.64001,600
E01011152,Kirklees 041D,-1.85545,53.63311,225
E01011153,Kirklees 045C,-1.82353,53.63745,450
E01011154,Kirklees 045D,-1.83442,53.6324,125
E01011155,Kirklees 038B,-1.84552,53.64968,125
E01011156,Kirklees 015A,-1.69584,53.70437,500
E01011157,Kirklees 011A,-1.66369,53.7066,175
E01011158,Kirklees 015B,-1.68518,53.70498,1250
E01011159,Kirklees 015C,-1.72082,53.69863,1250
E01011160,Kirklees 015D,-1.67802,53.69915,2250
E01011161,Kirklees 011B,-1.66572,53.70348,350
E01011162,Kirklees 015E,-1.69959,53.69911,300
E01011163,Kirklees 011C,-1.66887,53.716,125
E01011164,Kirklees 011D,-1.67376,53.71727,225
E01011165,Kirklees 011E,-1.66445,53.71228,100
E01011166,Kirklees 011F,-1.67805,53.71099,400
E01011167,Kirklees 011G,-1.67107,53.70866,700
E01011168,Kirklees 055A,-1.86439,53.58511,100
E01011169,Kirklees 053A,-1.77327,53.60364,1250
E01011170,Kirklees 053B,-1.8081,53.59704,150
E01011173,Kirklees 053E,-1.80198,53.59956,175
E01011174,Kirklees 055B,-1.84385,53.58084,700
E01011175,Kirklees 055C,-1.854,53.59806,125
E01011176,Kirklees 053F,-1.76529,53.59201,300
E01011177,Kirklees 055D,-1.87463,53.59717,350
E01011178,Kirklees 055E,-1.84313,53.59607,1000
E01011179,Kirklees 059A,-1.74663,53.56261,250
E01011180,Kirklees 058A,-1.80837,53.56757,225
E01011181,Kirklees 059B,-1.78821,53.56543,1500
E01011182,Kirklees 058B,-1.86585,53.55332,250
E01011183,Kirklees 059C,-1.76686,53.55067,500
E01011184,Kirklees 059D,-1.76976,53.57336,100
E01011185,Kirklees 059E,-1.75954,53.57228,250
E01011186,Kirklees 058C,-1.78595,53.58497,700
E01011187,Kirklees 059F,-1.7765,53.57776,350
E01011188,Kirklees 058D,-1.79624,53.57428,175
E01011189,Kirklees 059G,-1.72905,53.57086,300
E01011190,Kirklees 051A,-1.71796,53.62201,800
E01011191,Kirklees 046A,-1.6974,53.6306,250
E01011192,Kirklees 046B,-1.69105,53.64292,900
E01011193,Kirklees 046C,-1.6387,53.63855,400
E01011194,Kirklees 046D,-1.7161,53.63101,100
E01011195,Kirklees 051B,-1.74748,53.60469,250
E01011196,Kirklees 051C,-1.70292,53.60682,250
E01011197,Kirklees 051D,-1.68199,53.62265,500
E01011198,Kirklees 056C,-1.71049,53.5932,350
E01011199,Kirklees 056D,-1.7037,53.58086,400
E01011200,Kirklees 032D,-1.71515,53.64361,1000
E01011201,Kirklees 030A,-1.82365,53.65955,800
E01011202,Kirklees 036C,-1.84688,53.65834,300
E01011203,Kirklees 030B,-1.83199,53.66043,75
E01011204,Kirklees 033A,-1.81306,53.65734,225
E01011205,Kirklees 036D,-1.86714,53.65314,350
E01011206,Kirklees 033B,-1.82834,53.65531,900
E01011207,Kirklees 038C,-1.83721,53.65417,450
E01011208,Kirklees 033C,-1.8197,53.65394,5000
E01011210,Kirklees 027D,-1.81769,53.66537,500
E01011211,Kirklees 030D,-1.84447,53.66266,200
E01011212,Kirklees 026A,-1.69839,53.67844,200
E01011213,Kirklees 026B,-1.68464,53.67257,400
E01011214,Kirklees 026C,-1.70053,53.66632,300
E01011215,Kirklees 026D,-1.68008,53.66446,1500
E01011216,Kirklees 021A,-1.71308,53.68643,1250
E01011217,Kirklees 020C,-1.69397,53.69227,50
E01011218,Kirklees 020D,-1.6911,53.68554,200
E01011219,Kirklees 021B,-1.70841,53.68007,600
E01011220,Kirklees 021C,-1.7028,53.68805,250
E01011221,Kirklees 021D,-1.69735,53.68289,150
E01011222,Kirklees 050D,-1.7967,53.61521,900
E01011223,Kirklees 042B,-1.76676,53.63308,125
E01011224,Kirklees 048A,-1.787,53.63385,600
E01011225,Kirklees 042C,-1.7769,53.63485,20
E01011226,Kirklees 048B,-1.77922,53.62219,300
E01011227,Kirklees 048C,-1.78898,53.62603,175
E01011228,Kirklees 048D,-1.79094,53.61724,200
E01011229,Kirklees 042D,-1.78264,53.63942,6000
E01011230,Kirklees 043D,-1.79392,53.63691,500
E01011231,Kirklees 034A,-1.80649,53.64908,175
E01011232,Kirklees 039A,-1.7983,53.64732,1250
E01011233,Kirklees 039B,-1.81122,53.64624,200
E01011234,Kirklees 038D,-1.82139,53.6456,200
E01011235,Kirklees 039C,-1.79518,53.64354,2000
E01011236,Kirklees 034B,-1.78945,53.65015,1500
E01011237,Kirklees 039D,-1.81259,53.64208,350
E01011238,Kirklees 034C,-1.79755,53.6542,600
E01011239,Kirklees 034D,-1.80845,53.65356,700
E01011240,Kirklees 033D,-1.81359,53.65037,200
E01011241,Kirklees 004A,-1.68779,53.73589,250
E01011242,Kirklees 004B,-1.70253,53.73073,125
E01011243,Kirklees 004C,-1.67814,53.72884,150
E01011244,Kirklees 004D,-1.69273,53.73229,100
E01011245,Kirklees 009A,-1.68687,53.7188,300
E01011246,Kirklees 009B,-1.6845,53.71352,400
E01011247,Kirklees 008B,-1.70741,53.71258,150
E01011248,Kirklees 009C,-1.6974,53.71428,600
E01011249,Kirklees 008C,-1.72336,53.71176,40
E01011250,Kirklees 009D,-1.6883,53.70915,1500
E01011251,Kirklees 008D,-1.73127,53.71134,300
E01011252,Kirklees 028A,-1.64621,53.65907,300
E01011253,Kirklees 028B,-1.6215,53.65913,25
E01011254,Kirklees 028C,-1.61784,53.66296,250
E01011255,Kirklees 028D,-1.63138,53.6646,100
E01011256,Kirklees 028E,-1.6034,53.6632,250
E01011257,Kirklees 024A,-1.62543,53.68422,4500
E01011258,Kirklees 024B,-1.62897,53.67934,400
E01011259,Kirklees 024C,-1.63886,53.67501,600
E01011260,Kirklees 023E,-1.64847,53.67714,350
E01011261,Kirklees 024D,-1.62815,53.67416,175
E01011262,Kirklees 024E,-1.63305,53.67108,50
E01011263,Kirklees 024F,-1.61988,53.67314,800
E01011264,Leeds 011A,-1.68306,53.87233,100
E01011265,Leeds 009A,-1.7127,53.87343,3000
E01011266,Leeds 008A,-1.73546,53.87945,800
E01011267,Leeds 009B,-1.70276,53.87408,250
E01011268,Leeds 010A,-1.6939,53.87324,75
E01011269,Leeds 011B,-1.67412,53.87004,350
E01011270,Leeds 008B,-1.76152,53.87622,300
E01011271,Leeds 009C,-1.71699,53.87005,450
E01011272,Leeds 009D,-1.70761,53.86618,200
E01011273,Leeds 010B,-1.69585,53.86694,1000
E01011274,Leeds 010C,-1.68589,53.86258,1250
E01011275,Leeds 010D,-1.69611,53.86381,700
E01011276,Leeds 011C,-1.6826,53.86383,800
E01011277,Leeds 014A,-1.69698,53.85963,150
E01011278,Leeds 014B,-1.68669,53.85682,900
E01011279,Leeds 008C,-1.70667,53.88516,300
E01011280,Leeds 008D,-1.71914,53.883,400
E01011281,Leeds 059A,-1.60522,53.81,500
E01011282,Leeds 059B,-1.62275,53.80958,75
E01011283,Leeds 059C,-1.60998,53.806,150
E01011284,Leeds 071A,-1.58747,53.80294,9000
E01011286,Leeds 059D,-1.61834,53.80671,200
E01011287,Leeds 067B,-1.6342,53.80382,400
E01011292,Leeds 071B,-1.59184,53.79603,600
E01011293,Leeds 071C,-1.58609,53.79718,350
E01011294,Leeds 071D,-1.57901,53.7947,1250
E01011295,Leeds 059E,-1.61683,53.81066,175
E01011296,Leeds 030A,-1.39296,53.81407,450
E01011297,Leeds 030B,-1.34731,53.81173,1250
E01011298,Leeds 088A,-1.33479,53.78942,500
E01011299,Leeds 088B,-1.33197,53.75829,600
E01011300,Leeds 089A,-1.38002,53.77677,100
E01011301,Leeds 089B,-1.37315,53.77303,125
E01011302,Leeds 088C,-1.36128,53.77608,300
E01011303,Leeds 088D,-1.3619,53.76006,75
E01011304,Leeds 089C,-1.37047,53.76624,250
E01011305,Leeds 089D,-1.37559,53.76365,100
E01011306,Leeds 089E,-1.38312,53.76773,75
E01011307,Leeds 103A,-1.36798,53.75098,400
E01011308,Leeds 103B,-1.38225,53.75728,350
E01011309,Leeds 030C,-1.37087,53.85143,350
E01011310,Leeds 030D,-1.41964,53.85964,200
E01011311,Leeds 022A,-1.44915,53.85742,350
E01011312,Leeds 086A,-1.54749,53.77359,1250
E01011313,Leeds 091A,-1.5602,53.7713,40
E01011314,Leeds 091B,-1.55871,53.77446,50
E01011315,Leeds 090A,-1.56569,53.77019,900
E01011316,Leeds 086B,-1.55138,53.76998,600
E01011317,Leeds 090B,-1.57764,53.76798,2250
E01011318,Leeds 090C,-1.58415,53.77336,1000
E01011319,Leeds 091C,-1.5559,53.76779,1250
E01011320,Leeds 091D,-1.55927,53.76563,500
E01011321,Leeds 090D,-1.56995,53.762,600
E01011322,Leeds 091E,-1.5461,53.76605,4000
E01011323,Leeds 051A,-1.62982,53.81535,75
E01011324,Leeds 046A,-1.61298,53.81827,125
E01011325,Leeds 046B,-1.6295,53.82234,1750
E01011326,Leeds 046C,-1.62483,53.81807,225
E01011327,Leeds 052A,-1.65408,53.81824,150
E01011328,Leeds 052B,-1.65727,53.81292,500
E01011329,Leeds 051B,-1.63894,53.81465,125
E01011330,Leeds 051C,-1.64331,53.81864,175
E01011331,Leeds 058A,-1.6308,53.81134,500
E01011332,Leeds 046D,-1.61959,53.81422,150
E01011333,Leeds 051D,-1.64775,53.81218,300
E01011334,Leeds 058B,-1.63613,53.80736,350
E01011335,Leeds 052C,-1.64989,53.80874,800
E01011336,Leeds 058C,-1.62762,53.80845,1250
E01011337,Leeds 058D,-1.64074,53.80862,450
E01011338,Leeds 064A,-1.52212,53.79936,300
E01011339,Leeds 060A,-1.48529,53.81179,400
E01011340,Leeds 060B,-1.50036,53.805,350
E01011341,Leeds 061A,-1.47475,53.80309,1750
E01011342,Leeds 060C,-1.4947,53.80697,175
E01011343,Leeds 061B,-1.46969,53.80834,1250
E01011344,Leeds 065A,-1.50746,53.80757,125
E01011345,Leeds 061C,-1.45625,53.80559,250
E01011346,Leeds 060D,-1.48703,53.80567,250
E01011347,Leeds 065B,-1.5079,53.80415,400
E01011348,Leeds 065C,-1.50803,53.80154,1250
E01011349,Leeds 065D,-1.51661,53.80321,50
E01011350,Leeds 034A,-1.54297,53.8292,700
E01011351,Leeds 034B,-1.53306,53.83155,200
E01011352,Leeds 034C,-1.53737,53.82617,1500
E01011353,Leeds 034D,-1.52675,53.82609,500
E01011354,Leeds 038A,-1.55478,53.82781,45
E01011355,Leeds 038B,-1.55228,53.82406,200
E01011356,Leeds 042A,-1.53175,53.82331,1750
E01011357,Leeds 038C,-1.54042,53.81557,300
E01011358,Leeds 042B,-1.5407,53.82221,75
E01011359,Leeds 042C,-1.52097,53.82066,225
E01011360,Leeds 042D,-1.53344,53.81468,700
E01011361,Leeds 042E,-1.5312,53.81556,1500
E01011362,Leeds 081A,-1.58095,53.78852,11000
E01011363,Leeds 071E,-1.56963,53.79456,4500
E01011364,Leeds 085A,-1.54518,53.78377,4000
E01011366,Leeds 082A,-1.5668,53.78295,3500
E01011368,Leeds 082C,-1.55923,53.78303,100
E01011369,Leeds 090E,-1.57662,53.77696,6000
E01011370,Leeds 082D,-1.56421,53.77653,175
E01011371,Leeds 085B,-1.5447,53.7789,800
E01011372,Leeds 086C,-1.54782,53.77709,100
E01011373,Leeds 085C,-1.55307,53.77811,400
E01011374,Leeds 085D,-1.54097,53.77783,175
E01011375,Leeds 086D,-1.55332,53.77393,125
E01011376,Leeds 013A,-1.62506,53.86516,125
E01011377,Leeds 013B,-1.61747,53.85924,350
E01011378,Leeds 013C,-1.60942,53.86003,150
E01011379,Leeds 017A,-1.61136,53.85383,450
E01011380,Leeds 016A,-1.58489,53.85527,175
E01011381,Leeds 016B,-1.59767,53.86397,350
E01011382,Leeds 013D,-1.62589,53.85403,50
E01011383,Leeds 019A,-1.59966,53.85168,300
E01011384,Leeds 017B,-1.61957,53.8524,125
E01011385,Leeds 016C,-1.57532,53.84867,350
E01011386,Leeds 016D,-1.58992,53.85131,450
E01011388,Leeds 019B,-1.61378,53.84682,175
E01011390,Leeds 087A,-1.41504,53.76731,600
E01011391,Leeds 087B,-1.42445,53.76936,175
E01011392,Leeds 087C,-1.39848,53.76086,150
E01011393,Leeds 103C,-1.40813,53.73696,175
E01011394,Leeds 103D,-1.38172,53.73881,175
E01011395,Leeds 103E,-1.40024,53.7293,50
E01011396,Leeds 074A,-1.38948,53.7975,1250
E01011397,Leeds 077A,-1.37227,53.79423,35
E01011398,Leeds 077B,-1.36853,53.79734,225
E01011399,Leeds 074B,-1.40187,53.79348,150
E01011400,Leeds 074C,-1.38057,53.79516,2000
E01011401,Leeds 077C,-1.37517,53.78816,125
E01011402,Leeds 087D,-1.41862,53.75657,2500
E01011403,Leeds 074D,-1.38082,53.79054,700
E01011404,Leeds 077D,-1.36488,53.78552,175
E01011405,Leeds 077E,-1.38274,53.78523,175
E01011406,Leeds 057A,-1.44953,53.81189,250
E01011407,Leeds 057B,-1.44195,53.81385,250
E01011408,Leeds 057C,-1.44805,53.8032,1000
E01011409,Leeds 057D,-1.44493,53.80787,350
E01011410,Leeds 057E,-1.41703,53.81026,500
E01011411,Leeds 073A,-1.43219,53.79071,16000
E01011412,Leeds 057F,-1.43663,53.80364,125
E01011413,Leeds 069A,-1.46235,53.80161,125
E01011414,Leeds 073B,-1.44716,53.79745,175
E01011415,Leeds 069B,-1.46976,53.80011,400
E01011416,Leeds 069C,-1.45549,53.79773,250
E01011417,Leeds 069D,-1.46474,53.79633,400
E01011418,Leeds 073C,-1.44066,53.79292,250
E01011419,Leeds 073D,-1.44836,53.78946,50
E01011420,Leeds 069E,-1.45802,53.77999,2250
E01011421,Leeds 040A,-1.49158,53.82042,225
E01011422,Leeds 048A,-1.51771,53.81709,800
E01011423,Leeds 047A,-1.49086,53.8167,100
E01011424,Leeds 047B,-1.50204,53.81638,100
E01011425,Leeds 040B,-1.48553,53.82067,100
E01011426,Leeds 048B,-1.52227,53.8167,225
E01011427,Leeds 047C,-1.50674,53.81519,300
E01011428,Leeds 048C,-1.51676,53.8149,250
E01011429,Leeds 048D,-1.52144,53.81387,400
E01011430,Leeds 053A,-1.51093,53.81464,300
E01011431,Leeds 047D,-1.50052,53.81294,300
E01011432,Leeds 053B,-1.51077,53.81198,350
E01011433,Leeds 053C,-1.51144,53.80912,600
E01011434,Leeds 053D,-1.51455,53.81164,400
E01011435,Leeds 044A,-1.58279,53.82032,250
E01011440,Leeds 044D,-1.5772,53.81913,1500
E01011441,Leeds 044E,-1.57955,53.81533,1250
E01011442,Leeds 110A,-1.57321,53.81525,125
E01011443,Leeds 110B,-1.56453,53.81455,300
E01011444,Leeds 110C,-1.56547,53.812,125
E01011445,Leeds 054A,-1.57011,53.81234,200
E01011446,Leeds 054B,-1.57419,53.8128,100
E01011447,Leeds 054C,-1.57495,53.81034,175
E01011448,Leeds 054D,-1.56816,53.80919,30
E01011449,Leeds 054E,-1.57119,53.80919,125
E01011450,Leeds 038D,-1.56303,53.82322,75
E01011451,Leeds 110D,-1.57299,53.82186,700
E01011452,Leeds 027A,-1.65508,53.83171,400
E01011453,Leeds 028A,-1.62965,53.83116,150
E01011454,Leeds 027B,-1.64379,53.83133,800
E01011455,Leeds 021A,-1.65317,53.84919,1000
E01011456,Leeds 021B,-1.63909,53.85017,225
E01011457,Leeds 027C,-1.68772,53.844,2000
E01011458,Leeds 027D,-1.66423,53.84055,1500
E01011459,Leeds 021C,-1.63748,53.84122,2250
E01011460,Leeds 028B,-1.63033,53.842,1000
E01011461,Leeds 021D,-1.65667,53.84103,225
E01011462,Leeds 028C,-1.63425,53.83644,300
E01011463,Leeds 028D,-1.626,53.8368,150
E01011464,Leeds 028E,-1.62099,53.83459,400
E01011465,Leeds 027E,-1.64296,53.83459,600
E01011466,Leeds 094A,-1.52763,53.75344,150
E01011467,Leeds 112A,-1.53086,53.78171,3000
E01011468,Leeds 112B,-1.51533,53.77587,10000
E01011469,Leeds 094B,-1.51524,53.76259,35
E01011470,Leeds 112C,-1.51259,53.76842,5000
E01011471,Leeds 092A,-1.53447,53.77016,300
E01011472,Leeds 092B,-1.52695,53.769,150
E01011473,Leeds 092C,-1.53441,53.76447,175
E01011474,Leeds 092D,-1.52405,53.76391,400
E01011475,Leeds 094C,-1.52958,53.75787,75
E01011476,Leeds 094D,-1.52333,53.75632,175
E01011477,Leeds 045A,-1.5965,53.81525,1250
E01011478,Leeds 056A,-1.58509,53.81183,100
E01011479,Leeds 056B,-1.58221,53.81268,25
E01011480,Leeds 045B,-1.58983,53.81334,125
E01011481,Leeds 056C,-1.57615,53.80717,75
E01011482,Leeds 056D,-1.58522,53.80697,3000
E01011483,Leeds 056E,-1.57918,53.80525,800
E01011484,Leeds 033A,-1.61069,53.83102,75
E01011485,Leeds 033B,-1.60799,53.82508,150
E01011488,Leeds 045C,-1.60484,53.8198,250
E01011489,Leeds 045D,-1.5961,53.82044,100
E01011491,Leeds 101A,-1.5563,53.74798,75
E01011492,Leeds 101B,-1.54235,53.74653,600
E01011493,Leeds 101C,-1.55987,53.74491,200
E01011494,Leeds 101D,-1.54489,53.74503,250
E01011496,Leeds 100A,-1.50864,53.75235,175
E01011497,Leeds 101E,-1.55026,53.7429,125
E01011500,Leeds 105D,-1.4942,53.72822,400
E01011502,Leeds 099C,-1.5183,53.75217,125
E01011504,Leeds 032A,-1.52917,53.83402,125
E01011505,Leeds 025A,-1.55554,53.8411,600
E01011506,Leeds 025B,-1.54617,53.83579,75
E01011507,Leeds 025C,-1.5488,53.83176,100
E01011508,Leeds 024A,-1.52,53.84264,125
E01011509,Leeds 023A,-1.52871,53.84653,125
E01011510,Leeds 025D,-1.54373,53.84504,400
E01011511,Leeds 023B,-1.52661,53.84242,400
E01011512,Leeds 023C,-1.53345,53.84399,900
E01011513,Leeds 031A,-1.56563,53.83918,175
E01011514,Leeds 025E,-1.54032,53.84231,200
E01011515,Leeds 023D,-1.5392,53.83826,175
E01011516,Leeds 023E,-1.53336,53.83708,225
E01011517,Leeds 024B,-1.52046,53.83744,250
E01011518,Leeds 093A,-1.58574,53.7632,4000
E01011519,Leeds 095A,-1.62811,53.76275,75
E01011520,Leeds 096A,-1.63936,53.7615,225
E01011521,Leeds 096B,-1.66148,53.75964,1000
E01011522,Leeds 095B,-1.61865,53.75742,3000
E01011523,Leeds 096C,-1.64081,53.75224,1750
E01011524,Leeds 093B,-1.5903,53.75949,125
E01011525,Leeds 095C,-1.60315,53.75094,450
E01011526,Leeds 093C,-1.59827,53.75802,75
E01011527,Leeds 096D,-1.666,53.75165,250
E01011528,Leeds 095D,-1.606,53.75568,100
E01011529,Leeds 096E,-1.65067,53.75104,225
E01011530,Leeds 106A,-1.62141,53.74415,3000
E01011531,Leeds 093D,-1.58421,53.75553,3000
E01011532,Leeds 095E,-1.61036,53.75189,1500
E01011533,Leeds 104A,-1.60052,53.7493,600
E01011534,Leeds 106B,-1.6188,53.73583,300
E01011535,Leeds 108A,-1.57445,53.71997,150
E01011536,Leeds 108B,-1.56168,53.71179,200
E01011537,Leeds 107A,-1.54222,53.71969,350
E01011538,Leeds 107B,-1.55871,53.73409,500
E01011540,Leeds 102B,-1.5766,53.744,600
E01011541,Leeds 104B,-1.60151,53.74329,2250
E01011545,Leeds 104C,-1.60718,53.73945,250
E01011546,Leeds 106C,-1.61177,53.73396,3000
E01011547,Leeds 104D,-1.59515,53.73702,500
E01011548,Leeds 106D,-1.59586,53.72382,225
E01011549,Leeds 108C,-1.57357,53.72876,50
E01011550,Leeds 106E,-1.58752,53.73055,350
E01011551,Leeds 107C,-1.52966,53.72628,250
E01011552,Leeds 107D,-1.56121,53.72548,125
E01011553,Leeds 108D,-1.57001,53.73162,150
E01011554,Leeds 012A,-1.55874,53.87033,300
E01011555,Leeds 018A,-1.5468,53.85394,175
E01011556,Leeds 015A,-1.52588,53.85196,225
E01011557,Leeds 015B,-1.53139,53.85405,200
E01011558,Leeds 018B,-1.5399,53.84873,175
E01011559,Leeds 018C,-1.55293,53.84763,900
E01011560,Leeds 018D,-1.56214,53.84629,225
E01011561,Leeds 006A,-1.51355,53.8853,900
E01011562,Leeds 012B,-1.51833,53.86143,800
E01011563,Leeds 012C,-1.54326,53.8631,150
E01011564,Leeds 012D,-1.55897,53.85967,100
E01011565,Leeds 015C,-1.53531,53.85763,100
E01011566,Leeds 015D,-1.50684,53.85582,75
E01011567,Leeds 012E,-1.55741,53.85485,150
E01011568,Leeds 015E,-1.51747,53.8537,225
E01011569,Leeds 004A,-1.66292,53.90111,1750
E01011570,Leeds 007A,-1.63736,53.89768,700
E01011571,Leeds 004B,-1.70117,53.89864,800
E01011572,Leeds 004C,-1.68053,53.90406,200
E01011573,Leeds 004D,-1.72103,53.9009,150
E01011574,Leeds 004E,-1.69749,53.90336,500
E01011576,Leeds 007C,-1.59073,53.89594,350
E01011578,Leeds 011D,-1.67132,53.86678,700
E01011579,Leeds 014C,-1.67882,53.8561,100
E01011580,Leeds 014D,-1.67086,53.85752,200
E01011581,Leeds 003A,-1.70697,53.91565,350
E01011582,Leeds 003B,-1.71385,53.9102,100
E01011583,Leeds 003C,-1.69523,53.91436,350
E01011584,Leeds 003D,-1.69052,53.91052,100
E01011585,Leeds 062A,-1.67248,53.80021,15
E01011586,Leeds 066A,-1.69913,53.79871,125
E01011587,Leeds 062B,-1.66556,53.80291,3500
E01011588,Leeds 039A,-1.67998,53.81995,225
E01011589,Leeds 039B,-1.67919,53.83064,300
E01011590,Leeds 039C,-1.69392,53.81876,450
E01011591,Leeds 052D,-1.65995,53.82122,125
E01011592,Leeds 039D,-1.67304,53.81557,500
E01011593,Leeds 039E,-1.66531,53.81728,1250
E01011594,Leeds 062C,-1.67871,53.81116,40
E01011595,Leeds 066B,-1.68795,53.80802,400
E01011596,Leeds 062D,-1.6666,53.80881,1500
E01011597,Leeds 066C,-1.69701,53.8035,1750
E01011598,Leeds 062E,-1.67209,53.80864,300
E01011599,Leeds 066D,-1.68299,53.80147,600
E01011600,Leeds 079A,-1.65875,53.79271,350
E01011601,Leeds 079B,-1.64853,53.78641,300
E01011602,Leeds 076A,-1.67175,53.79419,450
E01011603,Leeds 076B,-1.67019,53.78573,300
E01011604,Leeds 079C,-1.6633,53.79037,400
E01011605,Leeds 076C,-1.68082,53.79085,175
E01011606,Leeds 076D,-1.69786,53.79038,450
E01011607,Leeds 079D,-1.65731,53.7871,200
E01011608,Leeds 068A,-1.63502,53.80081,75
E01011609,Leeds 068B,-1.64854,53.80201,100
E01011610,Leeds 068C,-1.65563,53.8001,450
E01011611,Leeds 068D,-1.6423,53.79969,175
E01011612,Leeds 079E,-1.66199,53.79653,1750
E01011613,Leeds 076E,-1.68531,53.79602,300
E01011614,Leeds 068E,-1.64734,53.79587,300
E01011615,Leeds 070A,-1.5036,53.79737,200
E01011616,Leeds 072A,-1.47888,53.79713,50
E01011617,Leeds 070B,-1.49706,53.79897,250
E01011618,Leeds 070C,-1.50935,53.79683,175
E01011620,Leeds 072B,-1.47707,53.79251,35
E01011621,Leeds 070D,-1.49829,53.78584,7000
E01011622,Leeds 072C,-1.48906,53.79735,250
E01011623,Leeds 075B,-1.51444,53.79532,250
E01011624,Leeds 072D,-1.48293,53.77355,2500
E01011625,Leeds 075C,-1.51184,53.78976,1000
E01011626,Leeds 075D,-1.5219,53.79037,250
E01011627,Leeds 098A,-1.47099,53.75057,400
E01011628,Leeds 098B,-1.47663,53.7553,1250
E01011629,Leeds 098C,-1.47975,53.75219,100
E01011630,Leeds 100B,-1.49491,53.75421,75
E01011632,Leeds 098D,-1.48787,53.75319,100
E01011633,Leeds 098E,-1.48177,53.74615,700
E01011634,Leeds 100C,-1.49076,53.74705,150
E01011635,Leeds 097B,-1.45222,53.74405,700
E01011636,Leeds 100D,-1.47275,53.73849,1000
E01011637,Leeds 097C,-1.44133,53.75702,250
E01011638,Leeds 097D,-1.4486,53.75784,175
E01011639,Leeds 100E,-1.47768,53.76158,250
E01011641,Leeds 032B,-1.50963,53.82999,1000
E01011642,Leeds 032C,-1.51574,53.82504,175
E01011643,Leeds 037A,-1.49784,53.82715,350
E01011644,Leeds 037B,-1.48986,53.82897,400
E01011645,Leeds 032D,-1.50639,53.82533,600
E01011646,Leeds 037C,-1.49285,53.82339,400
E01011647,Leeds 037D,-1.51041,53.82187,350
E01011648,Leeds 037E,-1.50053,53.8209,225
E01011649,Leeds 022B,-1.47745,53.85098,250
E01011650,Leeds 020A,-1.49267,53.84332,450
E01011651,Leeds 020B,-1.50932,53.84912,100
E01011652,Leeds 024C,-1.51407,53.84522,350
E01011653,Leeds 020C,-1.50955,53.84337,600
E01011654,Leeds 024D,-1.51503,53.83791,150
E01011655,Leeds 020D,-1.50777,53.83742,150
E01011656,Leeds 035A,-1.47393,53.83082,45
E01011657,Leeds 035B,-1.46789,53.83016,1750
E01011658,Leeds 040C,-1.48119,53.82615,250
E01011659,Leeds 035C,-1.46533,53.82272,75
E01011660,Leeds 040D,-1.47463,53.82129,250
E01011661,Leeds 035D,-1.45927,53.82106,1000
E01011662,Leeds 040E,-1.47581,53.81885,200
E01011663,Leeds 050A,-1.46578,53.81464,350
E01011664,Leeds 050B,-1.46733,53.81729,175
E01011665,Leeds 050C,-1.46072,53.81265,200
E01011666,Leeds 061D,-1.45944,53.81007,150
E01011667,Leeds 050D,-1.47295,53.81127,300
E01011668,Leeds 110E,-1.55699,53.81731,250
E01011669,Leeds 110F,-1.55053,53.81751,350
E01011670,Leeds 055A,-1.54882,53.81412,700
E01011671,Leeds 055B,-1.54207,53.81027,2000
E01011673,Leeds 064B,-1.52608,53.80983,250
E01011677,Leeds 064D,-1.51861,53.80726,125
E01011678,Leeds 063B,-1.56195,53.80135,7000
E01011681,Leeds 063D,-1.56802,53.80446,1500
E01011684,Leeds 019C,-1.59798,53.84255,2250
E01011685,Leeds 109A,-1.59542,53.82965,1750
E01011686,Leeds 033E,-1.61152,53.83918,1250
E01011687,Leeds 109B,-1.59933,53.83688,175
E01011688,Leeds 031B,-1.55833,53.83109,150
E01011689,Leeds 031C,-1.57042,53.83189,150
E01011690,Leeds 109C,-1.58245,53.82921,600
E01011691,Leeds 031D,-1.56372,53.82726,500
E01011692,Leeds 109D,-1.5745,53.82768,250
E01011693,Leeds 109E,-1.56903,53.82608,400
E01011694,Leeds 109F,-1.58408,53.82479,500
E01011695,Leeds 019D,-1.60608,53.84615,225
E01011696,Leeds 006B,-1.40381,53.89938,200
E01011697,Leeds 002A,-1.33051,53.92049,5000
E01011698,Leeds 001A,-1.3899,53.93786,125
E01011699,Leeds 001B,-1.39728,53.94005,75
E01011700,Leeds 002B,-1.37314,53.93646,5000
E01011701,Leeds 001C,-1.39279,53.93613,20
E01011702,Leeds 001D,-1.40615,53.92224,175
E01011703,Leeds 001E,-1.40435,53.93098,75
E01011704,Leeds 002C,-1.36973,53.92585,3000
E01011705,Leeds 002D,-1.37863,53.92879,300
E01011706,Leeds 006C,-1.4145,53.91416,400
E01011707,Leeds 005A,-1.36732,53.90436,225
E01011708,Leeds 006D,-1.46499,53.9004,175
E01011709,Leeds 005B,-1.35091,53.90121,1000
E01011710,Leeds 005C,-1.3526,53.88964,125
E01011711,Leeds 005D,-1.33713,53.90101,500
E01011712,Leeds 005E,-1.36488,53.87938,500
E01011713,Leeds 006E,-1.44264,53.87977,250
E01011714,Leeds 029A,-1.46139,53.84099,125
E01011715,Leeds 022C,-1.4247,53.83642,800
E01011716,Leeds 029B,-1.46988,53.83901,200
E01011717,Leeds 029C,-1.46233,53.83477,600
E01011718,Leeds 029D,-1.45255,53.83004,150
E01011719,Leeds 022D,-1.41608,53.82374,300
E01011720,Leeds 029E,-1.45583,53.82618,1750
E01011721,Leeds 041A,-1.44427,53.82562,75
E01011722,Leeds 041B,-1.43435,53.82094,100
E01011723,Leeds 041C,-1.44415,53.82061,350
E01011724,Leeds 041D,-1.44912,53.81844,75
E01011725,Leeds 078A,-1.61383,53.79539,40
E01011726,Leeds 080A,-1.6254,53.78767,350
E01011727,Leeds 080B,-1.6344,53.79507,175
E01011728,Leeds 080C,-1.63605,53.77951,175
E01011729,Leeds 078B,-1.60183,53.79369,1250
E01011730,Leeds 078C,-1.61263,53.78992,400
E01011731,Leeds 081B,-1.60091,53.78867,75
E01011732,Leeds 081C,-1.59087,53.78954,1250
E01011733,Leeds 081D,-1.58654,53.78686,125
E01011734,Leeds 083A,-1.60205,53.77529,3000
E01011735,Leeds 078D,-1.61295,53.78539,50
E01011736,Leeds 083B,-1.59262,53.78428,900
E01011737,Leeds 083C,-1.60511,53.78293,300
E01011738,Leeds 083D,-1.62068,53.77887,300
E01011739,Leeds 080D,-1.62063,53.79838,450
E01011740,Wakefield 001A,-1.30511,53.7269,125
E01011741,Wakefield 001B,-1.3019,53.7216,40
E01011742,Wakefield 001C,-1.31535,53.72559,400
E01011743,Wakefield 003A,-1.30683,53.71656,225
E01011744,Wakefield 003B,-1.30988,53.71248,200
E01011745,Wakefield 001D,-1.30504,53.73223,30
E01011746,Wakefield 001E,-1.32016,53.73349,300
E01011747,Wakefield 003C,-1.32521,53.7279,20
E01011748,Wakefield 005A,-1.33582,53.71511,900
E01011750,Wakefield 003D,-1.32079,53.72059,150
E01011751,Wakefield 005C,-1.33696,53.72402,100
E01011752,Wakefield 002A,-1.34584,53.7299,1000
E01011753,Wakefield 002B,-1.34438,53.72427,700
E01011754,Wakefield 003E,-1.32935,53.72126,100
E01011755,Wakefield 005D,-1.32356,53.71376,150
E01011756,Wakefield 002C,-1.34799,53.71915,50
E01011757,Wakefield 004A,-1.37707,53.71591,175
E01011758,Wakefield 013A,-1.39615,53.70929,8000
E01011759,Wakefield 004B,-1.37727,53.72526,400
E01011761,Wakefield 004C,-1.36548,53.71812,800
E01011762,Wakefield 002E,-1.35196,53.72376,800
E01011763,Wakefield 004D,-1.35686,53.71891,200
E01011764,Wakefield 004E,-1.36178,53.71114,125
E01011765,Wakefield 032A,-1.43064,53.65351,350
E01011766,Wakefield 032B,-1.41002,53.64275,1000
E01011767,Wakefield 034A,-1.32156,53.65782,175
E01011768,Wakefield 034B,-1.34056,53.64364,250
E01011770,Wakefield 034D,-1.33901,53.63742,500
E01011771,Wakefield 040A,-1.40882,53.62868,100
E01011772,Wakefield 040B,-1.42216,53.62208,200
E01011773,Wakefield 032C,-1.42526,53.66124,100
E01011774,Wakefield 032D,-1.44709,53.66134,250
E01011776,Wakefield 024B,-1.39616,53.68134,250
E01011777,Wakefield 024C,-1.36348,53.69469,450
E01011778,Wakefield 024D,-1.34874,53.68288,150
E01011779,Wakefield 027A,-1.33825,53.67727,150
E01011780,Wakefield 027B,-1.37091,53.67186,125
E01011781,Wakefield 027C,-1.36629,53.68302,900
E01011782,Wakefield 027D,-1.34757,53.66498,150
E01011783,Wakefield 027E,-1.36967,53.67557,2250
E01011784,Wakefield 040C,-1.40136,53.60994,175
E01011785,Wakefield 039A,-1.36352,53.63287,800
E01011786,Wakefield 040D,-1.4252,53.61647,100
E01011787,Wakefield 042A,-1.35341,53.61725,700
E01011788,Wakefield 042B,-1.33473,53.62204,50
E01011789,Wakefield 039B,-1.36789,53.62073,100
E01011790,Wakefield 042C,-1.34504,53.60815,700
E01011791,Wakefield 039C,-1.38937,53.6314,50
E01011792,Wakefield 039D,-1.37816,53.62122,100
E01011793,Wakefield 029A,-1.55831,53.67524,225
E01011794,Wakefield 029B,-1.5569,53.66829,500
E01011795,Wakefield 029C,-1.56755,53.67441,35
E01011796,Wakefield 029D,-1.57068,53.66928,150
E01011797,Wakefield 031A,-1.54389,53.66483,400
E01011798,Wakefield 031B,-1.55519,53.65514,600
E01011799,Wakefield 029E,-1.55701,53.66445,200
E01011800,Wakefield 029F,-1.57389,53.66117,700
E01011801,Wakefield 031C,-1.53784,53.6557,1000
E01011802,Wakefield 031D,-1.55178,53.65737,300
E01011803,Wakefield 011A,-1.26525,53.69799,2000
E01011804,Wakefield 011B,-1.28416,53.71396,700
E01011805,Wakefield 010A,-1.24544,53.70719,700
E01011806,Wakefield 011C,-1.27101,53.70773,450
E01011807,Wakefield 010B,-1.23812,53.7069,900
E01011808,Wakefield 010C,-1.25445,53.70879,500
E01011809,Wakefield 011D,-1.26156,53.71017,600
E01011810,Wakefield 010D,-1.21992,53.70407,300
E01011811,Wakefield 011E,-1.25246,53.70023,600
E01011812,Wakefield 013B,-1.40302,53.69637,35
E01011813,Wakefield 016A,-1.41333,53.69168,100
E01011814,Wakefield 016B,-1.42618,53.69471,225
E01011815,Wakefield 016C,-1.4422,53.68462,300
E01011816,Wakefield 016D,-1.41449,53.6881,75
E01011817,Wakefield 024E,-1.42129,53.67328,175
E01011818,Wakefield 024F,-1.40362,53.6643,100
E01011819,Wakefield 016E,-1.41469,53.70225,1500
E01011820,Wakefield 013C,-1.40854,53.70388,175
E01011821,Wakefield 013D,-1.41048,53.6975,400
E01011822,Wakefield 016F,-1.41774,53.69575,125
E01011823,Wakefield 021A,-1.59129,53.69753,900
E01011824,Wakefield 021B,-1.58467,53.69184,100
E01011825,Wakefield 021C,-1.56824,53.6946,1500
E01011826,Wakefield 021D,-1.59046,53.68776,75
E01011827,Wakefield 021E,-1.56078,53.68327,500
E01011828,Wakefield 021F,-1.57549,53.68277,1250
E01011829,Wakefield 025A,-1.58717,53.66678,800
E01011830,Wakefield 025B,-1.57924,53.67709,800
E01011831,Wakefield 025C,-1.58464,53.68097,300
E01011832,Wakefield 025D,-1.57202,53.67674,125
E01011833,Wakefield 025E,-1.60025,53.67752,250
E01011834,Wakefield 015A,-1.32075,53.70367,175
E01011835,Wakefield 012A,-1.28499,53.70208,225
E01011836,Wakefield 012B,-1.29725,53.69909,1000
E01011837,Wakefield 015B,-1.30982,53.6908,2500
E01011838,Wakefield 015C,-1.30503,53.69603,1250
E01011839,Wakefield 012C,-1.28567,53.69265,300
E01011840,Wakefield 018A,-1.30331,53.69017,700
E01011841,Wakefield 015D,-1.33313,53.69579,2000
E01011842,Wakefield 015E,-1.32871,53.68568,300
E01011843,Wakefield 012D,-1.29515,53.70719,75
E01011844,Wakefield 012E,-1.31028,53.70624,125
E01011845,Wakefield 023A,-1.31889,53.67708,75
E01011846,Wakefield 023B,-1.31167,53.68168,350
E01011847,Wakefield 023C,-1.32169,53.68348,200
E01011848,Wakefield 023D,-1.30687,53.6743,225
E01011849,Wakefield 034E,-1.27724,53.66472,500
E01011850,Wakefield 018B,-1.29586,53.68973,100
E01011851,Wakefield 023E,-1.31949,53.68792,250
E01011852,Wakefield 018C,-1.28848,53.68234,200
E01011853,Wakefield 018D,-1.29942,53.68331,75
E01011854,Wakefield 041A,-1.26055,53.61978,25
E01011855,Wakefield 041B,-1.27858,53.61936,250
E01011856,Wakefield 041C,-1.25136,53.62294,150
E01011857,Wakefield 034F,-1.29044,53.63334,600
E01011858,Wakefield 041D,-1.30192,53.61213,75
E01011859,Wakefield 043A,-1.29078,53.59939,700
E01011860,Wakefield 044A,-1.2716,53.59862,8000
E01011861,Wakefield 044B,-1.28052,53.59027,75
E01011862,Wakefield 044C,-1.29944,53.58197,300
E01011863,Wakefield 044D,-1.2949,53.59233,150
E01011864,Wakefield 045A,-1.34198,53.59485,300
E01011865,Wakefield 042D,-1.35623,53.60198,150
E01011866,Wakefield 045B,-1.31632,53.58481,175
E01011867,Wakefield 042E,-1.36486,53.60778,600
E01011868,Wakefield 045C,-1.32374,53.59809,450
E01011869,Wakefield 043B,-1.29953,53.59471,400
E01011870,Wakefield 043C,-1.30053,53.59915,45
E01011871,Wakefield 043D,-1.31106,53.59288,2500
E01011872,Wakefield 045D,-1.32688,53.58986,125
E01011873,Wakefield 006A,-1.50151,53.72268,250
E01011874,Wakefield 009A,-1.42972,53.71035,300
E01011875,Wakefield 007A,-1.45483,53.72099,3500
E01011876,Wakefield 007B,-1.46634,53.6948,500
E01011877,Wakefield 006B,-1.49126,53.70318,2000
E01011878,Wakefield 007C,-1.47847,53.71462,100
E01011879,Wakefield 009B,-1.44912,53.70993,150
E01011880,Wakefield 007D,-1.48002,53.70285,225
E01011881,Wakefield 008A,-1.49916,53.7079,350
E01011882,Wakefield 009C,-1.43343,53.70659,75
E01011883,Wakefield 009D,-1.41483,53.71586,4000
E01011884,Wakefield 017A,-1.49452,53.69321,8000
E01011885,Wakefield 014A,-1.53199,53.70863,9000
E01011886,Wakefield 014B,-1.51681,53.70345,800
E01011887,Wakefield 008B,-1.51153,53.69891,1750
E01011888,Wakefield 014C,-1.52461,53.70216,125
E01011889,Wakefield 022A,-1.54603,53.68838,2000
E01011890,Wakefield 014D,-1.53648,53.69644,50
E01011891,Wakefield 014E,-1.52411,53.69582,300
E01011892,Wakefield 022B,-1.52899,53.69003,200
E01011893,Wakefield 008C,-1.51083,53.71901,700
E01011894,Wakefield 006C,-1.49441,53.7161,175
E01011895,Wakefield 006D,-1.49292,53.71238,75
E01011896,Wakefield 008D,-1.50076,53.71319,400
E01011897,Wakefield 008E,-1.50874,53.70861,150
E01011898,Wakefield 030A,-1.49365,53.67406,2500
E01011899,Wakefield 026A,-1.54215,53.67283,250
E01011900,Wakefield 026B,-1.5204,53.67514,50
E01011901,Wakefield 026C,-1.52739,53.67477,175
E01011902,Wakefield 028A,-1.50322,53.6678,2250
E01011903,Wakefield 028B,-1.53255,53.66277,125
E01011904,Wakefield 026D,-1.52837,53.67094,150
E01011905,Wakefield 028C,-1.52033,53.66664,1250
E01011906,Wakefield 030B,-1.49571,53.66164,15
E01011907,Wakefield 028D,-1.50946,53.67554,1500
E01011908,Wakefield 030C,-1.48226,53.66629,1250
E01011909,Wakefield 020A,-1.4793,53.69286,100
E01011910,Wakefield 020B,-1.48256,53.6891,225
E01011911,Wakefield 020C,-1.47429,53.68982,150
E01011912,Wakefield 017B,-1.49796,53.68979,900
E01011913,Wakefield 017C,-1.48933,53.68649,450
E01011914,Wakefield 020D,-1.47777,53.68389,25
E01011915,Wakefield 020E,-1.48538,53.68232,400
E01011917,Wakefield 030D,-1.47619,53.67375,450
E01011918,Wakefield 026E,-1.53906,53.68004,500
E01011919,Wakefield 022C,-1.52162,53.68137,600
E01011920,Wakefield 019A,-1.50776,53.68473,6000
E01011921,Wakefield 022D,-1.53163,53.67958,250
E01011922,Wakefield 026F,-1.54354,53.67494,125
E01011923,Wakefield 019B,-1.5061,53.6907,1750
E01011924,Wakefield 019C,-1.51403,53.69112,100
E01011925,Wakefield 019D,-1.5215,53.68802,125
E01011926,Wakefield 022E,-1.51849,53.68369,200
E01011927,Wakefield 022F,-1.53238,53.68467,900
E01011928,Wakefield 035A,-1.6038,53.64731,150
E01011929,Wakefield 036A,-1.52977,53.6488,300
E01011930,Wakefield 036B,-1.54104,53.64276,250
E01011931,Wakefield 035B,-1.58163,53.64415,150
E01011932,Wakefield 035C,-1.56335,53.64768,200
E01011933,Wakefield 036C,-1.53911,53.63139,300
E01011934,Wakefield 037A,-1.50798,53.63597,450
E01011935,Wakefield 038A,-1.54349,53.61674,600
E01011936,Wakefield 037B,-1.51397,53.63082,75
E01011937,Wakefield 036D,-1.51493,53.65598,4000
E01011938,Wakefield 035D,-1.5984,53.63275,1000
E01011939,Wakefield 033A,-1.49289,53.64656,1250
E01011940,Wakefield 037C,-1.51021,53.64574,300
E01011941,Wakefield 038B,-1.44902,53.64012,300
E01011942,Wakefield 038C,-1.4776,53.61942,200
E01011943,Wakefield 037D,-1.51394,53.6406,500
E01011944,Wakefield 030E,-1.46806,53.65806,100
E01011945,Wakefield 033B,-1.4843,53.66011,600
E01011946,Wakefield 038D,-1.46354,53.65204,125
E01011947,Wakefield 033C,-1.47923,53.65431,75
E01011948,Wakefield 033D,-1.48755,53.65023,200
E01011949,Hartlepool 009A,-1.22955,54.67522,225
E01011950,Hartlepool 008A,-1.21936,54.67605,150
E01011951,Hartlepool 007A,-1.2238,54.67823,150
E01011952,Hartlepool 002A,-1.22808,54.70364,3500
E01011953,Hartlepool 002B,-1.22851,54.71078,300
E01011954,Hartlepool 001A,-1.23702,54.71102,175
E01011955,Hartlepool 003A,-1.21646,54.69263,400
E01011957,Hartlepool 003C,-1.22434,54.69306,50
E01011959,Hartlepool 014A,-1.31114,54.67167,900
E01011960,Hartlepool 014B,-1.24191,54.65178,50
E01011961,Hartlepool 012A,-1.23781,54.65535,100
E01011962,Hartlepool 012B,-1.24683,54.65519,100
E01011963,Hartlepool 014C,-1.22802,54.65431,45
E01011964,Hartlepool 007B,-1.22459,54.68451,250
E01011965,Hartlepool 015G,-1.22942,54.68264,500
E01011966,Hartlepool 015E,-1.2326,54.68819,150
E01011967,Hartlepool 007C,-1.22349,54.68109,50
E01011968,Hartlepool 014D,-1.26151,54.64236,600
E01011969,Hartlepool 001B,-1.24098,54.71718,75
E01011970,Hartlepool 001C,-1.25676,54.71688,100
E01011971,Hartlepool 001D,-1.25287,54.71164,50
E01011974,Hartlepool 015B,-1.206,54.6899,3500
E01011975,Hartlepool 015D,-1.22757,54.68776,45
E01011977,Hartlepool 012C,-1.24777,54.66067,100
E01011978,Hartlepool 012D,-1.24338,54.66253,225
E01011979,Hartlepool 012E,-1.2408,54.66439,30
E01011980,Hartlepool 009B,-1.24634,54.67204,10
E01011981,Hartlepool 009C,-1.23989,54.67345,400
E01011982,Hartlepool 014E,-1.2525,54.68162,350
E01011983,Hartlepool 015F,-1.24103,54.6881,350
E01011984,Hartlepool 009D,-1.22786,54.66858,25
E01011985,Hartlepool 010A,-1.21712,54.66825,200
E01011986,Hartlepool 008B,-1.22338,54.67184,40
E01011987,Hartlepool 008C,-1.21771,54.67399,125
E01011988,Hartlepool 010B,-1.22921,54.6624,350
E01011989,Hartlepool 010C,-1.21944,54.64354,1750
E01011990,Hartlepool 010D,-1.21845,54.65385,800
E01011991,Hartlepool 002C,-1.18169,54.6961,175
E01011992,Hartlepool 002D,-1.21742,54.70189,1250
E01011993,Hartlepool 002E,-1.19505,54.70197,350
E01011994,Hartlepool 002F,-1.20034,54.69857,800
E01011995,Hartlepool 011A,-1.19509,54.6608,35
E01011996,Hartlepool 011B,-1.19072,54.66381,225
E01011997,Hartlepool 011C,-1.20144,54.66197,700
E01011998,Hartlepool 011D,-1.19593,54.64185,3000
E01011999,Hartlepool 007D,-1.2106,54.68064,4000
E01012000,Hartlepool 007E,-1.20409,54.68443,1750
E01012001,Hartlepool 008D,-1.20491,54.6743,1500
E01012002,Hartlepool 015A,-1.23281,54.6928,125
E01012003,Hartlepool 014F,-1.25893,54.69491,100
E01012005,Hartlepool 014G,-1.24938,54.69704,75
E01012007,Middlesbrough 012A,-1.24244,54.54307,250
E01012008,Middlesbrough 012B,-1.24184,54.54962,15
E01012009,Middlesbrough 012C,-1.25293,54.54918,500
E01012010,Middlesbrough 012D,-1.25344,54.54397,250
E01012011,Middlesbrough 008A,-1.26976,54.55827,300
E01012012,Middlesbrough 008B,-1.27117,54.55025,45
E01012013,Middlesbrough 008C,-1.27047,54.56446,45
E01012014,Middlesbrough 008D,-1.25915,54.56702,600
E01012015,Middlesbrough 007A,-1.19068,54.55335,15
E01012016,Middlesbrough 007B,-1.17346,54.55499,350
E01012017,Middlesbrough 007C,-1.18428,54.55143,300
E01012018,Middlesbrough 011A,-1.21707,54.55395,12000
E01012019,Middlesbrough 011B,-1.23026,54.55131,10
E01012020,Middlesbrough 011C,-1.22265,54.54832,200
E01012021,Middlesbrough 011D,-1.23096,54.54701,600
E01012022,Middlesbrough 015A,-1.27124,54.53561,175
E01012023,Middlesbrough 015B,-1.25175,54.53154,75
E01012024,Middlesbrough 015C,-1.26199,54.53788,75
E01012025,Middlesbrough 015D,-1.25563,54.53594,15
E01012026,Middlesbrough 006A,-1.22264,54.56398,225
E01012027,Middlesbrough 006B,-1.22217,54.56037,250
E01012030,Middlesbrough 019A,-1.2198,54.52149,1750
E01012031,Middlesbrough 019B,-1.22927,54.52843,350
E01012032,Middlesbrough 019C,-1.20453,54.52022,100
E01012033,Middlesbrough 019D,-1.21194,54.52156,125
E01012034,Middlesbrough 019E,-1.20944,54.51338,100
E01012035,Middlesbrough 019F,-1.21792,54.52886,35
E01012036,Middlesbrough 003A,-1.24454,54.57072,150
E01012037,Middlesbrough 003B,-1.25293,54.56854,175
E01012038,Middlesbrough 003C,-1.25111,54.56691,75
E01012039,Middlesbrough 003D,-1.24211,54.56675,450
E01012040,Middlesbrough 003E,-1.24687,54.56708,175
E01012041,Middlesbrough 003F,-1.24831,54.5734,1750
E01012042,Middlesbrough 018A,-1.24724,54.52675,30
E01012043,Middlesbrough 018B,-1.23511,54.52646,100
E01012044,Middlesbrough 018C,-1.24357,54.52201,125
E01012045,Middlesbrough 018D,-1.23535,54.52141,30
E01012046,Middlesbrough 013A,-1.23212,54.53712,450
E01012047,Middlesbrough 013B,-1.26682,54.54639,100
E01012048,Middlesbrough 013C,-1.26176,54.54149,300
E01012049,Middlesbrough 014A,-1.2111,54.53527,75
E01012050,Middlesbrough 014B,-1.2209,54.54491,50
E01012051,Middlesbrough 014C,-1.21596,54.54217,100
E01012052,Middlesbrough 014D,-1.21881,54.53793,100
E01012053,Middlesbrough 009A,-1.25601,54.55254,225
E01012054,Middlesbrough 009B,-1.25804,54.55488,225
E01012055,Middlesbrough 009C,-1.24288,54.55417,400
E01012056,Middlesbrough 009D,-1.2497,54.56283,125
E01012057,Middlesbrough 009E,-1.25361,54.55928,700
E01012058,Middlesbrough 002A,-1.20927,54.5686,125
E01012059,Middlesbrough 002B,-1.21242,54.57132,700
E01012060,Middlesbrough 002C,-1.18778,54.56944,500
E01012061,Middlesbrough 002D,-1.19954,54.56923,1000
E01012062,Middlesbrough 020A,-1.18885,54.53436,50
E01012063,Middlesbrough 020B,-1.19262,54.52984,250
E01012065,Middlesbrough 017A,-1.1991,54.52403,125
E01012066,Middlesbrough 017B,-1.18942,54.51882,100
E01012067,Middlesbrough 017C,-1.20779,54.52927,125
E01012068,Middlesbrough 001A,-1.23529,54.5735,8000
E01012071,Middlesbrough 020D,-1.17955,54.5227,125
E01012073,Middlesbrough 020E,-1.18405,54.52837,100
E01012074,Middlesbrough 004A,-1.21089,54.56013,400
E01012075,Middlesbrough 004B,-1.20105,54.55865,600
E01012076,Middlesbrough 004C,-1.19933,54.56573,50
E01012077,Middlesbrough 004D,-1.2093,54.56451,50
E01012078,Middlesbrough 005A,-1.24291,54.56356,450
E01012079,Middlesbrough 005B,-1.23829,54.55771,100
E01012080,Middlesbrough 005C,-1.23473,54.5633,125
E01012081,Middlesbrough 005D,-1.24524,54.55883,450
E01012082,Middlesbrough 010A,-1.19513,54.54838,100
E01012083,Middlesbrough 010B,-1.20746,54.55501,100
E01012084,Middlesbrough 010C,-1.19887,54.55476,45
E01012085,Middlesbrough 010D,-1.2024,54.55026,125
E01012088,Middlesbrough 004E,-1.19461,54.56211,125
E01012089,Middlesbrough 007D,-1.18071,54.56526,350
E01012090,Middlesbrough 007E,-1.18897,54.56189,10
E01012091,Middlesbrough 007F,-1.18241,54.55977,100
E01012092,Middlesbrough 001D,-1.23542,54.56802,1250
E01012093,Middlesbrough 001E,-1.22925,54.56873,225
E01012095,Redcar and Cleveland 010A,-0.93622,54.57692,100
E01012096,Redcar and Cleveland 013A,-0.91269,54.56068,300
E01012097,Redcar and Cleveland 010B,-0.95058,54.56961,225
E01012098,Redcar and Cleveland 010C,-0.9133,54.56752,600
E01012099,Redcar and Cleveland 010D,-0.94087,54.56537,200
E01012100,Redcar and Cleveland 001A,-1.07149,54.61808,2000
E01012101,Redcar and Cleveland 001B,-1.08269,54.61741,1250
E01012102,Redcar and Cleveland 001C,-1.0627,54.6157,900
E01012105,Redcar and Cleveland 002A,-1.08101,54.61068,125
E01012106,Redcar and Cleveland 003C,-1.08752,54.60994,300
E01012107,Redcar and Cleveland 003D,-1.11557,54.61339,4000
E01012108,Redcar and Cleveland 011A,-1.135,54.56523,75
E01012109,Redcar and Cleveland 011B,-1.10488,54.57016,400
E01012110,Redcar and Cleveland 011C,-1.13801,54.55889,125
E01012111,Redcar and Cleveland 011D,-1.1448,54.55752,125
E01012112,Redcar and Cleveland 015A,-1.14084,54.55175,600
E01012113,Redcar and Cleveland 009A,-1.13892,54.56896,50
E01012114,Redcar and Cleveland 009B,-1.14717,54.578,150
E01012117,Redcar and Cleveland 018A,-1.05523,54.53246,1750
E01012118,Redcar and Cleveland 018B,-1.05849,54.53591,125
E01012119,Redcar and Cleveland 018C,-1.10208,54.55506,900
E01012120,Redcar and Cleveland 020A,-1.03165,54.55255,800
E01012121,Redcar and Cleveland 018D,-1.07076,54.53931,75
E01012124,Redcar and Cleveland 020B,-1.1107,54.51671,75
E01012127,Redcar and Cleveland 005A,-1.06571,54.59674,50
E01012128,Redcar and Cleveland 005B,-1.07288,54.59565,30
E01012129,Redcar and Cleveland 005C,-1.07873,54.59865,400
E01012130,Redcar and Cleveland 005D,-1.06049,54.59609,150
E01012131,Redcar and Cleveland 005E,-1.07188,54.60081,500
E01012132,Redcar and Cleveland 016A,-0.9459,54.52097,150
E01012134,Redcar and Cleveland 016B,-0.84428,54.55173,600
E01012136,Redcar and Cleveland 013D,-0.87995,54.55532,250
E01012137,Redcar and Cleveland 016C,-0.88155,54.52552,175
E01012138,Redcar and Cleveland 006A,-1.03598,54.59254,600
E01012139,Redcar and Cleveland 006B,-1.04346,54.57598,100
E01012140,Redcar and Cleveland 006C,-1.03598,54.57561,45
E01012141,Redcar and Cleveland 006D,-1.02711,54.59709,125
E01012142,Redcar and Cleveland 002B,-1.07257,54.6088,250
E01012143,Redcar and Cleveland 002C,-1.07309,54.60578,5
E01012144,Redcar and Cleveland 002D,-1.07206,54.61334,200
E01012145,Redcar and Cleveland 015B,-1.15351,54.55504,400
E01012146,Redcar and Cleveland 022A,-1.16261,54.55543,75
E01012147,Redcar and Cleveland 015C,-1.15456,54.5498,75
E01012148,Redcar and Cleveland 021A,-1.17154,54.54992,100
E01012149,Redcar and Cleveland 015D,-1.15878,54.54311,50
E01012150,Redcar and Cleveland 021B,-1.18122,54.54819,250
E01012151,Redcar and Cleveland 021C,-1.18359,54.54295,125
E01012152,Redcar and Cleveland 021D,-1.17132,54.5384,350
E01012154,Redcar and Cleveland 006E,-1.02498,54.59065,150
E01012155,Redcar and Cleveland 006F,-1.00396,54.58497,45
E01012156,Redcar and Cleveland 006G,-1.00706,54.59093,40
E01012157,Redcar and Cleveland 006H,-1.01766,54.59444,600
E01012158,Redcar and Cleveland 007A,-0.98394,54.5755,350
E01012159,Redcar and Cleveland 007B,-0.97429,54.58514,400
E01012160,Redcar and Cleveland 007C,-0.98676,54.58288,175
E01012161,Redcar and Cleveland 007D,-0.96278,54.58373,450
E01012162,Redcar and Cleveland 012A,-0.95678,54.55877,75
E01012163,Redcar and Cleveland 012B,-0.97199,54.57137,1000
E01012164,Redcar and Cleveland 012C,-0.99475,54.54995,100
E01012165,Redcar and Cleveland 012D,-0.98297,54.56299,600
E01012167,Redcar and Cleveland 022B,-1.17527,54.56559,1250
E01012168,Redcar and Cleveland 022C,-1.16028,54.56653,225
E01012170,Redcar and Cleveland 022D,-1.16506,54.5794,1750
E01012171,Redcar and Cleveland 011E,-1.14088,54.56383,200
E01012172,Redcar and Cleveland 011F,-1.14888,54.56303,10
E01012173,Redcar and Cleveland 022E,-1.15474,54.56055,225
E01012174,Redcar and Cleveland 022F,-1.1639,54.5613,40
E01012175,Redcar and Cleveland 009E,-1.14997,54.56789,75
E01012176,Redcar and Cleveland 004A,-1.05433,54.6063,200
E01012177,Redcar and Cleveland 004B,-1.04718,54.60082,30
E01012178,Redcar and Cleveland 004C,-1.06025,54.60986,75
E01012179,Redcar and Cleveland 004D,-1.05821,54.60109,150
E01012180,Redcar and Cleveland 004E,-1.05306,54.59694,125
E01012181,Redcar and Cleveland 016D,-0.99433,54.52308,300
E01012182,Redcar and Cleveland 020C,-1.03698,54.50311,200
E01012183,Redcar and Cleveland 020D,-1.04897,54.51863,75
E01012184,Redcar and Cleveland 001D,-1.05501,54.61425,200
E01012185,Redcar and Cleveland 004F,-1.04406,54.60488,30
E01012186,Redcar and Cleveland 004G,-1.04728,54.60925,75
E01012187,Stockton-on-Tees 011A,-1.36491,54.58093,300
E01012188,Stockton-on-Tees 011B,-1.37545,54.57535,75
E01012189,Stockton-on-Tees 011C,-1.36237,54.57411,40
E01012190,Stockton-on-Tees 015A,-1.3673,54.56812,75
E01012191,Stockton-on-Tees 015B,-1.35819,54.56536,250
E01012192,Stockton-on-Tees 007A,-1.31809,54.58932,150
E01012193,Stockton-on-Tees 007B,-1.31944,54.58607,125
E01012194,Stockton-on-Tees 010A,-1.31524,54.57937,225
E01012195,Stockton-on-Tees 010B,-1.31794,54.58323,45
E01012196,Stockton-on-Tees 003A,-1.28293,54.60506,75
E01012197,Stockton-on-Tees 002A,-1.29405,54.60435,125
E01012198,Stockton-on-Tees 003B,-1.22196,54.60611,8000
E01012199,Stockton-on-Tees 021A,-1.3446,54.51362,45
E01012200,Stockton-on-Tees 021B,-1.36067,54.51412,225
E01012201,Stockton-on-Tees 021C,-1.37072,54.52174,1000
E01012202,Stockton-on-Tees 021D,-1.34983,54.52371,450
E01012203,Stockton-on-Tees 021E,-1.36702,54.52844,1750
E01012204,Stockton-on-Tees 013A,-1.34008,54.57459,150
E01012205,Stockton-on-Tees 011D,-1.3569,54.57261,150
E01012206,Stockton-on-Tees 013B,-1.34953,54.57267,125
E01012207,Stockton-on-Tees 013C,-1.34408,54.56636,450
E01012208,Stockton-on-Tees 013D,-1.34857,54.56216,100
E01012209,Stockton-on-Tees 016A,-1.34132,54.55859,100
E01012210,Stockton-on-Tees 006A,-1.3079,54.59873,75
E01012211,Stockton-on-Tees 006B,-1.32216,54.5983,225
E01012212,Stockton-on-Tees 006C,-1.32937,54.59386,250
E01012213,Stockton-on-Tees 006D,-1.32604,54.58842,125
E01012214,Stockton-on-Tees 003C,-1.27649,54.60961,25
E01012215,Stockton-on-Tees 003D,-1.28044,54.60887,800
E01012216,Stockton-on-Tees 003E,-1.26039,54.61743,150
E01012217,Stockton-on-Tees 016B,-1.32627,54.56171,400
E01012218,Stockton-on-Tees 016C,-1.33339,54.55824,125
E01012219,Stockton-on-Tees 012A,-1.33161,54.56846,75
E01012223,Stockton-on-Tees 016D,-1.34454,54.55052,300
E01012224,Stockton-on-Tees 015C,-1.3546,54.55634,100
E01012225,Stockton-on-Tees 015D,-1.37753,54.56149,300
E01012226,Stockton-on-Tees 015E,-1.36608,54.56286,75
E01012227,Stockton-on-Tees 027D,-1.31862,54.51576,200
E01012228,Stockton-on-Tees 022A,-1.31292,54.5201,75
E01012230,Stockton-on-Tees 022B,-1.30825,54.51432,100
E01012231,Stockton-on-Tees 028C,-1.32882,54.51188,125
E01012232,Stockton-on-Tees 028D,-1.31559,54.51216,25
E01012233,Stockton-on-Tees 022C,-1.2783,54.50373,400
E01012234,Stockton-on-Tees 028E,-1.3176,54.50842,75
E01012235,Stockton-on-Tees 024A,-1.33327,54.48287,450
E01012236,Stockton-on-Tees 022D,-1.30692,54.52721,200
E01012237,Stockton-on-Tees 022E,-1.30439,54.5198,125
E01012238,Stockton-on-Tees 018A,-1.30396,54.54815,75
E01012239,Stockton-on-Tees 018B,-1.29404,54.54698,350
E01012240,Stockton-on-Tees 018C,-1.28377,54.54683,100
E01012241,Stockton-on-Tees 018D,-1.28558,54.54112,125
E01012242,Stockton-on-Tees 001A,-1.28265,54.61847,450
E01012243,Stockton-on-Tees 001B,-1.2856,54.62192,75
E01012244,Stockton-on-Tees 001C,-1.27703,54.62287,30
E01012245,Stockton-on-Tees 003F,-1.27409,54.6183,150
E01012246,Stockton-on-Tees 001D,-1.28193,54.62597,20
E01012247,Stockton-on-Tees 008A,-1.34123,54.58513,15
E01012248,Stockton-on-Tees 009D,-1.33927,54.5798,400
E01012249,Stockton-on-Tees 008B,-1.34806,54.59134,1000
E01012250,Stockton-on-Tees 009E,-1.35798,54.58936,150
E01012251,Stockton-on-Tees 012B,-1.32524,54.57411,125
E01012252,Stockton-on-Tees 012C,-1.3189,54.57505,250
E01012253,Stockton-on-Tees 012D,-1.3314,54.57298,200
E01012254,Stockton-on-Tees 012E,-1.32329,54.56761,2500
E01012255,Stockton-on-Tees 005A,-1.30818,54.60774,75
E01012256,Stockton-on-Tees 002B,-1.30977,54.61475,75
E01012257,Stockton-on-Tees 002C,-1.30496,54.61222,45
E01012258,Stockton-on-Tees 010C,-1.2892,54.57765,3000
E01012259,Stockton-on-Tees 010D,-1.30704,54.58378,400
E01012260,Stockton-on-Tees 007C,-1.31484,54.59219,600
E01012261,Stockton-on-Tees 007D,-1.30393,54.5884,50
E01012262,Stockton-on-Tees 026B,-1.31496,54.55726,800
E01012267,Stockton-on-Tees 025C,-1.31673,54.56783,1000
E01012268,Stockton-on-Tees 010E,-1.30914,54.57769,800
E01012269,Stockton-on-Tees 005B,-1.39316,54.52677,600
E01012270,Stockton-on-Tees 021F,-1.35289,54.53256,1000
E01012271,Stockton-on-Tees 008C,-1.32463,54.58121,175
E01012272,Stockton-on-Tees 008D,-1.33233,54.58245,25
E01012273,Stockton-on-Tees 008E,-1.33831,54.59054,10
E01012274,Stockton-on-Tees 008F,-1.33311,54.58679,75
E01012275,Stockton-on-Tees 002D,-1.28726,54.61276,100
E01012276,Stockton-on-Tees 002E,-1.29403,54.60877,1500
E01012277,Stockton-on-Tees 002F,-1.29427,54.61353,150
E01012278,Stockton-on-Tees 004A,-1.26981,54.58298,900
E01012279,Stockton-on-Tees 004B,-1.27232,54.59608,1500
E01012280,Stockton-on-Tees 004C,-1.29418,54.60078,225
E01012281,Stockton-on-Tees 004D,-1.29407,54.59333,225
E01012282,Stockton-on-Tees 020A,-1.29238,54.51881,1000
E01012283,Stockton-on-Tees 020B,-1.28689,54.52728,1250
E01012284,Stockton-on-Tees 020C,-1.29216,54.53681,1250
E01012285,Stockton-on-Tees 020D,-1.30961,54.53139,50
E01012286,Stockton-on-Tees 017A,-1.2926,54.56055,1500
E01012287,Stockton-on-Tees 017B,-1.30248,54.56006,5000
E01012288,Stockton-on-Tees 017C,-1.30254,54.55274,75
E01012289,Stockton-on-Tees 017D,-1.28172,54.55673,2250
E01012290,Stockton-on-Tees 019A,-1.30594,54.53741,225
E01012291,Stockton-on-Tees 019B,-1.30428,54.54229,250
E01012292,Stockton-on-Tees 019C,-1.2951,54.54048,300
E01012294,Stockton-on-Tees 005D,-1.39146,54.58981,250
E01012295,Stockton-on-Tees 005E,-1.4241,54.60606,600
E01012296,Stockton-on-Tees 001E,-1.29635,54.61717,250
E01012297,Stockton-on-Tees 001F,-1.30136,54.62825,400
E01012298,Stockton-on-Tees 024B,-1.33866,54.5022,50
E01012299,Stockton-on-Tees 024C,-1.3506,54.50339,2000
E01012300,Stockton-on-Tees 024D,-1.35769,54.50129,125
E01012301,Stockton-on-Tees 024E,-1.32514,54.50418,100
E01012302,Stockton-on-Tees 024F,-1.34892,54.49695,350
E01012303,Stockton-on-Tees 024G,-1.36795,54.4968,150
E01012304,Darlington 012A,-1.54182,54.52331,800
E01012305,Darlington 012B,-1.54227,54.52042,100
E01012306,Darlington 012C,-1.53338,54.52093,225
E01012307,Darlington 009A,-1.53798,54.53486,1250
E01012309,Darlington 006A,-1.56544,54.53921,500
E01012310,Darlington 006B,-1.58181,54.5387,125
E01012311,Darlington 006C,-1.57336,54.53867,40
E01012312,Darlington 006D,-1.59269,54.54052,100
E01012313,Darlington 006E,-1.59199,54.53655,300
E01012314,Darlington 006F,-1.59965,54.53858,15
E01012315,Darlington 010A,-1.57427,54.52503,225
E01012317,Darlington 013A,-1.53941,54.51176,30
E01012318,Darlington 013B,-1.52839,54.51091,250
E01012319,Darlington 013C,-1.52005,54.51767,1750
E01012323,Darlington 002C,-1.55495,54.54833,250
E01012324,Darlington 002D,-1.54457,54.54816,150
E01012325,Darlington 005A,-1.5187,54.53828,125
E01012326,Darlington 005B,-1.52169,54.53752,500
E01012327,Darlington 009B,-1.51706,54.53395,250
E01012328,Darlington 003A,-1.51925,54.54748,100
E01012329,Darlington 003B,-1.51557,54.54676,250
E01012330,Darlington 003C,-1.53661,54.54951,100
E01012331,Darlington 003D,-1.53049,54.54662,175
E01012332,Darlington 005C,-1.53091,54.54382,75
E01012333,Darlington 005D,-1.53289,54.54038,35
E01012334,Darlington 001B,-1.64692,54.5714,900
E01012335,Darlington 001C,-1.61983,54.59583,150
E01012336,Darlington 011A,-1.59879,54.52344,400
E01012337,Darlington 011B,-1.58535,54.52215,400
E01012338,Darlington 015A,-1.52254,54.49751,600
E01012339,Darlington 015B,-1.53685,54.48131,900
E01012340,Darlington 012D,-1.54089,54.51651,350
E01012341,Darlington 012E,-1.53319,54.51697,150
E01012342,Darlington 009C,-1.53271,54.52794,1250
E01012344,Darlington 015C,-1.47281,54.48692,200
E01012345,Darlington 015D,-1.44591,54.51172,2000
E01012346,Darlington 015E,-1.46967,54.52215,175
E01012347,Darlington 011C,-1.5817,54.53144,75
E01012348,Darlington 011D,-1.59078,54.53071,200
E01012349,Darlington 004A,-1.55409,54.53841,900
E01012350,Darlington 004B,-1.54919,54.54297,200
E01012351,Darlington 004C,-1.54457,54.5424,45
E01012352,Darlington 004D,-1.55643,54.54311,250
E01012353,Darlington 016E,-1.55894,54.53244,50
E01012354,Darlington 016F,-1.55509,54.53045,1000
E01012355,Darlington 016G,-1.56285,54.52964,4000
E01012356,Darlington 014A,-1.55682,54.51905,1750
E01012357,Darlington 014B,-1.55041,54.51844,350
E01012358,Darlington 014C,-1.55627,54.51418,175
E01012359,Darlington 014D,-1.55333,54.51063,125
E01012360,Darlington 010C,-1.56992,54.52009,500
E01012361,Darlington 011E,-1.58496,54.51369,400
E01012362,Darlington 016A,-1.55946,54.53583,75
E01012363,Darlington 016B,-1.5671,54.53582,100
E01012364,Darlington 016D,-1.56718,54.53273,225
E01012365,Darlington 016C,-1.57406,54.53362,175
E01012366,Darlington 001D,-1.4933,54.55596,6000
E01012367,Halton 007A,-2.72408,53.36697,2500
E01012368,Halton 003A,-2.72272,53.37607,150
E01012369,Halton 005A,-2.72746,53.37724,75
E01012370,Halton 007B,-2.72237,53.37092,600
E01012371,Halton 016A,-2.69042,53.31512,100
E01012372,Halton 016B,-2.69615,53.31234,75
E01012373,Halton 016C,-2.70848,53.31877,500
E01012374,Halton 002A,-2.7477,53.38472,300
E01012375,Halton 002B,-2.73955,53.38185,125
E01012376,Halton 002C,-2.75352,53.38044,175
E01012377,Halton 004A,-2.76962,53.37204,200
E01012378,Halton 006A,-2.75495,53.37379,350
E01012379,Halton 006B,-2.75537,53.36922,250
E01012380,Halton 006C,-2.76477,53.36813,600
E01012381,Halton 010A,-2.68944,53.33627,45
E01012382,Halton 010B,-2.69834,53.34686,2500
E01012383,Halton 013A,-2.69886,53.33359,350
E01012384,Halton 010C,-2.69033,53.33264,100
E01012385,Halton 009A,-2.63289,53.32587,10000
E01012386,Halton 009B,-2.66923,53.34627,4500
E01012387,Halton 009C,-2.64756,53.35404,2500
E01012388,Halton 006D,-2.76956,53.36454,400
E01012389,Halton 008A,-2.77956,53.36642,150
E01012390,Halton 004B,-2.77277,53.36843,225
E01012391,Halton 008B,-2.78783,53.34965,2500
E01012392,Halton 001A,-2.71369,53.38756,800
E01012393,Halton 001B,-2.7327,53.39534,900
E01012394,Halton 005B,-2.72508,53.38158,350
E01012395,Halton 001C,-2.72612,53.39025,150
E01012396,Halton 013B,-2.70906,53.32915,15
E01012397,Halton 013C,-2.71903,53.33015,150
E01012398,Halton 011A,-2.72689,53.33218,300
E01012399,Halton 013D,-2.7146,53.32578,100
E01012400,Halton 011B,-2.73088,53.3348,200
E01012401,Halton 008C,-2.80697,53.33545,150
E01012402,Halton 011C,-2.71419,53.33532,175
E01012403,Halton 013E,-2.70775,53.33456,45
E01012404,Halton 011D,-2.70647,53.33911,100
E01012405,Halton 011E,-2.72054,53.33758,225
E01012406,Halton 015A,-2.68434,53.32552,900
E01012407,Halton 015B,-2.69291,53.32509,1750
E01012408,Halton 013F,-2.70488,53.32362,1250
E01012409,Halton 015C,-2.69219,53.32026,1000
E01012410,Halton 003B,-2.69805,53.37849,150
E01012411,Halton 001D,-2.71128,53.37963,50
E01012412,Halton 003C,-2.70722,53.36709,3000
E01012413,Halton 003D,-2.71336,53.37546,350
E01012414,Halton 003E,-2.70635,53.37531,50
E01012415,Halton 016D,-2.71837,53.31533,1500
E01012416,Halton 012A,-2.7407,53.31385,8000
E01012417,Halton 012B,-2.75109,53.32719,225
E01012418,Halton 016E,-2.72731,53.32645,250
E01012419,Halton 004C,-2.76848,53.37641,5
E01012420,Halton 004D,-2.77262,53.37905,200
E01012421,Halton 002D,-2.76155,53.37696,75
E01012422,Halton 004E,-2.77354,53.37438,15
E01012423,Halton 002E,-2.76631,53.38106,50
E01012424,Halton 007C,-2.73813,53.36406,2000
E01012425,Halton 005C,-2.73386,53.36776,75
E01012426,Halton 005D,-2.73817,53.3743,600
E01012427,Halton 005E,-2.74511,53.37165,350
E01012429,Halton 012D,-2.7455,53.33267,175
E01012430,Halton 012E,-2.74039,53.34256,800
E01012431,Halton 012F,-2.73117,53.33838,900
E01012432,Halton 014A,-2.66179,53.32741,125
E01012433,Halton 014B,-2.65944,53.322,150
E01012434,Halton 009D,-2.66466,53.33413,50
E01012435,Halton 009E,-2.67479,53.32992,150
E01012436,Halton 014C,-2.67187,53.32278,40
E01012437,Halton 015D,-2.67878,53.32202,30
E01012438,Halton 014D,-2.6678,53.32103,600
E01012439,Halton 015E,-2.68494,53.31772,10
E01012440,Halton 014E,-2.67143,53.31573,225
E01012441,Halton 007D,-2.7286,53.35681,4500
E01012442,Halton 006E,-2.75789,53.36571,15
E01012443,Halton 008D,-2.75301,53.35842,1250
E01012444,Halton 010D,-2.67215,53.33612,50
E01012445,Halton 010E,-2.67662,53.3402,100
E01012446,Warrington 025A,-2.56543,53.36078,300
E01012447,Warrington 025B,-2.56512,53.34697,100
E01012448,Warrington 024A,-2.53815,53.34896,3500
E01012449,Warrington 025C,-2.57904,53.34926,200
E01012450,Warrington 023A,-2.57551,53.36146,300
E01012451,Warrington 023B,-2.57169,53.36558,175
E01012452,Warrington 025D,-2.5883,53.35654,200
E01012453,Warrington 013A,-2.60268,53.4102,1250
E01012454,Warrington 013B,-2.60608,53.39804,2250
E01012455,Warrington 013C,-2.60325,53.40398,2000
E01012457,Warrington 013D,-2.61155,53.3931,4000
E01012458,Warrington 018B,-2.6242,53.37954,600
E01012459,Warrington 005A,-2.52358,53.41503,3500
E01012460,Warrington 004A,-2.52641,53.42267,11000
E01012461,Warrington 005B,-2.49303,53.42938,175
E01012462,Warrington 004B,-2.51274,53.42995,4500
E01012463,Warrington 004C,-2.54375,53.42327,2500
E01012464,Warrington 004D,-2.5283,53.43069,4500
E01012465,Warrington 005C,-2.5059,53.42003,20
E01012466,Warrington 005D,-2.51827,53.42022,500
E01012467,Warrington 003A,-2.64887,53.43362,45
E01012468,Warrington 003B,-2.60044,53.43532,2250
E01012469,Warrington 003C,-2.6639,53.43325,2250
E01012470,Warrington 003D,-2.66273,53.42657,50
E01012471,Warrington 001A,-2.5239,53.4449,3000
E01012472,Warrington 001B,-2.55529,53.4344,300
E01012473,Warrington 002A,-2.51947,53.45713,150
E01012474,Warrington 002B,-2.5203,53.45093,600
E01012475,Warrington 002C,-2.49352,53.4503,175
E01012476,Warrington 001C,-2.50932,53.46608,1000
E01012477,Warrington 001D,-2.53421,53.46278,500
E01012478,Warrington 012A,-2.56849,53.3963,1000
E01012479,Warrington 017A,-2.57382,53.39443,350
E01012480,Warrington 017B,-2.58284,53.38847,1250
E01012481,Warrington 011A,-2.57104,53.39902,400
E01012482,Warrington 011B,-2.577,53.40027,250
E01012483,Warrington 018C,-2.58946,53.39632,300
E01012485,Warrington 022A,-2.54133,53.38052,225
E01012486,Warrington 022B,-2.55026,53.37819,150
E01012487,Warrington 022C,-2.54624,53.37588,450
E01012488,Warrington 024B,-2.53239,53.36892,500
E01012489,Warrington 022D,-2.55699,53.36974,450
E01012490,Warrington 022E,-2.53159,53.38204,100
E01012491,Warrington 015A,-2.65977,53.39506,75
E01012492,Warrington 015B,-2.65129,53.394,75
E01012493,Warrington 015C,-2.66366,53.39346,350
E01012494,Warrington 015D,-2.67092,53.3962,125
E01012495,Warrington 016A,-2.63586,53.38292,150
E01012496,Warrington 016B,-2.63821,53.38797,75
E01012497,Warrington 016C,-2.62267,53.39213,175
E01012498,Warrington 016D,-2.62891,53.39193,100
E01012499,Warrington 016E,-2.63624,53.39121,75
E01012500,Warrington 015E,-2.65182,53.39031,400
E01012501,Warrington 016F,-2.62583,53.38548,250
E01012502,Warrington 024C,-2.60911,53.35852,400
E01012503,Warrington 024D,-2.57745,53.33583,1250
E01012505,Warrington 020B,-2.57317,53.37765,1250
E01012506,Warrington 020C,-2.56023,53.38882,175
E01012507,Warrington 020D,-2.56489,53.38115,700
E01012508,Warrington 020E,-2.55782,53.38403,75
E01012509,Warrington 018D,-2.59769,53.37237,1500
E01012510,Warrington 017D,-2.58402,53.38081,4500
E01012511,Warrington 017E,-2.57456,53.38474,175
E01012512,Warrington 018E,-2.59219,53.38004,450
E01012513,Warrington 021A,-2.49956,53.37462,400
E01012514,Warrington 021B,-2.46903,53.37786,450
E01012515,Warrington 021C,-2.48787,53.37038,1000
E01012516,Warrington 021D,-2.48224,53.38217,800
E01012517,Warrington 021E,-2.47069,53.3891,225
E01012518,Warrington 021F,-2.44583,53.37948,900
E01012519,Warrington 021G,-2.48789,53.38477,125
E01012520,Warrington 011C,-2.5905,53.40757,1750
E01012521,Warrington 008A,-2.58393,53.4101,125
E01012522,Warrington 008B,-2.57751,53.41041,150
E01012523,Warrington 011D,-2.58546,53.40311,100
E01012524,Warrington 011E,-2.57741,53.40537,100
E01012525,Warrington 011F,-2.59157,53.4016,400
E01012526,Warrington 006A,-2.59234,53.41317,75
E01012527,Warrington 019A,-2.64697,53.38482,150
E01012528,Warrington 019B,-2.65565,53.38097,500
E01012529,Warrington 019C,-2.66544,53.38507,175
E01012530,Warrington 019D,-2.67977,53.37211,500
E01012531,Warrington 019E,-2.66377,53.38809,125
E01012532,Warrington 019F,-2.65269,53.38651,500
E01012533,Warrington 008C,-2.57249,53.41516,15
E01012534,Warrington 006B,-2.58012,53.41556,50
E01012535,Warrington 006C,-2.58565,53.41457,100
E01012536,Warrington 008D,-2.57531,53.41259,75
E01012537,Warrington 006D,-2.5954,53.41726,250
E01012538,Warrington 007A,-2.56669,53.42018,50
E01012539,Warrington 006E,-2.58317,53.41913,2000
E01012540,Warrington 007B,-2.55584,53.41359,175
E01012541,Warrington 007C,-2.55175,53.42027,50
E01012542,Warrington 007D,-2.56114,53.41831,100
E01012543,Warrington 007E,-2.5498,53.41387,2000
E01012544,Warrington 007F,-2.5414,53.41228,1500
E01012545,Warrington 008E,-2.56267,53.4121,300
E01012546,Warrington 008F,-2.56764,53.40933,75
E01012547,Warrington 012B,-2.56551,53.40392,125
E01012548,Warrington 012C,-2.55103,53.40627,1250
E01012549,Warrington 012D,-2.55668,53.40193,175
E01012550,Warrington 012E,-2.55468,53.39486,125
E01012551,Warrington 014A,-2.50821,53.39699,2250
E01012552,Warrington 014B,-2.53584,53.39837,150
E01012553,Warrington 014C,-2.53374,53.39137,350
E01012554,Warrington 002D,-2.47958,53.41375,400
E01012555,Warrington 014D,-2.53439,53.40425,2500
E01012556,Warrington 014E,-2.5418,53.4003,1500
E01012557,Warrington 023C,-2.58092,53.37105,1250
E01012558,Warrington 023D,-2.58502,53.36712,400
E01012559,Warrington 023E,-2.56605,53.37556,350
E01012560,Warrington 023F,-2.57171,53.37277,200
E01012561,Warrington 009A,-2.61719,53.41509,3000
E01012562,Warrington 009B,-2.6501,53.41245,6000
E01012563,Warrington 010A,-2.62888,53.40918,2000
E01012564,Warrington 010B,-2.61597,53.40669,400
E01012566,Warrington 010D,-2.6351,53.40132,175
E01012569,Warrington 010E,-2.63617,53.40465,125
E01012570,Warrington 010F,-2.6201,53.40225,150
E01012571,Blackburn with Darwen 007A,-2.45985,53.74638,100
E01012572,Blackburn with Darwen 007B,-2.4722,53.74631,600
E01012573,Blackburn with Darwen 007C,-2.46355,53.74433,250
E01012574,Blackburn with Darwen 003A,-2.47043,53.75446,75
E01012575,Blackburn with Darwen 007D,-2.46655,53.74937,1500
E01012576,Blackburn with Darwen 008A,-2.45738,53.75098,1750
E01012577,Blackburn with Darwen 003B,-2.4741,53.76158,250
E01012578,Blackburn with Darwen 003C,-2.4721,53.75739,350
E01012579,Blackburn with Darwen 004A,-2.48106,53.75804,40
E01012580,Blackburn with Darwen 004B,-2.47755,53.75621,350
E01012581,Blackburn with Darwen 002A,-2.50472,53.76213,50
E01012582,Blackburn with Darwen 002B,-2.50955,53.75914,175
E01012583,Blackburn with Darwen 002C,-2.49833,53.76656,250
E01012584,Blackburn with Darwen 010A,-2.51916,53.75101,900
E01012585,Blackburn with Darwen 005A,-2.50591,53.74853,250
E01012586,Blackburn with Darwen 005B,-2.49929,53.75095,225
E01012587,Blackburn with Darwen 002D,-2.49954,53.75627,600
E01012588,Blackburn with Darwen 002E,-2.50581,53.75282,300
E01012589,Blackburn with Darwen 014A,-2.47626,53.70707,150
E01012590,Blackburn with Darwen 014B,-2.47687,53.71123,2500
E01012591,Blackburn with Darwen 014C,-2.49224,53.70899,350
E01012592,Blackburn with Darwen 018A,-2.43689,53.70956,1250
E01012593,Blackburn with Darwen 013A,-2.48789,53.72757,300
E01012594,Blackburn with Darwen 012A,-2.50187,53.72496,50
E01012595,Blackburn with Darwen 009A,-2.491,53.73435,1250
E01012596,Blackburn with Darwen 009B,-2.48311,53.73485,250
E01012597,Blackburn with Darwen 013B,-2.47268,53.71969,450
E01012598,Blackburn with Darwen 013C,-2.49474,53.72118,300
E01012599,Blackburn with Darwen 013D,-2.48242,53.72091,450
E01012600,Blackburn with Darwen 011A,-2.48354,53.7312,1000
E01012601,Blackburn with Darwen 011B,-2.47663,53.72735,75
E01012602,Blackburn with Darwen 011C,-2.4665,53.72255,2000
E01012603,Blackburn with Darwen 011D,-2.47018,53.72837,100
E01012604,Blackburn with Darwen 011E,-2.46712,53.73266,75
E01012605,Blackburn with Darwen 003D,-2.46703,53.7608,250
E01012606,Blackburn with Darwen 003E,-2.45911,53.75693,3000
E01012607,Blackburn with Darwen 001A,-2.45917,53.76595,2250
E01012608,Blackburn with Darwen 001B,-2.47152,53.76682,450
E01012609,Blackburn with Darwen 010B,-2.52522,53.72028,350
E01012610,Blackburn with Darwen 010C,-2.5399,53.7235,75
E01012611,Blackburn with Darwen 010D,-2.54154,53.74357,350
E01012612,Blackburn with Darwen 010E,-2.52674,53.72891,100
E01012613,Blackburn with Darwen 010F,-2.51953,53.7278,175
E01012614,Blackburn with Darwen 017A,-2.44645,53.69137,50
E01012615,Blackburn with Darwen 017B,-2.45784,53.69129,175
E01012616,Blackburn with Darwen 017C,-2.44404,53.68102,700
E01012617,Blackburn with Darwen 015A,-2.44831,53.69537,175
E01012618,Blackburn with Darwen 012B,-2.51492,53.73449,75
E01012619,Blackburn with Darwen 012C,-2.51275,53.73024,150
E01012620,Blackburn with Darwen 012D,-2.50833,53.72464,350
E01012621,Blackburn with Darwen 012E,-2.50308,53.7299,75
E01012622,Blackburn with Darwen 009C,-2.49556,53.74011,800
E01012623,Blackburn with Darwen 009D,-2.50808,53.73907,225
E01012624,Blackburn with Darwen 009E,-2.49796,53.73411,600
E01012625,Blackburn with Darwen 009F,-2.50252,53.73625,400
E01012628,Blackburn with Darwen 018D,-2.49526,53.64553,300
E01012629,Blackburn with Darwen 006A,-2.48166,53.73833,1500
E01012630,Blackburn with Darwen 007E,-2.46585,53.74229,450
E01012631,Blackburn with Darwen 006B,-2.47602,53.738,300
E01012632,Blackburn with Darwen 011F,-2.45675,53.73083,17000
E01012633,Blackburn with Darwen 001C,-2.48591,53.77099,700
E01012634,Blackburn with Darwen 001D,-2.47955,53.76667,125
E01012635,Blackburn with Darwen 001E,-2.48513,53.7629,225
E01012636,Blackburn with Darwen 001F,-2.46859,53.7769,200
E01012637,Blackburn with Darwen 008B,-2.44737,53.73555,2500
E01012638,Blackburn with Darwen 008C,-2.45161,53.73931,200
E01012639,Blackburn with Darwen 008D,-2.44777,53.75127,500
E01012640,Blackburn with Darwen 008E,-2.44509,53.74623,500
E01012641,Blackburn with Darwen 008F,-2.45282,53.74414,225
E01012642,Blackburn with Darwen 004C,-2.48962,53.75477,450
E01012643,Blackburn with Darwen 006C,-2.47735,53.74961,2000
E01012644,Blackburn with Darwen 006D,-2.48578,53.75211,5000
E01012645,Blackburn with Darwen 004D,-2.48891,53.75889,250
E01012646,Blackburn with Darwen 015B,-2.45705,53.6973,100
E01012647,Blackburn with Darwen 015C,-2.45523,53.70245,25
E01012648,Blackburn with Darwen 014D,-2.46803,53.70473,150
E01012649,Blackburn with Darwen 016A,-2.4662,53.70122,700
E01012650,Blackburn with Darwen 015D,-2.46182,53.69955,200
E01012651,Blackburn with Darwen 016B,-2.47758,53.70268,300
E01012652,Blackburn with Darwen 014E,-2.4866,53.69827,150
E01012653,Blackburn with Darwen 016C,-2.48595,53.68904,450
E01012654,Blackburn with Darwen 016D,-2.46658,53.69412,2500
E01012655,Blackburn with Darwen 006E,-2.49153,53.74486,3500
E01012656,Blackburn with Darwen 005C,-2.49165,53.7496,1250
E01012657,Blackburn with Darwen 005D,-2.49851,53.74771,100
E01012658,Blackburn with Darwen 005E,-2.50459,53.74391,250
E01012659,Blackburn with Darwen 017D,-2.46615,53.68721,350
E01012660,Blackburn with Darwen 017E,-2.47109,53.6736,125
E01012661,Blackburn with Darwen 017F,-2.45936,53.68262,150
E01012662,Blackpool 002A,-3.02503,53.86584,100
E01012663,Blackpool 001A,-3.04357,53.8709,150
E01012664,Blackpool 001B,-3.03517,53.87294,225
E01012665,Blackpool 001C,-3.03175,53.86955,200
E01012666,Blackpool 003A,-3.04917,53.85135,700
E01012667,Blackpool 003B,-3.04592,53.8547,125
E01012668,Blackpool 003C,-3.04618,53.84794,200
E01012669,Blackpool 003D,-3.04948,53.84381,125
E01012670,Blackpool 011A,-3.04316,53.81134,20
E01012671,Blackpool 013A,-3.05332,53.8009,600
E01012672,Blackpool 013B,-3.05172,53.80699,900
E01012673,Blackpool 010A,-3.04883,53.81017,225
E01012674,Blackpool 013C,-3.04725,53.80405,1250
E01012675,Blackpool 010B,-3.04076,53.82072,300
E01012676,Blackpool 009A,-3.03207,53.82114,35
E01012677,Blackpool 009B,-3.03251,53.81855,300
E01012678,Blackpool 008A,-3.03639,53.82321,150
E01012679,Blackpool 008B,-3.04457,53.82221,300
E01012680,Blackpool 008C,-3.04547,53.82657,300
E01012681,Blackpool 006A,-3.05197,53.82189,2000
E01012682,Blackpool 008D,-3.04615,53.82473,225
E01012683,Blackpool 006B,-3.05071,53.82888,200
E01012684,Blackpool 008E,-3.04417,53.82929,50
E01012685,Blackpool 016A,-3.02121,53.7988,1250
E01012686,Blackpool 014A,-3.00085,53.7999,300
E01012687,Blackpool 014B,-2.9937,53.79762,1750
E01012688,Blackpool 014C,-3.01022,53.79749,2250
E01012689,Blackpool 014D,-3.00798,53.80179,400
E01012690,Blackpool 004A,-3.03139,53.83849,300
E01012691,Blackpool 004B,-3.03594,53.84337,75
E01012692,Blackpool 004C,-3.02311,53.84437,350
E01012693,Blackpool 005A,-3.03637,53.83458,200
E01012694,Blackpool 016B,-3.0276,53.80179,225
E01012695,Blackpool 015A,-3.03351,53.79697,200
E01012696,Blackpool 016C,-3.02772,53.79746,125
E01012697,Blackpool 016D,-3.02367,53.79491,175
E01012698,Blackpool 016E,-3.03369,53.79539,125
E01012699,Blackpool 019A,-3.03133,53.78304,100
E01012700,Blackpool 019B,-3.0384,53.78266,150
E01012701,Blackpool 018A,-3.035,53.78789,100
E01012702,Blackpool 019C,-3.03954,53.78717,175
E01012703,Blackpool 002B,-3.03496,53.85472,600
E01012704,Blackpool 002C,-3.02254,53.8558,2250
E01012705,Blackpool 004D,-3.03575,53.84918,500
E01012706,Blackpool 002D,-3.02934,53.85067,800
E01012707,Blackpool 007A,-3.0271,53.826,200
E01012708,Blackpool 009C,-3.02616,53.82351,125
E01012709,Blackpool 009D,-3.03237,53.82782,200
E01012710,Blackpool 009E,-3.02232,53.823,225
E01012711,Blackpool 005B,-3.03055,53.83182,600
E01012712,Blackpool 012A,-3.02276,53.81375,350
E01012713,Blackpool 012B,-3.0096,53.81201,300
E01012714,Blackpool 014E,-3.00027,53.81001,1750
E01012715,Blackpool 012C,-3.02668,53.80681,150
E01012716,Blackpool 001D,-3.04325,53.86474,400
E01012717,Blackpool 002E,-3.03254,53.86061,800
E01012718,Blackpool 003E,-3.0436,53.85989,50
E01012719,Blackpool 001E,-3.0432,53.86792,400
E01012720,Blackpool 007B,-3.0155,53.82938,250
E01012721,Blackpool 007C,-3.0121,53.8346,25
E01012722,Blackpool 009F,-3.0101,53.82297,8000
E01012723,Blackpool 004E,-3.01929,53.8371,900
E01012724,Blackpool 007D,-3.02057,53.83071,50
E01012725,Blackpool 019D,-3.04376,53.78153,450
E01012726,Blackpool 017A,-3.05267,53.78461,250
E01012727,Blackpool 019E,-3.05267,53.78007,300
E01012728,Blackpool 017B,-3.04679,53.78467,350
E01012729,Blackpool 018B,-3.02614,53.79042,250
E01012730,Blackpool 018C,-3.01236,53.78287,900
E01012731,Blackpool 018D,-3.01524,53.77797,3500
E01012732,Blackpool 018E,-3.01411,53.79021,4000
E01012733,Blackpool 011B,-3.03806,53.8151,175
E01012734,Blackpool 011C,-3.03446,53.81447,900
E01012735,Blackpool 010C,-3.04141,53.81623,700
E01012736,Blackpool 010D,-3.0519,53.81525,3500
E01012737,Blackpool 010E,-3.04949,53.81868,4500
E01012738,Blackpool 011D,-3.04195,53.80913,175
E01012739,Blackpool 011E,-3.03782,53.80745,25
E01012740,Blackpool 012D,-3.03162,53.81074,700
E01012741,Blackpool 012E,-3.03167,53.8044,300
E01012742,Blackpool 011F,-3.03735,53.8115,175
E01012743,Blackpool 015B,-3.04127,53.80439,400
E01012744,Blackpool 015C,-3.03558,53.80255,45
E01012745,Blackpool 015D,-3.04309,53.7998,700
E01012746,Blackpool 015E,-3.0393,53.79724,200
E01012747,Blackpool 005C,-3.04526,53.83711,175
E01012748,Blackpool 006C,-3.05318,53.83503,350
E01012749,Blackpool 006D,-3.05137,53.83844,900
E01012750,Blackpool 005D,-3.04196,53.83283,225
E01012751,Blackpool 013D,-3.05161,53.79623,1500
E01012752,Blackpool 017C,-3.0538,53.7917,1500
E01012753,Blackpool 017D,-3.04519,53.79292,100
E01012754,Blackpool 017E,-3.05123,53.79196,100
E01012755,Blackpool 017F,-3.04375,53.78999,300
E01012756,Kingston upon Hull 025A,-0.37294,53.75817,500
E01012757,Kingston upon Hull 025B,-0.36336,53.75088,700
E01012758,Kingston upon Hull 018A,-0.3678,53.75814,175
E01012759,Kingston upon Hull 025C,-0.37594,53.75233,100
E01012760,Kingston upon Hull 025D,-0.36786,53.75342,75
E01012761,Kingston upon Hull 015A,-0.35313,53.75888,300
E01012762,Kingston upon Hull 018B,-0.36359,53.75949,125
E01012763,Kingston upon Hull 018C,-0.35775,53.75672,300
E01012764,Kingston upon Hull 005A,-0.35383,53.78606,150
E01012765,Kingston upon Hull 005B,-0.35448,53.78178,75
E01012766,Kingston upon Hull 012A,-0.34377,53.77172,1000
E01012767,Kingston upon Hull 012B,-0.35189,53.77037,300
E01012768,Kingston upon Hull 005C,-0.36516,53.78952,300
E01012769,Kingston upon Hull 005D,-0.35859,53.78886,50
E01012770,Kingston upon Hull 028A,-0.40696,53.74339,150
E01012771,Kingston upon Hull 028B,-0.4,53.74193,75
E01012772,Kingston upon Hull 028C,-0.39239,53.74381,350
E01012773,Kingston upon Hull 027A,-0.38806,53.7527,50
E01012774,Kingston upon Hull 019A,-0.39485,53.75372,30
E01012775,Kingston upon Hull 028D,-0.39933,53.75146,250
E01012776,Kingston upon Hull 027B,-0.39004,53.7481,450
E01012777,Kingston upon Hull 028E,-0.40057,53.74482,200
E01012778,Kingston upon Hull 004A,-0.31168,53.78715,150
E01012779,Kingston upon Hull 034A,-0.33023,53.80931,125
E01012780,Kingston upon Hull 034D,-0.32713,53.80675,225
E01012781,Kingston upon Hull 034B,-0.3317,53.80452,100
E01012782,Kingston upon Hull 002A,-0.32291,53.79667,200
E01012783,Kingston upon Hull 004B,-0.31436,53.80282,50
E01012784,Kingston upon Hull 004C,-0.30483,53.79255,50
E01012785,Kingston upon Hull 002B,-0.33428,53.79037,200
E01012786,Kingston upon Hull 002C,-0.3373,53.79446,125
E01012787,Kingston upon Hull 002D,-0.32128,53.78894,600
E01012788,Kingston upon Hull 002E,-0.32857,53.79075,125
E01012789,Kingston upon Hull 002F,-0.32669,53.78441,100
E01012790,Kingston upon Hull 004D,-0.31433,53.78389,250
E01012791,Kingston upon Hull 014A,-0.3775,53.76099,700
E01012792,Kingston upon Hull 014B,-0.37702,53.76725,225
E01012793,Kingston upon Hull 014C,-0.37107,53.76496,250
E01012794,Kingston upon Hull 014D,-0.3859,53.76486,700
E01012795,Kingston upon Hull 019B,-0.38949,53.75909,800
E01012796,Kingston upon Hull 023A,-0.41506,53.7518,75
E01012797,Kingston upon Hull 019C,-0.39815,53.76379,30
E01012798,Kingston upon Hull 019D,-0.4048,53.76165,20
E01012799,Kingston upon Hull 023B,-0.40612,53.75722,45
E01012800,Kingston upon Hull 023C,-0.41528,53.75808,500
E01012801,Kingston upon Hull 019E,-0.39774,53.75774,150
E01012802,Kingston upon Hull 023D,-0.40497,53.75426,200
E01012803,Kingston upon Hull 023E,-0.41273,53.75495,100
E01012804,Kingston upon Hull 016A,-0.32171,53.76125,900
E01012805,Kingston upon Hull 026A,-0.31056,53.75345,350
E01012806,Kingston upon Hull 016B,-0.33014,53.75954,2000
E01012807,Kingston upon Hull 016C,-0.31111,53.75999,300
E01012808,Kingston upon Hull 026B,-0.31493,53.75598,700
E01012809,Kingston upon Hull 026C,-0.32258,53.75064,5000
E01012810,Kingston upon Hull 026D,-0.31313,53.74531,1000
E01012811,Kingston upon Hull 026E,-0.32208,53.74225,4500
E01012812,Kingston upon Hull 013A,-0.30175,53.77164,225
E01012813,Kingston upon Hull 013B,-0.31339,53.77476,300
E01012814,Kingston upon Hull 013C,-0.3089,53.77094,75
E01012815,Kingston upon Hull 013D,-0.31869,53.77095,900
E01012816,Kingston upon Hull 020A,-0.29961,53.76534,300
E01012817,Kingston upon Hull 016D,-0.3322,53.77256,9000
E01012818,Kingston upon Hull 013E,-0.30936,53.76715,50
E01012819,Kingston upon Hull 016E,-0.31607,53.76466,75
E01012820,Kingston upon Hull 022A,-0.30591,53.76147,100
E01012821,Kingston upon Hull 011A,-0.28664,53.77646,350
E01012822,Kingston upon Hull 007A,-0.29847,53.77591,450
E01012824,Kingston upon Hull 010A,-0.28108,53.78179,75
E01012825,Kingston upon Hull 010B,-0.27531,53.76958,150
E01012827,Kingston upon Hull 011D,-0.28329,53.76746,200
E01012828,Kingston upon Hull 011E,-0.29067,53.78442,125
E01012829,Kingston upon Hull 006A,-0.34829,53.79039,450
E01012830,Kingston upon Hull 006B,-0.33533,53.78711,40
E01012832,Kingston upon Hull 034E,-0.33617,53.80476,100
E01012833,Kingston upon Hull 009A,-0.25953,53.77443,125
E01012834,Kingston upon Hull 010C,-0.2711,53.77679,75
E01012835,Kingston upon Hull 009B,-0.25655,53.77644,300
E01012836,Kingston upon Hull 009C,-0.26071,53.7683,500
E01012837,Kingston upon Hull 010D,-0.26831,53.77094,75
E01012838,Kingston upon Hull 010E,-0.27142,53.78206,15
E01012839,Kingston upon Hull 009D,-0.25853,53.78069,150
E01012840,Kingston upon Hull 009E,-0.2659,53.77828,250
E01012841,Kingston upon Hull 017A,-0.26717,53.76187,35
E01012842,Kingston upon Hull 021A,-0.25439,53.7619,75
E01012843,Kingston upon Hull 021B,-0.26519,53.75852,900
E01012844,Kingston upon Hull 017B,-0.27131,53.76207,15
E01012845,Kingston upon Hull 021C,-0.24877,53.75508,20
E01012846,Kingston upon Hull 021D,-0.25703,53.7564,175
E01012847,Kingston upon Hull 021E,-0.25575,53.75317,50
E01012848,Kingston upon Hull 020B,-0.27761,53.74362,9000
E01012849,Kingston upon Hull 017C,-0.26912,53.76592,75
E01012850,Kingston upon Hull 024A,-0.35262,53.75115,500
E01012852,Kingston upon Hull 024B,-0.35771,53.7472,8000
E01012854,Kingston upon Hull 029C,-0.34646,53.7375,2000
E01012855,Kingston upon Hull 029D,-0.35506,53.73971,1000
E01012856,Kingston upon Hull 024C,-0.33839,53.75528,1250
E01012857,Kingston upon Hull 024D,-0.34821,53.75482,350
E01012858,Kingston upon Hull 031A,-0.38752,53.73565,175
E01012859,Kingston upon Hull 030A,-0.36914,53.74481,1250
E01012860,Kingston upon Hull 031B,-0.39048,53.73948,100
E01012862,Kingston upon Hull 025E,-0.37888,53.74999,200
E01012863,Kingston upon Hull 027C,-0.38342,53.74806,50
E01012864,Kingston upon Hull 027D,-0.37813,53.74468,250
E01012865,Kingston upon Hull 027E,-0.38338,53.74345,700
E01012866,Kingston upon Hull 018D,-0.36324,53.76303,50
E01012867,Kingston upon Hull 024E,-0.34037,53.76171,900
E01012868,Kingston upon Hull 015B,-0.358,53.76638,450
E01012869,Kingston upon Hull 015C,-0.35117,53.7663,300
E01012870,Kingston upon Hull 018E,-0.36293,53.76631,100
E01012871,Kingston upon Hull 015D,-0.34098,53.76473,1750
E01012872,Kingston upon Hull 015E,-0.35504,53.76354,400
E01012873,Kingston upon Hull 008A,-0.38108,53.78036,75
E01012874,Kingston upon Hull 008B,-0.38643,53.78146,350
E01012875,Kingston upon Hull 003A,-0.37446,53.78798,400
E01012876,Kingston upon Hull 003B,-0.37325,53.7895,5
E01012877,Kingston upon Hull 003C,-0.38745,53.79,5
E01012878,Kingston upon Hull 003D,-0.37883,53.78499,50
E01012879,Kingston upon Hull 003E,-0.38543,53.78532,75
E01012880,Kingston upon Hull 008C,-0.37331,53.78469,35
E01012881,Kingston upon Hull 008D,-0.36339,53.78221,300
E01012882,Kingston upon Hull 033A,-0.40829,53.72601,2500
E01012883,Kingston upon Hull 033B,-0.3998,53.72836,800
E01012884,Kingston upon Hull 033C,-0.41724,53.7274,400
E01012886,Kingston upon Hull 031D,-0.40055,53.73505,75
E01012887,Kingston upon Hull 033D,-0.41645,53.73114,35
E01012888,Kingston upon Hull 031E,-0.38848,53.7303,800
E01012889,Kingston upon Hull 030B,-0.37133,53.73041,8000
E01012891,Kingston upon Hull 030C,-0.36225,53.74067,350
E01012892,Kingston upon Hull 030D,-0.36663,53.73944,250
E01012893,Kingston upon Hull 030E,-0.37207,53.7404,200
E01012894,Kingston upon Hull 020C,-0.28993,53.75523,200
E01012896,Kingston upon Hull 020D,-0.29161,53.76179,450
E01012898,Kingston upon Hull 017F,-0.28198,53.76318,20
E01012899,Kingston upon Hull 022B,-0.29881,53.75442,100
E01012900,Kingston upon Hull 022C,-0.30547,53.75213,350
E01012901,Kingston upon Hull 020E,-0.29705,53.75926,250
E01012902,Kingston upon Hull 022D,-0.30136,53.75926,100
E01012903,Kingston upon Hull 022E,-0.30409,53.75553,175
E01012904,Kingston upon Hull 007B,-0.30395,53.77966,300
E01012905,Kingston upon Hull 006C,-0.3238,53.78052,50
E01012906,Kingston upon Hull 004E,-0.31757,53.78053,500
E01012907,Kingston upon Hull 007C,-0.31032,53.77946,250
E01012908,Kingston upon Hull 004F,-0.30433,53.78877,200
E01012909,Kingston upon Hull 007D,-0.29606,53.7868,25
E01012910,Kingston upon Hull 006D,-0.33458,53.78375,50
E01012911,Kingston upon Hull 007E,-0.29987,53.78225,75
E01012912,Kingston upon Hull 006E,-0.33827,53.78175,50
E01012913,Kingston upon Hull 014E,-0.38285,53.77308,200
E01012914,Kingston upon Hull 012C,-0.37021,53.77199,3500
E01012915,Kingston upon Hull 008E,-0.36797,53.77965,50
E01012916,Kingston upon Hull 012D,-0.36223,53.77465,600
E01012917,Kingston upon Hull 008F,-0.37445,53.7783,175
E01012918,Kingston upon Hull 008G,-0.38127,53.77594,75
E01012919,East Riding of Yorkshire 020A,-0.50772,53.83606,800
E01012921,East Riding of Yorkshire 020B,-0.4858,53.81519,125
E01012922,East Riding of Yorkshire 013A,-0.5727,53.92105,350
E01012923,East Riding of Yorkshire 013B,-0.44125,53.88992,900
E01012924,East Riding of Yorkshire 014A,-0.35712,53.85912,500
E01012925,East Riding of Yorkshire 013C,-0.53873,53.86991,225
E01012926,East Riding of Yorkshire 014B,-0.34745,53.89421,350
E01012927,East Riding of Yorkshire 013D,-0.48153,53.87194,100
E01012928,East Riding of Yorkshire 003A,-0.21407,54.09824,75
E01012929,East Riding of Yorkshire 002A,-0.19986,54.09142,300
E01012930,East Riding of Yorkshire 002B,-0.19169,54.09485,125
E01012931,East Riding of Yorkshire 003B,-0.20155,54.09401,125
E01012932,East Riding of Yorkshire 003C,-0.22223,54.09414,450
E01012933,East Riding of Yorkshire 001A,-0.18731,54.13445,200
E01012934,East Riding of Yorkshire 001B,-0.25897,54.11338,400
E01012935,East Riding of Yorkshire 002C,-0.17943,54.09697,350
E01012936,East Riding of Yorkshire 004A,-0.18159,54.09019,250
E01012937,East Riding of Yorkshire 002D,-0.11444,54.12199,700
E01012939,East Riding of Yorkshire 001D,-0.17416,54.11039,175
E01012940,East Riding of Yorkshire 001E,-0.18763,54.1014,125
E01012941,East Riding of Yorkshire 001F,-0.19871,54.1003,20
E01012942,East Riding of Yorkshire 002E,-0.15737,54.1058,350
E01012943,East Riding of Yorkshire 004B,-0.20209,54.08609,1000
E01012944,East Riding of Yorkshire 005A,-0.18867,54.08523,600
E01012945,East Riding of Yorkshire 004C,-0.1974,54.08847,500
E01012946,East Riding of Yorkshire 003D,-0.2296,54.08051,225
E01012947,East Riding of Yorkshire 005B,-0.20921,54.08009,175
E01012948,East Riding of Yorkshire 005C,-0.19012,54.08258,1000
E01012949,East Riding of Yorkshire 003E,-0.21353,54.08608,700
E01012950,East Riding of Yorkshire 006A,-0.21318,54.07248,1000
E01012951,East Riding of Yorkshire 005D,-0.19929,54.07806,400
E01012952,East Riding of Yorkshire 004D,-0.18923,54.089,250
E01012953,East Riding of Yorkshire 023A,-0.38606,53.79395,1500
E01012954,East Riding of Yorkshire 022A,-0.4316,53.78859,4000
E01012955,East Riding of Yorkshire 023B,-0.40885,53.78685,450
E01012956,East Riding of Yorkshire 022B,-0.42495,53.78347,200
E01012957,East Riding of Yorkshire 025A,-0.41878,53.78278,600
E01012958,East Riding of Yorkshire 022C,-0.4306,53.78015,40
E01012959,East Riding of Yorkshire 023C,-0.39467,53.77748,75
E01012960,East Riding of Yorkshire 025B,-0.41163,53.78078,600
E01012961,East Riding of Yorkshire 022D,-0.43906,53.7743,800
E01012962,East Riding of Yorkshire 023D,-0.40447,53.7741,500
E01012963,East Riding of Yorkshire 025C,-0.42052,53.77421,150
E01012964,East Riding of Yorkshire 023E,-0.39337,53.7699,150
E01012966,East Riding of Yorkshire 022E,-0.46963,53.77939,900
E01012967,East Riding of Yorkshire 024C,-0.59934,53.76618,700
E01012968,East Riding of Yorkshire 024D,-0.58394,53.78331,450
E01012969,East Riding of Yorkshire 024E,-0.62231,53.75045,500
E01012970,East Riding of Yorkshire 032A,-0.56003,53.75203,500
E01012972,East Riding of Yorkshire 032C,-0.57259,53.7333,250
E01012974,East Riding of Yorkshire 032E,-0.56643,53.7304,450
E01012975,East Riding of Yorkshire 044A,-0.44039,54.01773,250
E01012976,East Riding of Yorkshire 045A,-0.43595,54.01239,125
E01012978,East Riding of Yorkshire 008A,-0.44868,54.01056,75
E01012979,East Riding of Yorkshire 045B,-0.4443,54.00734,400
E01012980,East Riding of Yorkshire 045C,-0.4347,54.00209,900
E01012981,East Riding of Yorkshire 008B,-0.55694,53.97515,800
E01012982,East Riding of Yorkshire 045D,-0.43897,53.99986,1250
E01012983,East Riding of Yorkshire 008C,-0.45784,53.992,1500
E01012984,East Riding of Yorkshire 044C,-0.39465,53.98156,175
E01012985,East Riding of Yorkshire 044D,-0.42894,54.03597,175
E01012986,East Riding of Yorkshire 010A,-0.25585,53.97863,800
E01012987,East Riding of Yorkshire 010B,-0.32979,53.98708,400
E01012988,East Riding of Yorkshire 010C,-0.31893,53.92081,1250
E01012989,East Riding of Yorkshire 008D,-0.47497,53.9532,700
E01012990,East Riding of Yorkshire 006B,-0.38452,54.12492,175
E01012991,East Riding of Yorkshire 006C,-0.41199,54.07775,250
E01012992,East Riding of Yorkshire 006D,-0.30284,54.04033,3500
E01012993,East Riding of Yorkshire 040A,-0.88678,53.71357,600
E01012994,East Riding of Yorkshire 041A,-0.87679,53.71114,50
E01012995,East Riding of Yorkshire 041B,-0.86845,53.71027,100
E01012996,East Riding of Yorkshire 037A,-0.86178,53.72113,350
E01012997,East Riding of Yorkshire 040B,-0.87495,53.70757,600
E01012998,East Riding of Yorkshire 037B,-0.86794,53.71419,700
E01012999,East Riding of Yorkshire 040C,-0.87892,53.70428,800
E01013000,East Riding of Yorkshire 041C,-0.8673,53.70133,1750
E01013001,East Riding of Yorkshire 040D,-0.89224,53.70167,2000
E01013002,East Riding of Yorkshire 041D,-0.87244,53.69168,125
E01013003,East Riding of Yorkshire 038A,-0.85351,53.70972,125
E01013004,East Riding of Yorkshire 041E,-0.86377,53.70763,200
E01013005,East Riding of Yorkshire 036A,-0.45366,53.71967,2250
E01013006,East Riding of Yorkshire 043A,-0.42477,53.72876,75
E01013007,East Riding of Yorkshire 036B,-0.44138,53.72591,450
E01013008,East Riding of Yorkshire 034A,-0.42496,53.72123,2500
E01013009,East Riding of Yorkshire 034B,-0.43747,53.71862,2250
E01013010,East Riding of Yorkshire 043B,-0.42595,53.73203,125
E01013011,East Riding of Yorkshire 036C,-0.43947,53.73046,400
E01013012,East Riding of Yorkshire 036D,-0.4532,53.72813,400
E01013013,East Riding of Yorkshire 034C,-0.43411,53.73151,150
E01013014,East Riding of Yorkshire 034D,-0.42818,53.72693,175
E01013015,East Riding of Yorkshire 037C,-0.85822,53.74647,900
E01013016,East Riding of Yorkshire 037D,-0.91689,53.74324,800
E01013017,East Riding of Yorkshire 038B,-0.86981,53.75809,1750
E01013018,East Riding of Yorkshire 026A,-0.7493,53.75119,400
E01013019,East Riding of Yorkshire 026B,-0.66795,53.76774,2250
E01013020,East Riding of Yorkshire 038C,-0.80637,53.74434,600
E01013021,East Riding of Yorkshire 026C,-0.72425,53.72656,600
E01013022,East Riding of Yorkshire 018A,-0.90078,53.80638,1000
E01013023,East Riding of Yorkshire 018B,-0.80187,53.82009,800
E01013024,East Riding of Yorkshire 018C,-0.78214,53.83356,250
E01013025,East Riding of Yorkshire 026D,-0.65193,53.78265,300
E01013026,East Riding of Yorkshire 026E,-0.72521,53.76596,300
E01013027,East Riding of Yorkshire 014C,-0.31282,53.82049,200
E01013028,East Riding of Yorkshire 031A,-0.12296,53.75581,600
E01013029,East Riding of Yorkshire 021A,-0.1167,53.81474,200
E01013030,East Riding of Yorkshire 021B,-0.17361,53.81154,200
E01013031,East Riding of Yorkshire 021C,-0.20541,53.78276,250
E01013032,East Riding of Yorkshire 021D,-0.24277,53.79571,150
E01013033,East Riding of Yorkshire 033A,-0.13367,53.72913,150
E01013034,East Riding of Yorkshire 014D,-0.23872,53.8703,225
E01013035,East Riding of Yorkshire 021E,-0.24699,53.82692,225
E01013036,East Riding of Yorkshire 019A,-0.41679,53.8426,450
E01013037,East Riding of Yorkshire 019B,-0.39709,53.83781,3000
E01013038,East Riding of Yorkshire 017A,-0.42036,53.84536,300
E01013039,East Riding of Yorkshire 020C,-0.39846,53.8191,1000
E01013040,East Riding of Yorkshire 019C,-0.41128,53.83765,500
E01013041,East Riding of Yorkshire 019D,-0.42314,53.83811,1000
E01013042,East Riding of Yorkshire 020D,-0.44014,53.8326,200
E01013043,East Riding of Yorkshire 020E,-0.43213,53.82737,125
E01013044,East Riding of Yorkshire 020F,-0.44349,53.82543,500
E01013045,East Riding of Yorkshire 017B,-0.40513,53.85265,800
E01013046,East Riding of Yorkshire 012A,-0.1716,53.91511,500
E01013047,East Riding of Yorkshire 012B,-0.16864,53.92293,300
E01013048,East Riding of Yorkshire 010D,-0.2223,53.93113,600
E01013049,East Riding of Yorkshire 012C,-0.18289,53.90996,600
E01013050,East Riding of Yorkshire 012D,-0.14433,53.87011,700
E01013051,East Riding of Yorkshire 012E,-0.16783,53.90412,125
E01013053,East Riding of Yorkshire 011B,-0.7872,53.93973,225
E01013054,East Riding of Yorkshire 011C,-0.77964,53.92715,900
E01013055,East Riding of Yorkshire 011D,-0.77159,53.93951,200
E01013056,East Riding of Yorkshire 011E,-0.77382,53.93048,700
E01013057,East Riding of Yorkshire 009A,-0.89465,53.92564,350
E01013058,East Riding of Yorkshire 011F,-0.82752,53.93187,1750
E01013059,East Riding of Yorkshire 009B,-0.8925,53.96339,250
E01013060,East Riding of Yorkshire 009C,-0.89243,53.99004,500
E01013061,East Riding of Yorkshire 009D,-0.90929,53.9845,50
E01013062,East Riding of Yorkshire 019E,-0.4333,53.84249,7000
E01013063,East Riding of Yorkshire 019F,-0.44611,53.83696,250
E01013064,East Riding of Yorkshire 016A,-0.43316,53.85678,250
E01013065,East Riding of Yorkshire 016B,-0.41762,53.85373,300
E01013066,East Riding of Yorkshire 016C,-0.43653,53.85281,175
E01013067,East Riding of Yorkshire 016D,-0.42911,53.8542,75
E01013068,East Riding of Yorkshire 016E,-0.46016,53.85734,400
E01013069,East Riding of Yorkshire 017C,-0.4246,53.85089,175
E01013070,East Riding of Yorkshire 016F,-0.43862,53.84699,450
E01013071,East Riding of Yorkshire 017D,-0.42917,53.84596,1250
E01013072,East Riding of Yorkshire 042A,-0.95638,53.69096,125
E01013073,East Riding of Yorkshire 042B,-1.01657,53.67659,1000
E01013074,East Riding of Yorkshire 040E,-0.87983,53.66357,3000
E01013075,East Riding of Yorkshire 042C,-1.07154,53.68168,800
E01013076,East Riding of Yorkshire 038D,-0.78655,53.66867,225
E01013077,East Riding of Yorkshire 042D,-1.03667,53.68842,500
E01013078,East Riding of Yorkshire 031B,-0.05279,53.75263,300
E01013079,East Riding of Yorkshire 039A,0.000665,53.69738,200
E01013080,East Riding of Yorkshire 039B,0.023354,53.73678,200
E01013081,East Riding of Yorkshire 031C,-0.11086,53.67738,250
E01013082,East Riding of Yorkshire 031D,0.003709,53.72958,500
E01013083,East Riding of Yorkshire 039C,0.035418,53.72884,700
E01013084,East Riding of Yorkshire 039D,0.034581,53.72437,125
E01013085,East Riding of Yorkshire 031E,-0.10771,53.71709,150
E01013086,East Riding of Yorkshire 039E,-0.01422,53.67498,350
E01013087,East Riding of Yorkshire 039F,0.069711,53.67145,350
E01013088,East Riding of Yorkshire 035A,-0.49254,53.72704,300
E01013089,East Riding of Yorkshire 035B,-0.50473,53.71977,600
E01013090,East Riding of Yorkshire 035C,-0.52602,53.71724,3500
E01013091,East Riding of Yorkshire 035D,-0.49452,53.74893,225
E01013092,East Riding of Yorkshire 032F,-0.52808,53.74252,1500
E01013093,East Riding of Yorkshire 035E,-0.47846,53.73697,300
E01013094,East Riding of Yorkshire 029A,-0.22059,53.7669,600
E01013095,East Riding of Yorkshire 029B,-0.19824,53.74282,800
E01013096,East Riding of Yorkshire 029C,-0.22417,53.74364,2000
E01013097,East Riding of Yorkshire 029D,-0.18545,53.74027,20
E01013098,East Riding of Yorkshire 033B,-0.19095,53.73508,175
E01013099,East Riding of Yorkshire 033C,-0.1732,53.69071,300
E01013100,East Riding of Yorkshire 033D,-0.16041,53.71113,225
E01013101,East Riding of Yorkshire 033E,-0.17055,53.71981,125
E01013102,East Riding of Yorkshire 029E,-0.18714,53.7591,2000
E01013103,East Riding of Yorkshire 043C,-0.41344,53.74691,75
E01013104,East Riding of Yorkshire 043D,-0.40546,53.74834,150
E01013105,East Riding of Yorkshire 027A,-0.42999,53.74756,200
E01013106,East Riding of Yorkshire 043E,-0.4227,53.74251,1250
E01013107,East Riding of Yorkshire 034E,-0.43064,53.7407,900
E01013108,East Riding of Yorkshire 028A,-0.44551,53.74081,450
E01013110,East Riding of Yorkshire 027B,-0.44244,53.75913,600
E01013111,East Riding of Yorkshire 027C,-0.4273,53.75595,200
E01013112,East Riding of Yorkshire 025D,-0.42499,53.76288,175
E01013113,East Riding of Yorkshire 028B,-0.44925,53.76361,1500
E01013114,East Riding of Yorkshire 028C,-0.46703,53.74818,100
E01013115,East Riding of Yorkshire 027D,-0.42869,53.75243,100
E01013116,East Riding of Yorkshire 028D,-0.45865,53.76024,500
E01013117,East Riding of Yorkshire 027E,-0.43965,53.752,300
E01013118,East Riding of Yorkshire 028E,-0.45125,53.74842,200
E01013119,East Riding of Yorkshire 011G,-0.71956,53.95562,500
E01013120,East Riding of Yorkshire 015A,-0.68967,53.87551,900
E01013121,East Riding of Yorkshire 015B,-0.64696,53.85549,500
E01013122,East Riding of Yorkshire 018D,-0.76766,53.88147,450
E01013123,East Riding of Yorkshire 015C,-0.68604,53.85794,700
E01013124,East Riding of Yorkshire 015D,-0.66044,53.86248,600
E01013125,East Riding of Yorkshire 008E,-0.64488,53.98816,300
E01013126,East Riding of Yorkshire 009E,-0.84055,53.96787,1500
E01013127,East Riding of Yorkshire 018E,-0.86377,53.89318,1000
E01013128,North East Lincolnshire 024E,-0.03497,53.55847,350
E01013129,North East Lincolnshire 024D,-0.02921,53.55815,1000
E01013130,North East Lincolnshire 018A,-0.04579,53.55533,250
E01013131,North East Lincolnshire 014A,-0.03413,53.55556,100
E01013132,North East Lincolnshire 014B,-0.03362,53.55127,175
E01013133,North East Lincolnshire 014C,-0.0244,53.55432,150
E01013134,North East Lincolnshire 014D,-0.04092,53.55104,20
E01013135,North East Lincolnshire 018B,-0.04734,53.54985,175
E01013136,North East Lincolnshire 002A,-0.06319,53.57703,3500
E01013138,North East Lincolnshire 006A,-0.06051,53.56961,40
E01013140,North East Lincolnshire 006B,-0.06517,53.56651,125
E01013141,North East Lincolnshire 006C,-0.05998,53.56621,25
E01013142,North East Lincolnshire 002D,-0.06926,53.56505,600
E01013143,North East Lincolnshire 006D,-0.06509,53.56285,1000
E01013144,North East Lincolnshire 004A,-0.11883,53.57481,3000
E01013145,North East Lincolnshire 004B,-0.13373,53.56985,350
E01013146,North East Lincolnshire 004C,-0.11195,53.58009,2000
E01013147,North East Lincolnshire 009A,-0.1241,53.56797,150
E01013148,North East Lincolnshire 004D,-0.14326,53.56729,125
E01013149,North East Lincolnshire 013A,-0.13326,53.56471,50
E01013150,North East Lincolnshire 013B,-0.13685,53.56058,100
E01013151,North East Lincolnshire 024G,-0.01333,53.54761,600
E01013152,North East Lincolnshire 024F,-0.02447,53.55058,400
E01013153,North East Lincolnshire 020A,-0.01323,53.54113,700
E01013154,North East Lincolnshire 018C,-0.04475,53.54554,250
E01013155,North East Lincolnshire 024H,-0.02955,53.5481,75
E01013156,North East Lincolnshire 018D,-0.03967,53.54151,40
E01013157,North East Lincolnshire 020B,-0.02895,53.53825,250
E01013158,North East Lincolnshire 012A,-0.06096,53.56044,200
E01013159,North East Lincolnshire 011A,-0.07144,53.56072,175
E01013160,North East Lincolnshire 012B,-0.048,53.55993,300
E01013161,North East Lincolnshire 011B,-0.0696,53.55901,125
E01013162,North East Lincolnshire 011C,-0.07426,53.55613,50
E01013163,North East Lincolnshire 012C,-0.05865,53.55026,75
E01013164,North East Lincolnshire 012D,-0.06907,53.55168,1250
E01013165,North East Lincolnshire 011D,-0.07679,53.56292,400
E01013167,North East Lincolnshire 020D,-0.00267,53.52462,450
E01013170,North East Lincolnshire 022B,-0.05179,53.54374,150
E01013171,North East Lincolnshire 022C,-0.07526,53.52951,400
E01013172,North East Lincolnshire 022D,-0.06304,53.52152,250
E01013173,North East Lincolnshire 007A,-0.1917,53.59399,3000
E01013174,North East Lincolnshire 001A,-0.19244,53.61784,4500
E01013175,North East Lincolnshire 001B,-0.25472,53.60729,150
E01013176,North East Lincolnshire 001C,-0.21149,53.6214,1000
E01013177,North East Lincolnshire 001D,-0.21097,53.61619,500
E01013178,North East Lincolnshire 001E,-0.22283,53.61599,125
E01013179,North East Lincolnshire 001F,-0.21149,53.61135,250
E01013180,North East Lincolnshire 001G,-0.229,53.59903,175
E01013181,North East Lincolnshire 016A,-0.08033,53.56006,20
E01013182,North East Lincolnshire 016B,-0.09337,53.55546,1000
E01013183,North East Lincolnshire 016C,-0.07806,53.54884,450
E01013184,North East Lincolnshire 016D,-0.08831,53.55936,250
E01013185,North East Lincolnshire 016E,-0.08922,53.54376,4000
E01013186,North East Lincolnshire 016F,-0.09081,53.54842,125
E01013187,North East Lincolnshire 008A,-0.0871,53.56242,2000
E01013188,North East Lincolnshire 008B,-0.10106,53.56243,75
E01013189,North East Lincolnshire 021A,-0.10277,53.53313,150
E01013191,North East Lincolnshire 021C,-0.08382,53.53699,175
E01013192,North East Lincolnshire 021D,-0.09432,53.53398,500
E01013193,North East Lincolnshire 022E,-0.08739,53.52974,100
E01013194,North East Lincolnshire 021E,-0.09883,53.52893,75
E01013195,North East Lincolnshire 005A,-0.04743,53.56674,175
E01013196,North East Lincolnshire 005B,-0.05253,53.5675,20
E01013197,North East Lincolnshire 012E,-0.05341,53.56504,150
E01013198,North East Lincolnshire 024A,-0.03905,53.5654,225
E01013199,North East Lincolnshire 024B,-0.0328,53.56293,600
E01013200,North East Lincolnshire 024C,-0.0419,53.5628,75
E01013201,North East Lincolnshire 005C,-0.05223,53.57459,700
E01013202,North East Lincolnshire 005D,-0.04573,53.57052,400
E01013203,North East Lincolnshire 005E,-0.05533,53.56922,75
E01013204,North East Lincolnshire 019A,-0.1028,53.55129,400
E01013205,North East Lincolnshire 019B,-0.09565,53.55004,100
E01013206,North East Lincolnshire 015A,-0.11433,53.55037,50
E01013207,North East Lincolnshire 015B,-0.12062,53.5514,100
E01013208,North East Lincolnshire 019C,-0.1022,53.54656,150
E01013209,North East Lincolnshire 019D,-0.11585,53.54678,75
E01013210,North East Lincolnshire 019E,-0.10874,53.54541,10
E01013211,North East Lincolnshire 015C,-0.10567,53.55664,400
E01013212,North East Lincolnshire 015D,-0.11355,53.5546,350
E01013213,North East Lincolnshire 023A,-0.10136,53.52074,400
E01013214,North East Lincolnshire 023B,-0.11075,53.4931,250
E01013215,North East Lincolnshire 023C,-0.08619,53.51451,400
E01013216,North East Lincolnshire 023D,-0.11305,53.51864,75
E01013217,North East Lincolnshire 023E,-0.1053,53.51492,50
E01013218,North East Lincolnshire 003A,-0.10196,53.57607,1000
E01013219,North East Lincolnshire 003B,-0.10129,53.56817,150
E01013220,North East Lincolnshire 003C,-0.10879,53.57296,1750
E01013221,North East Lincolnshire 003D,-0.08251,53.57368,9000
E01013222,North East Lincolnshire 003E,-0.08758,53.56774,1000
E01013224,North East Lincolnshire 007C,-0.1854,53.54073,150
E01013225,North East Lincolnshire 023F,-0.14845,53.47605,500
E01013226,North East Lincolnshire 007D,-0.17145,53.55694,1000
E01013227,North East Lincolnshire 013C,-0.1306,53.55113,125
E01013228,North East Lincolnshire 013D,-0.12973,53.55716,50
E01013229,North East Lincolnshire 013E,-0.12672,53.55371,150
E01013231,North East Lincolnshire 008C,-0.1075,53.56679,450
E01013233,North East Lincolnshire 008D,-0.10602,53.56338,200
E01013234,North East Lincolnshire 009D,-0.11591,53.55902,300
E01013236,North Lincolnshire 017A,-0.65383,53.5626,125
E01013237,North Lincolnshire 018B,-0.63909,53.56219,150
E01013238,North Lincolnshire 015A,-0.63603,53.56503,175
E01013239,North Lincolnshire 017B,-0.65143,53.56503,900
E01013241,North Lincolnshire 020A,-0.79875,53.52681,450
E01013242,North Lincolnshire 020B,-0.82772,53.56425,1250
E01013243,North Lincolnshire 020C,-0.85926,53.53902,900
E01013244,North Lincolnshire 020D,-0.80633,53.54161,450
E01013245,North Lincolnshire 006A,-0.74091,53.59347,250
E01013246,North Lincolnshire 006B,-0.76068,53.64496,125
E01013247,North Lincolnshire 006C,-0.77702,53.60238,600
E01013248,North Lincolnshire 006D,-0.83125,53.6132,350
E01013249,North Lincolnshire 006E,-0.84021,53.60343,150
E01013250,North Lincolnshire 023A,-0.8419,53.47412,250
E01013251,North Lincolnshire 023B,-0.83719,53.49628,225
E01013252,North Lincolnshire 023C,-0.87581,53.48924,300
E01013253,North Lincolnshire 023D,-0.77666,53.49813,200
E01013254,North Lincolnshire 001A,-0.42854,53.6918,900
E01013255,North Lincolnshire 001B,-0.43106,53.68559,3000
E01013256,North Lincolnshire 001C,-0.45095,53.68662,600
E01013257,North Lincolnshire 001D,-0.44199,53.6683,250
E01013258,North Lincolnshire 001E,-0.43891,53.6785,250
E01013259,North Lincolnshire 001F,-0.41554,53.68417,50
E01013260,North Lincolnshire 019A,-0.66111,53.55632,100
E01013261,North Lincolnshire 018C,-0.65178,53.55458,175
E01013262,North Lincolnshire 018D,-0.64005,53.55638,200
E01013263,North Lincolnshire 018E,-0.6455,53.55784,250
E01013264,North Lincolnshire 019B,-0.69238,53.55094,1250
E01013265,North Lincolnshire 019C,-0.66701,53.54963,100
E01013266,North Lincolnshire 019D,-0.6495,53.54985,100
E01013267,North Lincolnshire 011A,-0.45788,53.61444,1000
E01013268,North Lincolnshire 011B,-0.4989,53.64792,150
E01013269,North Lincolnshire 011C,-0.46989,53.56694,250
E01013270,North Lincolnshire 004A,-0.38669,53.58236,600
E01013271,North Lincolnshire 011D,-0.49257,53.55993,450
E01013272,North Lincolnshire 011E,-0.49288,53.54957,2500
E01013273,North Lincolnshire 011F,-0.48148,53.55286,600
E01013274,North Lincolnshire 013A,-0.56555,53.6112,700
E01013275,North Lincolnshire 013B,-0.56613,53.56208,350
E01013276,North Lincolnshire 013C,-0.5498,53.56274,150
E01013277,North Lincolnshire 013D,-0.54364,53.57241,75
E01013278,North Lincolnshire 016A,-0.67893,53.57274,100
E01013279,North Lincolnshire 012A,-0.68097,53.57616,200
E01013280,North Lincolnshire 016B,-0.68101,53.56792,350
E01013281,North Lincolnshire 016C,-0.67379,53.56764,20
E01013282,North Lincolnshire 017C,-0.66197,53.56351,125
E01013283,North Lincolnshire 016D,-0.67646,53.56121,125
E01013284,North Lincolnshire 017D,-0.65896,53.5617,125
E01013285,North Lincolnshire 012B,-0.68016,53.58209,75
E01013286,North Lincolnshire 005A,-0.70662,53.57441,1750
E01013287,North Lincolnshire 005B,-0.72127,53.5963,400
E01013288,North Lincolnshire 003A,-0.59611,53.66379,250
E01013289,North Lincolnshire 005C,-0.67264,53.62262,2500
E01013290,North Lincolnshire 005D,-0.66839,53.68307,400
E01013291,North Lincolnshire 003B,-0.61459,53.6616,175
E01013292,North Lincolnshire 003C,-0.56029,53.6598,300
E01013293,North Lincolnshire 005E,-0.67867,53.64692,150
E01013294,North Lincolnshire 003D,-0.60379,53.68522,175
E01013295,North Lincolnshire 009A,-0.67586,53.59541,225
E01013296,North Lincolnshire 008A,-0.65739,53.59578,200
E01013297,North Lincolnshire 007A,-0.65765,53.60904,7000
E01013298,North Lincolnshire 008B,-0.66303,53.59356,500
E01013299,North Lincolnshire 008C,-0.66676,53.59333,50
E01013300,North Lincolnshire 007B,-0.64526,53.59983,1000
E01013301,North Lincolnshire 009B,-0.67812,53.59221,75
E01013302,North Lincolnshire 007C,-0.67115,53.60168,900
E01013303,North Lincolnshire 002A,-0.34705,53.69089,600
E01013304,North Lincolnshire 002B,-0.32868,53.68193,250
E01013305,North Lincolnshire 002C,-0.39341,53.67246,1000
E01013306,North Lincolnshire 004B,-0.36812,53.64152,250
E01013307,North Lincolnshire 002D,-0.37153,53.66992,175
E01013308,North Lincolnshire 004C,-0.2492,53.64148,4500
E01013309,North Lincolnshire 004D,-0.3715,53.6161,1000
E01013310,North Lincolnshire 010A,-0.6169,53.57894,7000
E01013311,North Lincolnshire 015C,-0.63388,53.57352,350
E01013312,North Lincolnshire 010B,-0.64741,53.58537,150
E01013313,North Lincolnshire 010C,-0.61976,53.58879,1250
E01013314,North Lincolnshire 010D,-0.64793,53.57921,400
E01013315,North Lincolnshire 014A,-0.64471,53.57135,200
E01013316,North Lincolnshire 012C,-0.66858,53.57684,1500
E01013317,North Lincolnshire 014B,-0.65072,53.57681,400
E01013318,North Lincolnshire 014C,-0.64988,53.57096,150
E01013319,North Lincolnshire 014D,-0.66514,53.5689,125
E01013320,North Lincolnshire 015D,-0.63743,53.5693,75
E01013321,North Lincolnshire 012D,-0.66326,53.57968,400
E01013322,North Lincolnshire 022A,-0.59966,53.47964,800
E01013323,North Lincolnshire 022B,-0.52611,53.47568,200
E01013324,North Lincolnshire 021A,-0.60288,53.52655,500
E01013325,North Lincolnshire 022C,-0.47925,53.52673,600
E01013326,North Lincolnshire 021B,-0.5381,53.54017,150
E01013327,North Lincolnshire 021C,-0.65811,53.53201,225
E01013328,North Lincolnshire 021D,-0.6657,53.52719,75
E01013329,North Lincolnshire 022D,-0.54027,53.5069,250
E01013330,North Lincolnshire 008D,-0.65204,53.58999,6000
E01013331,North Lincolnshire 007D,-0.6288,53.60237,2000
E01013332,North Lincolnshire 008E,-0.65737,53.59014,450
E01013333,North Lincolnshire 009C,-0.66504,53.58777,4000
E01013334,North Lincolnshire 009D,-0.67814,53.58746,100
E01013335,York 012A,-1.12798,53.96162,125
E01013336,York 012B,-1.12798,53.95807,150
E01013337,York 012C,-1.13745,53.96074,200
E01013338,York 012D,-1.12412,53.96717,500
E01013339,York 012E,-1.12829,53.97188,400
E01013340,York 024A,-1.10716,53.92111,600
E01013341,York 024B,-1.09472,53.91953,100
E01013342,York 024C,-1.11355,53.89529,125
E01013343,York 009A,-1.08156,53.97053,8000
E01013344,York 007A,-1.09228,53.96535,800
E01013345,York 009B,-1.09019,53.97119,100
E01013346,York 007B,-1.1025,53.97019,500
E01013347,York 009C,-1.08959,53.97489,50
E01013348,York 010A,-1.07687,53.97503,3000
E01013349,York 009D,-1.09389,53.97417,125
E01013350,York 009E,-1.08676,53.97938,75
E01013351,York 020A,-0.97127,53.95857,2250
E01013352,York 020B,-0.98531,53.96454,200
E01013353,York 022A,-1.11837,53.93671,50
E01013354,York 022B,-1.13922,53.93505,50
E01013355,York 022C,-1.11726,53.93152,1750
E01013356,York 022D,-1.12642,53.93872,125
E01013357,York 021A,-1.10711,53.93564,600
E01013358,York 021B,-1.10728,53.94398,350
E01013359,York 022E,-1.11674,53.94282,75
E01013360,York 019A,-1.06556,53.94153,300
E01013361,York 019B,-1.07771,53.94762,1000
E01013362,York 019C,-1.0732,53.94488,1750
E01013363,York 019D,-1.06429,53.95127,400
E01013364,York 019E,-1.07402,53.95117,800
E01013366,York 013A,-1.08534,53.96385,9000
E01013368,York 010B,-1.07621,53.96798,250
E01013369,York 013C,-1.07635,53.9636,1250
E01013370,York 002A,-1.07812,54.0145,500
E01013371,York 003A,-1.08156,54.00788,50
E01013372,York 003B,-1.08485,54.01546,150
E01013373,York 002B,-1.06897,54.01367,200
E01013374,York 003C,-1.07125,54.00913,175
E01013375,York 002C,-1.06135,54.01997,50
E01013376,York 002D,-1.07655,54.0329,100
E01013377,York 003D,-1.0997,54.02174,450
E01013378,York 023B,-1.02321,53.93185,8000
E01013379,York 008A,-1.05749,53.96762,225
E01013380,York 008B,-1.06003,53.96524,300
E01013381,York 014A,-1.05033,53.96355,350
E01013382,York 010C,-1.06822,53.96926,100
E01013383,York 010D,-1.06454,53.96184,1250
E01013384,York 015A,-1.05466,53.96236,30
E01013385,York 008C,-1.06223,53.9752,100
E01013386,York 010E,-1.06927,53.97604,225
E01013387,York 008D,-1.05511,53.97202,125
E01013388,York 008E,-1.03523,53.97867,75
E01013389,York 008F,-1.04093,53.9686,45
E01013390,York 017A,-1.10555,53.96571,100
E01013391,York 017B,-1.10331,53.95882,2500
E01013392,York 012F,-1.11548,53.96642,300
E01013393,York 016A,-1.11282,53.96038,400
E01013394,York 016B,-1.11953,53.95873,200
E01013395,York 016C,-1.11003,53.95504,75
E01013396,York 016D,-1.11648,53.95303,350
E01013397,York 017C,-1.10736,53.95105,125
E01013398,York 015B,-1.04268,53.95604,75
E01013399,York 015C,-1.05601,53.9575,50
E01013400,York 015D,-1.06114,53.95523,225
E01013401,York 015E,-1.04915,53.95696,150
E01013402,York 014B,-1.03854,53.9513,500
E01013403,York 015F,-1.05241,53.95318,100
E01013404,York 004A,-1.0731,53.98413,600
E01013405,York 005A,-1.06399,53.98326,50
E01013406,York 005B,-1.06307,53.9801,1250
E01013407,York 004B,-1.07059,53.99712,600
E01013408,York 004C,-1.05526,54.00185,50
E01013409,York 005C,-1.04172,53.99186,5000
E01013410,York 004D,-1.07335,53.99241,125
E01013411,York 005D,-1.05936,53.98846,500
E01013412,York 021C,-1.09602,53.93905,900
E01013413,York 017D,-1.0872,53.94813,225
E01013414,York 021D,-1.0866,53.93931,200
E01013416,York 013E,-1.09126,53.9543,1250
E01013417,York 017E,-1.09696,53.95145,800
E01013418,York 019F,-1.08242,53.95066,500
E01013419,York 014C,-1.01731,53.96761,800
E01013420,York 014D,-1.02348,53.96059,1000
E01013421,York 011A,-1.16535,53.94268,1250
E01013422,York 011B,-1.13888,53.97296,6000
E01013423,York 024D,-1.13882,53.92027,75
E01013424,York 024E,-1.15393,53.9137,125
E01013425,York 024F,-1.13831,53.90559,300
E01013426,York 011C,-1.18306,53.98306,1500
E01013427,York 011D,-1.14324,53.98551,175
E01013428,York 006A,-1.09763,53.97738,500
E01013429,York 006B,-1.10471,53.9946,400
E01013430,York 006C,-1.1241,54.01114,350
E01013431,York 006D,-1.08807,53.98643,7000
E01013432,York 007C,-1.1241,53.98608,225
E01013433,York 007D,-1.10847,53.98313,125
E01013434,York 007E,-1.11207,53.97258,1500
E01013435,York 006E,-1.10395,53.97804,50
E01013436,York 001A,-1.0318,54.01848,300
E01013437,York 008G,-0.99777,54.00564,800
E01013438,York 001B,-1.04543,54.04588,350
E01013439,York 001C,-1.01144,54.03853,225
E01013440,York 001D,-1.04629,54.03178,125
E01013441,York 016E,-1.12269,53.95245,700
E01013442,York 018A,-1.13781,53.9516,125
E01013443,York 018B,-1.12266,53.94573,50
E01013444,York 018C,-1.14224,53.95326,75
E01013445,York 016F,-1.12721,53.95326,350
E01013446,York 018D,-1.13757,53.94635,75
E01013447,York 018E,-1.12923,53.94736,250
E01013448,York 018F,-1.12973,53.94152,15
E01013449,York 022F,-1.13526,53.94137,125
E01013450,York 023C,-1.039,53.89852,1250
E01013451,York 020C,-0.95784,53.91741,1250
E01013452,York 020D,-0.95875,53.89458,200
E01013453,Derby 013A,-1.49698,52.92017,1000
E01013454,Derby 013B,-1.49545,52.91591,100
E01013455,Derby 017A,-1.50359,52.91606,1000
E01013456,Derby 013C,-1.48721,52.9172,800
E01013457,Derby 013D,-1.49132,52.91291,300
E01013458,Derby 017B,-1.49712,52.90792,250
E01013459,Derby 020A,-1.49267,52.90681,100
E01013460,Derby 013E,-1.48794,52.91952,400
E01013461,Derby 001A,-1.48197,52.95162,300
E01013462,Derby 001B,-1.48963,52.95693,200
E01013463,Derby 001C,-1.48127,52.96156,75
E01013464,Derby 001D,-1.49358,52.95176,175
E01013465,Derby 002A,-1.50204,52.95221,350
E01013466,Derby 002B,-1.50188,52.94659,100
E01013467,Derby 002C,-1.4898,52.94757,40
E01013468,Derby 002D,-1.50762,52.934,2250
E01013469,Derby 002E,-1.49145,52.94235,500
E01013470,Derby 024A,-1.41841,52.8988,1500
E01013471,Derby 025A,-1.44143,52.90052,250
E01013472,Derby 026A,-1.44753,52.89672,2500
E01013473,Derby 025B,-1.43219,52.89712,500
E01013474,Derby 024B,-1.41784,52.8925,75
E01013475,Derby 025C,-1.43668,52.89493,350
E01013476,Derby 024C,-1.40969,52.89367,25
E01013477,Derby 025D,-1.43205,52.90039,600
E01013480,Derby 016A,-1.47832,52.91604,2000
E01013481,Derby 018A,-1.47205,52.91049,225
E01013483,Derby 016B,-1.48192,52.91198,400
E01013484,Derby 018C,-1.4768,52.90773,600
E01013485,Derby 016C,-1.48151,52.91014,125
E01013486,Derby 018D,-1.46795,52.90672,450
E01013487,Derby 018E,-1.47153,52.90402,1500
E01013488,Derby 022A,-1.4972,52.8959,50
E01013489,Derby 022B,-1.5044,52.89816,100
E01013490,Derby 022C,-1.51307,52.89651,400
E01013491,Derby 022D,-1.4977,52.90176,75
E01013492,Derby 027A,-1.50509,52.89141,300
E01013493,Derby 027B,-1.49375,52.88986,75
E01013494,Derby 027C,-1.51099,52.88835,45
E01013495,Derby 027D,-1.49815,52.88598,75
E01013496,Derby 028A,-1.4158,52.88677,35
E01013497,Derby 026B,-1.45208,52.88724,175
E01013498,Derby 028B,-1.42432,52.88449,50
E01013499,Derby 028C,-1.43759,52.88444,350
E01013500,Derby 028D,-1.42822,52.88654,100
E01013501,Derby 028E,-1.42697,52.8919,225
E01013502,Derby 025E,-1.43374,52.89146,150
E01013503,Derby 025F,-1.44047,52.88973,300
E01013504,Derby 026C,-1.44644,52.88831,250
E01013505,Derby 006A,-1.4369,52.93244,45
E01013506,Derby 006B,-1.42913,52.93018,350
E01013507,Derby 012A,-1.43691,52.92544,600
E01013508,Derby 012B,-1.42231,52.92835,50
E01013509,Derby 012C,-1.44058,52.92133,400
E01013510,Derby 012D,-1.42327,52.92427,50
E01013511,Derby 012E,-1.42717,52.92166,250
E01013512,Derby 012F,-1.4328,52.91649,3500
E01013513,Derby 006C,-1.43258,52.93525,125
E01013514,Derby 031A,-1.43425,52.86963,150
E01013515,Derby 031B,-1.43555,52.8652,600
E01013517,Derby 030B,-1.45444,52.88265,75
E01013518,Derby 030C,-1.44441,52.88079,175
E01013519,Derby 031C,-1.42338,52.87593,75
E01013520,Derby 031D,-1.43484,52.87696,75
E01013521,Derby 030D,-1.44988,52.87657,50
E01013522,Derby 008A,-1.49928,52.9286,600
E01013523,Derby 008B,-1.47553,52.92779,4000
E01013524,Derby 008C,-1.48661,52.92703,1750
E01013525,Derby 008D,-1.474,52.93494,1500
E01013526,Derby 005A,-1.47491,52.94561,1250
E01013527,Derby 005B,-1.48648,52.94143,200
E01013528,Derby 005C,-1.4847,52.93214,350
E01013529,Derby 005D,-1.49188,52.93236,1000
E01013530,Derby 004A,-1.45721,52.94535,4000
E01013531,Derby 004B,-1.45711,52.94092,125
E01013532,Derby 004C,-1.44908,52.93933,350
E01013533,Derby 007A,-1.4493,52.93398,100
E01013534,Derby 006D,-1.44154,52.93596,100
E01013535,Derby 007B,-1.45416,52.9304,100
E01013536,Derby 007C,-1.46182,52.93197,1750
E01013537,Derby 007D,-1.44699,52.93064,175
E01013538,Derby 007E,-1.45262,52.92394,1750
E01013539,Derby 021A,-1.51969,52.89286,225
E01013540,Derby 019A,-1.53534,52.898,175
E01013541,Derby 021B,-1.53505,52.89304,700
E01013542,Derby 017C,-1.5118,52.9145,14000
E01013543,Derby 021C,-1.51949,52.91033,350
E01013544,Derby 021D,-1.52493,52.90099,400
E01013545,Derby 021E,-1.51236,52.90383,250
E01013546,Derby 017D,-1.50455,52.90438,250
E01013547,Derby 011A,-1.50033,52.92666,300
E01013548,Derby 009A,-1.51042,52.92721,350
E01013549,Derby 009B,-1.5325,52.92481,125
E01013550,Derby 011B,-1.50695,52.924,75
E01013551,Derby 011C,-1.49927,52.92402,225
E01013552,Derby 009C,-1.51866,52.92828,150
E01013553,Derby 009D,-1.52494,52.93076,175
E01013554,Derby 011D,-1.48984,52.92401,2250
E01013555,Derby 009E,-1.51527,52.92339,125
E01013556,Derby 015A,-1.5521,52.91386,125
E01013557,Derby 015B,-1.53926,52.91373,225
E01013558,Derby 015C,-1.52494,52.91646,350
E01013559,Derby 015D,-1.54499,52.9127,40
E01013560,Derby 019B,-1.5376,52.90493,150
E01013561,Derby 019C,-1.53962,52.90851,250
E01013562,Derby 019D,-1.546,52.90475,700
E01013563,Derby 019E,-1.55078,52.90688,50
E01013564,Derby 015E,-1.54223,52.91929,300
E01013565,Derby 016D,-1.48796,52.90708,125
E01013566,Derby 016E,-1.48184,52.90667,300
E01013567,Derby 020B,-1.47947,52.90445,150
E01013568,Derby 020C,-1.48822,52.90261,200
E01013569,Derby 020D,-1.47474,52.89963,200
E01013570,Derby 023A,-1.4859,52.9008,150
E01013571,Derby 023B,-1.48046,52.89721,500
E01013572,Derby 023C,-1.49067,52.89654,150
E01013573,Derby 023D,-1.48709,52.89446,250
E01013574,Derby 003A,-1.4404,52.94777,150
E01013575,Derby 003B,-1.44732,52.94546,30
E01013576,Derby 003C,-1.42089,52.94428,250
E01013577,Derby 003D,-1.42928,52.94702,75
E01013578,Derby 003E,-1.41809,52.94889,200
E01013579,Derby 003F,-1.43456,52.94404,100
E01013580,Derby 003G,-1.42546,52.93908,125
E01013581,Derby 004D,-1.44075,52.94057,50
E01013582,Derby 006E,-1.43277,52.93975,200
E01013583,Derby 026D,-1.46001,52.88962,4000
E01013584,Derby 029A,-1.4715,52.88814,4500
E01013585,Derby 029B,-1.48813,52.88571,1250
E01013586,Derby 029C,-1.49679,52.88039,100
E01013587,Derby 029D,-1.48533,52.88153,100
E01013588,Derby 029E,-1.47986,52.87753,800
E01013589,Derby 029F,-1.4896,52.87189,100
E01013590,Derby 026E,-1.46704,52.89922,600
E01013591,Derby 026F,-1.46076,52.89901,350
E01013592,Derby 010A,-1.40096,52.922,300
E01013593,Derby 014A,-1.39475,52.91919,150
E01013594,Derby 010B,-1.40273,52.9275,45
E01013595,Derby 014B,-1.41876,52.91155,4000
E01013596,Derby 010C,-1.41125,52.9256,400
E01013597,Derby 014C,-1.40258,52.91683,30
E01013598,Derby 014D,-1.39425,52.9139,200
E01013599,Derby 010D,-1.39007,52.92639,50
E01013810,Nottingham 018A,-1.17715,52.9663,125
E01013811,Nottingham 018B,-1.17284,52.96645,1000
E01013812,Nottingham 018C,-1.1728,52.96342,250
E01013813,Nottingham 022A,-1.15431,52.95958,450
E01013814,Nottingham 022B,-1.1666,52.96104,450
E01013815,Nottingham 022C,-1.16021,52.96399,1000
E01013816,Nottingham 022D,-1.15867,52.95848,6000
E01013817,Nottingham 011A,-1.21244,52.97946,350
E01013818,Nottingham 011B,-1.21998,52.97963,75
E01013819,Nottingham 013A,-1.19667,52.97903,75
E01013820,Nottingham 013B,-1.20252,52.97766,175
E01013821,Nottingham 013C,-1.20987,52.9764,50
E01013822,Nottingham 011C,-1.21836,52.97615,125
E01013823,Nottingham 013D,-1.19752,52.97398,100
E01013824,Nottingham 013E,-1.20556,52.97442,50
E01013825,Nottingham 011D,-1.20127,52.98385,300
E01013826,Nottingham 011E,-1.21049,52.98338,125
E01013827,Nottingham 008A,-1.1665,52.98717,125
E01013828,Nottingham 008B,-1.17482,52.98366,400
E01013829,Nottingham 009A,-1.18736,52.98786,400
E01013830,Nottingham 009B,-1.19142,52.98261,450
E01013831,Nottingham 009C,-1.19728,52.98776,250
E01013832,Nottingham 009D,-1.18184,52.98027,800
E01013833,Nottingham 009E,-1.18112,52.97573,900
E01013834,Nottingham 008C,-1.18282,52.99328,300
E01013835,Nottingham 008D,-1.17533,52.99122,175
E01013836,Nottingham 008E,-1.18054,52.98769,800
E01013837,Nottingham 012A,-1.1619,52.9828,350
E01013838,Nottingham 012B,-1.16904,52.9822,300
E01013839,Nottingham 012C,-1.17084,52.97672,1000
E01013840,Nottingham 012D,-1.16237,52.97765,800
E01013841,Nottingham 012E,-1.16543,52.97426,1250
E01013842,Nottingham 018D,-1.17034,52.9713,700
E01013843,Nottingham 017A,-1.15746,52.97133,3000
E01013844,Nottingham 017B,-1.16266,52.97176,250
E01013845,Nottingham 017C,-1.16583,52.97038,175
E01013846,Nottingham 018E,-1.16892,52.96751,350
E01013847,Nottingham 017D,-1.16267,52.96764,500
E01013849,Nottingham 038A,-1.16346,53.00487,50
E01013850,Nottingham 038B,-1.15886,53.00343,125
E01013851,Nottingham 038C,-1.16697,53.00792,175
E01013852,Nottingham 038D,-1.1548,53.00606,75
E01013853,Nottingham 006A,-1.15638,52.99731,300
E01013854,Nottingham 006B,-1.16518,52.99938,30
E01013855,Nottingham 006C,-1.17496,52.99667,35
E01013856,Nottingham 006D,-1.15998,52.9948,75
E01013858,Nottingham 025A,-1.23454,52.96493,450
E01013859,Nottingham 020A,-1.20435,52.96232,50
E01013860,Nottingham 025B,-1.22705,52.96,2000
E01013861,Nottingham 020B,-1.21441,52.96422,1750
E01013862,Nottingham 025C,-1.24131,52.95746,100
E01013863,Nottingham 025D,-1.23834,52.95438,75
E01013864,Nottingham 014A,-1.23609,52.977,3000
E01013865,Nottingham 014B,-1.22836,52.97572,125
E01013866,Nottingham 014C,-1.22977,52.97139,150
E01013867,Nottingham 014D,-1.21836,52.97038,1000
E01013868,Nottingham 020C,-1.2269,52.96569,250
E01013870,Nottingham 040A,-1.16117,52.93799,16000
E01013871,Nottingham 040B,-1.14852,52.94365,7000
E01013872,Nottingham 040C,-1.15098,52.93926,75
E01013873,Nottingham 040D,-1.14546,52.93989,250
E01013874,Nottingham 039A,-1.14062,52.9363,1500
E01013875,Nottingham 005A,-1.21465,52.993,35
E01013876,Nottingham 005B,-1.20247,52.99173,800
E01013877,Nottingham 005C,-1.20194,52.9985,450
E01013878,Nottingham 005D,-1.20912,52.99689,125
E01013879,Nottingham 002A,-1.18798,53.01365,800
E01013880,Nottingham 002B,-1.20792,53.01076,2500
E01013881,Nottingham 002C,-1.1936,53.01262,175
E01013882,Nottingham 002D,-1.1954,53.00576,300
E01013883,Nottingham 005E,-1.21724,53.00676,800
E01013884,Nottingham 005F,-1.21311,52.99875,75
E01013885,Nottingham 002E,-1.19874,53.00301,2250
E01013886,Nottingham 004A,-1.18326,53.00487,50
E01013887,Nottingham 001A,-1.17099,53.0098,50
E01013888,Nottingham 004B,-1.19274,52.99957,225
E01013889,Nottingham 004C,-1.18145,52.99932,500
E01013890,Nottingham 004D,-1.18737,52.99986,20
E01013891,Nottingham 004E,-1.18986,52.99451,1250
E01013892,Nottingham 001B,-1.18057,53.0123,75
E01013893,Nottingham 001C,-1.17365,53.00235,1000
E01013894,Nottingham 001D,-1.17808,53.00809,250
E01013895,Nottingham 034A,-1.16313,52.91368,75
E01013896,Nottingham 034B,-1.17127,52.91546,150
E01013897,Nottingham 035A,-1.17947,52.90753,125
E01013898,Nottingham 035B,-1.18481,52.91056,200
E01013899,Nottingham 035C,-1.17202,52.9089,20
E01013900,Nottingham 035D,-1.16697,52.90459,300
E01013901,Nottingham 034C,-1.15901,52.93099,300
E01013902,Nottingham 034D,-1.16224,52.92258,225
E01013903,Nottingham 035E,-1.17619,52.91813,100
E01013904,Nottingham 037A,-1.18427,52.89946,20
E01013905,Nottingham 036A,-1.18828,52.90121,100
E01013906,Nottingham 037B,-1.17347,52.90074,150
E01013907,Nottingham 035F,-1.17952,52.90361,800
E01013908,Nottingham 036B,-1.18865,52.89488,125
E01013909,Nottingham 036C,-1.20322,52.90303,75
E01013910,Nottingham 037C,-1.17601,52.89772,125
E01013911,Nottingham 037D,-1.17845,52.89372,75
E01013912,Nottingham 036D,-1.19715,52.90742,250
E01013913,Nottingham 024A,-1.11192,52.96273,125
E01013914,Nottingham 024B,-1.10714,52.96201,100
E01013915,Nottingham 024C,-1.09827,52.95441,100
E01013916,Nottingham 024D,-1.11836,52.9601,20
E01013917,Nottingham 024E,-1.11468,52.95449,900
E01013918,Nottingham 029A,-1.12392,52.95439,225
E01013919,Nottingham 029B,-1.12729,52.95187,125
E01013920,Nottingham 029C,-1.10463,52.94777,4000
E01013921,Nottingham 029D,-1.12298,52.95033,150
E01013928,Nottingham 031G,-1.177,52.93106,17000
E01013929,Nottingham 020D,-1.20778,52.97023,1250
E01013930,Nottingham 019A,-1.1804,52.9689,700
E01013931,Nottingham 019B,-1.19176,52.96756,700
E01013932,Nottingham 019C,-1.19192,52.96291,600
E01013933,Nottingham 019D,-1.18894,52.95832,450
E01013934,Nottingham 019E,-1.18716,52.97238,450
E01013935,Nottingham 010A,-1.12985,52.98232,2500
E01013936,Nottingham 016A,-1.12848,52.97705,300
E01013937,Nottingham 015A,-1.14012,52.97509,225
E01013938,Nottingham 015B,-1.14668,52.97326,350
E01013939,Nottingham 016B,-1.12019,52.9667,175
E01013940,Nottingham 016C,-1.12734,52.97302,30
E01013941,Nottingham 015C,-1.14938,52.96837,350
E01013942,Nottingham 016D,-1.1269,52.96765,125
E01013943,Nottingham 015D,-1.13681,52.96808,500
E01013944,Nottingham 026A,-1.18029,52.96314,500
E01013945,Nottingham 026B,-1.17469,52.9608,1000
E01013947,Nottingham 026D,-1.17716,52.95848,175
E01013948,Nottingham 026E,-1.16908,52.95868,75
E01013953,Nottingham 026F,-1.17758,52.95161,125
E01013954,Nottingham 021A,-1.12865,52.95826,900
E01013957,Nottingham 029E,-1.1309,52.95435,125
E01013958,Nottingham 023C,-1.14311,52.96438,150
E01013959,Nottingham 021B,-1.13347,52.96519,125
E01013960,Nottingham 021C,-1.1353,52.9618,300
E01013961,Nottingham 023D,-1.149,52.96211,1250
E01013962,Nottingham 021D,-1.12586,52.96188,125
E01013963,Nottingham 007A,-1.14352,52.99478,40
E01013964,Nottingham 007B,-1.14897,52.99333,225
E01013965,Nottingham 007C,-1.14458,52.98781,500
E01013966,Nottingham 007D,-1.15076,52.98635,35
E01013967,Nottingham 007E,-1.15541,52.9892,10000
E01013968,Nottingham 010B,-1.13877,52.98013,350
E01013969,Nottingham 010C,-1.14663,52.98189,900
E01013970,Nottingham 010D,-1.15483,52.98101,100
E01013971,Nottingham 010E,-1.15033,52.97843,225
E01013972,Nottingham 015E,-1.15376,52.97399,300
E01013977,Nottingham 041D,-1.20663,52.94572,500
E01013978,Nottingham 041A,-1.20141,52.95759,175
E01013979,Nottingham 041C,-1.20197,52.95188,175
E01013980,Nottingham 030A,-1.22969,52.95459,600
E01013981,Nottingham 041B,-1.219,52.95583,225
E01013982,Nottingham 030B,-1.21777,52.94626,350
E01013983,Nottingham 030C,-1.23534,52.95152,25
E01013984,Nottingham 030D,-1.23624,52.94774,300
E01013985,Nottingham 030E,-1.22953,52.94452,125
E01014210,Stoke-on-Trent 012A,-2.14416,53.03604,250
E01014211,Stoke-on-Trent 012B,-2.13496,53.03527,20
E01014212,Stoke-on-Trent 012C,-2.13197,53.03206,300
E01014213,Stoke-on-Trent 012D,-2.15171,53.0278,600
E01014214,Stoke-on-Trent 007A,-2.12603,53.05139,150
E01014215,Stoke-on-Trent 007B,-2.13507,53.05671,25
E01014216,Stoke-on-Trent 007C,-2.13328,53.04982,175
E01014217,Stoke-on-Trent 012E,-2.13625,53.04254,200
E01014218,Stoke-on-Trent 014A,-2.13635,53.0219,50
E01014219,Stoke-on-Trent 014B,-2.14287,53.02337,150
E01014220,Stoke-on-Trent 017A,-2.12428,53.01726,75
E01014221,Stoke-on-Trent 017B,-2.13551,53.0168,75
E01014222,Stoke-on-Trent 017C,-2.12975,53.01431,400
E01014223,Stoke-on-Trent 017D,-2.11481,53.00577,350
E01014224,Stoke-on-Trent 017E,-2.12548,53.0096,125
E01014225,Stoke-on-Trent 014C,-2.12836,53.02666,300
E01014226,Stoke-on-Trent 014D,-2.14091,53.01088,125
E01014228,Stoke-on-Trent 014E,-2.14889,53.0175,100
E01014229,Stoke-on-Trent 017F,-2.12852,53.00574,350
E01014230,Stoke-on-Trent 014F,-2.1511,53.02384,200
E01014233,Stoke-on-Trent 026A,-2.14899,52.97818,150
E01014234,Stoke-on-Trent 026B,-2.16527,52.98149,3000
E01014235,Stoke-on-Trent 032A,-2.15367,52.97152,225
E01014237,Stoke-on-Trent 032C,-2.15914,52.97088,225
E01014238,Stoke-on-Trent 032D,-2.15657,52.96637,250
E01014239,Stoke-on-Trent 026C,-2.15913,52.98829,75
E01014240,Stoke-on-Trent 026D,-2.16674,52.98861,225
E01014241,Stoke-on-Trent 006A,-2.19718,53.06806,225
E01014242,Stoke-on-Trent 006B,-2.19504,53.0627,125
E01014243,Stoke-on-Trent 006C,-2.18884,53.05907,1000
E01014244,Stoke-on-Trent 006D,-2.19719,53.05497,400
E01014245,Stoke-on-Trent 006E,-2.18635,53.05242,200
E01014246,Stoke-on-Trent 008A,-2.17741,53.05225,125
E01014247,Stoke-on-Trent 009A,-2.19444,53.04986,1250
E01014248,Stoke-on-Trent 006F,-2.18338,53.04955,50
E01014249,Stoke-on-Trent 011A,-2.18461,53.04224,2000
E01014250,Stoke-on-Trent 009B,-2.2105,53.0419,1500
E01014252,Stoke-on-Trent 009D,-2.20708,53.04792,800
E01014253,Stoke-on-Trent 011B,-2.17476,53.04226,35
E01014254,Stoke-on-Trent 011C,-2.187,53.03355,600
E01014255,Stoke-on-Trent 009E,-2.20545,53.03719,250
E01014256,Stoke-on-Trent 011D,-2.17649,53.03465,1250
E01014257,Stoke-on-Trent 001A,-2.18462,53.08354,200
E01014258,Stoke-on-Trent 001B,-2.20677,53.08283,35
E01014259,Stoke-on-Trent 001C,-2.19903,53.0739,500
E01014260,Stoke-on-Trent 001D,-2.19163,53.07613,125
E01014261,Stoke-on-Trent 003A,-2.18552,53.07107,75
E01014262,Stoke-on-Trent 003B,-2.18897,53.06772,30
E01014263,Stoke-on-Trent 003C,-2.18122,53.0666,175
E01014264,Stoke-on-Trent 001E,-2.1915,53.08672,150
E01014265,Stoke-on-Trent 007D,-2.14578,53.05539,125
E01014266,Stoke-on-Trent 008B,-2.17571,53.04866,150
E01014267,Stoke-on-Trent 007E,-2.15069,53.0468,200
E01014268,Stoke-on-Trent 008C,-2.16709,53.05153,300
E01014269,Stoke-on-Trent 010A,-2.15838,53.04168,50
E01014270,Stoke-on-Trent 008D,-2.16911,53.04305,75
E01014271,Stoke-on-Trent 008E,-2.16272,53.04478,450
E01014272,Stoke-on-Trent 007F,-2.14035,53.05919,125
E01014273,Stoke-on-Trent 035A,-2.14532,52.99431,500
E01014274,Stoke-on-Trent 020A,-2.15524,53.0008,700
E01014275,Stoke-on-Trent 020B,-2.16242,53.00082,500
E01014276,Stoke-on-Trent 020C,-2.16959,53.00418,5000
E01014277,Stoke-on-Trent 020D,-2.17302,52.99438,700
E01014278,Stoke-on-Trent 035C,-2.1401,52.99583,125
E01014279,Stoke-on-Trent 020E,-2.15165,52.99418,1750
E01014280,Stoke-on-Trent 035B,-2.14519,53.0028,40
E01014281,Stoke-on-Trent 015A,-2.19028,53.01739,1500
E01014282,Stoke-on-Trent 016D,-2.1731,53.01072,1250
E01014283,Stoke-on-Trent 016E,-2.18466,53.01217,1500
E01014284,Stoke-on-Trent 016F,-2.17829,53.00715,3500
E01014285,Stoke-on-Trent 015B,-2.19323,53.02639,15000
E01014286,Stoke-on-Trent 015C,-2.18536,53.0195,500
E01014287,Stoke-on-Trent 015D,-2.17885,53.0215,8000
E01014288,Stoke-on-Trent 018A,-2.21002,53.01435,100
E01014289,Stoke-on-Trent 018B,-2.21045,53.00887,600
E01014290,Stoke-on-Trent 018C,-2.20309,53.00761,225
E01014291,Stoke-on-Trent 018D,-2.19985,53.0138,1500
E01014292,Stoke-on-Trent 018E,-2.19642,53.00618,300
E01014293,Stoke-on-Trent 019A,-2.18635,53.00681,1750
E01014294,Stoke-on-Trent 018F,-2.20822,53.00312,14000
E01014295,Stoke-on-Trent 019B,-2.19561,52.99938,75
E01014296,Stoke-on-Trent 035H,-2.12111,52.9981,2250
E01014297,Stoke-on-Trent 035D,-2.13004,53.00093,15
E01014298,Stoke-on-Trent 035G,-2.13219,52.99725,75
E01014299,Stoke-on-Trent 025A,-2.12629,52.99074,150
E01014300,Stoke-on-Trent 035F,-2.128,52.99491,175
E01014301,Stoke-on-Trent 025B,-2.11983,52.99355,40
E01014302,Stoke-on-Trent 035E,-2.13209,52.98785,3500
E01014303,Stoke-on-Trent 025C,-2.11902,52.98802,40
E01014304,Stoke-on-Trent 025D,-2.11589,52.98432,100
E01014305,Stoke-on-Trent 029A,-2.12621,52.98039,175
E01014306,Stoke-on-Trent 029B,-2.13219,52.98262,700
E01014307,Stoke-on-Trent 029C,-2.11821,52.9809,500
E01014308,Stoke-on-Trent 027A,-2.15257,52.98376,125
E01014309,Stoke-on-Trent 027B,-2.1382,52.97531,350
E01014310,Stoke-on-Trent 031A,-2.12518,52.97366,75
E01014311,Stoke-on-Trent 027C,-2.14083,52.98191,125
E01014312,Stoke-on-Trent 029D,-2.12884,52.97687,200
E01014313,Stoke-on-Trent 027D,-2.14677,52.98758,200
E01014314,Stoke-on-Trent 031B,-2.11787,52.96436,125
E01014315,Stoke-on-Trent 033A,-2.08945,52.97221,1750
E01014316,Stoke-on-Trent 031C,-2.10645,52.97343,300
E01014317,Stoke-on-Trent 031D,-2.10226,52.97238,100
E01014318,Stoke-on-Trent 033B,-2.09504,52.9689,350
E01014319,Stoke-on-Trent 033C,-2.10754,52.96532,100
E01014320,Stoke-on-Trent 033D,-2.09883,52.96407,45
E01014321,Stoke-on-Trent 028A,-2.10462,52.98029,300
E01014322,Stoke-on-Trent 031E,-2.11213,52.97708,100
E01014323,Stoke-on-Trent 013A,-2.16762,53.03461,175
E01014324,Stoke-on-Trent 010B,-2.16432,53.03848,50
E01014325,Stoke-on-Trent 010C,-2.15234,53.03322,100
E01014326,Stoke-on-Trent 010D,-2.1551,53.03716,250
E01014327,Stoke-on-Trent 013B,-2.16084,53.03366,35
E01014328,Stoke-on-Trent 013C,-2.16499,53.02729,40
E01014329,Stoke-on-Trent 013D,-2.16138,53.02949,700
E01014330,Stoke-on-Trent 013E,-2.17338,53.02993,700
E01014331,Stoke-on-Trent 004A,-2.16793,53.05663,45
E01014332,Stoke-on-Trent 004B,-2.15844,53.0581,125
E01014333,Stoke-on-Trent 003D,-2.17712,53.06116,75
E01014334,Stoke-on-Trent 003E,-2.18016,53.05705,20
E01014335,Stoke-on-Trent 004C,-2.1472,53.06376,225
E01014336,Stoke-on-Trent 004D,-2.17001,53.06298,200
E01014337,Stoke-on-Trent 004E,-2.17049,53.07526,150
E01014338,Stoke-on-Trent 023A,-2.19544,52.99476,75
E01014339,Stoke-on-Trent 019C,-2.18136,52.99821,450
E01014340,Stoke-on-Trent 019D,-2.19034,52.99585,350
E01014341,Stoke-on-Trent 023B,-2.20878,52.99559,2000
E01014342,Stoke-on-Trent 023C,-2.20213,52.99205,75
E01014343,Stoke-on-Trent 023D,-2.19,52.98954,6000
E01014344,Stoke-on-Trent 023E,-2.20364,52.98337,350
E01014345,Stoke-on-Trent 019E,-2.18528,53.00225,1750
E01014346,Stoke-on-Trent 030A,-2.20475,52.97866,300
E01014347,Stoke-on-Trent 034A,-2.18022,52.9717,40
E01014348,Stoke-on-Trent 030B,-2.19763,52.97108,225
E01014349,Stoke-on-Trent 030C,-2.19277,52.96648,150
E01014350,Stoke-on-Trent 034B,-2.18203,52.96799,150
E01014351,Stoke-on-Trent 034C,-2.17886,52.96472,600
E01014352,Stoke-on-Trent 034D,-2.18317,52.95648,200
E01014353,Stoke-on-Trent 030D,-2.19197,52.9771,300
E01014354,Stoke-on-Trent 005A,-2.21756,53.05851,400
E01014355,Stoke-on-Trent 005B,-2.20531,53.06099,800
E01014356,Stoke-on-Trent 005C,-2.21359,53.05199,1500
E01014357,Stoke-on-Trent 002A,-2.21611,53.07953,450
E01014358,Stoke-on-Trent 002B,-2.22749,53.06915,3000
E01014359,Stoke-on-Trent 002C,-2.20681,53.06659,600
E01014360,Stoke-on-Trent 002D,-2.2157,53.07081,500
E01014361,Stoke-on-Trent 005D,-2.21319,53.06247,450
E01014362,Stoke-on-Trent 025E,-2.10891,52.99513,15
E01014363,Stoke-on-Trent 024A,-2.09399,52.99235,50
E01014364,Stoke-on-Trent 024B,-2.10467,52.98539,450
E01014365,Stoke-on-Trent 024C,-2.09826,52.98833,350
E01014366,Stoke-on-Trent 028B,-2.09484,52.98416,50
E01014367,Stoke-on-Trent 028C,-2.08973,52.97904,200
E01014368,Stoke-on-Trent 028D,-2.09891,52.97875,200
E01014369,Stoke-on-Trent 024D,-2.09464,52.99606,75
E01018308,Cheshire West and Chester 022A,-2.76997,53.22221,500
E01018323,Cheshire West and Chester 039A,-2.83881,53.18956,400
E01018324,Cheshire West and Chester 039B,-2.827,53.18437,500
E01018325,Cheshire West and Chester 039C,-2.828,53.20755,450
E01018336,Cheshire West and Chester 022B,-2.82005,53.27223,75
E01018337,Cheshire West and Chester 022C,-2.85582,53.25493,450
E01018338,Cheshire West and Chester 022D,-2.81473,53.27534,500
E01018347,Cheshire West and Chester 032C,-2.86011,53.20427,50
E01018349,Cheshire West and Chester 030A,-2.73039,53.21276,450
E01018350,Cheshire West and Chester 030B,-2.71218,53.21304,300
E01018358,Cheshire West and Chester 022E,-2.8326,53.21886,600
E01018359,Cheshire West and Chester 022F,-2.83835,53.23731,150
E01018365,Cheshire West and Chester 027B,-2.86284,53.20817,150
E01018368,Cheshire West and Chester 030C,-2.763,53.1875,250
E01018369,Cheshire West and Chester 046B,-2.73857,53.16816,800
E01018370,Cheshire West and Chester 030D,-2.75137,53.19577,350
E01018372,Cheshire West and Chester 046D,-2.71378,53.12253,1500
E01018376,Cheshire West and Chester 028E,-2.88095,53.2205,1250
E01018380,Cheshire West and Chester 027E,-2.86817,53.21957,300
E01018384,Cheshire West and Chester 032E,-2.85233,53.19841,50
E01018386,Cheshire East 042A,-2.31489,53.09771,800
E01018387,Cheshire East 040A,-2.32254,53.10768,150
E01018388,Cheshire East 040B,-2.29849,53.10014,75
E01018389,Cheshire East 040C,-2.29562,53.09512,1250
E01018390,Cheshire East 040D,-2.28961,53.08665,350
E01018391,Cheshire East 042B,-2.31912,53.08866,450
E01018392,Cheshire East 042C,-2.32986,53.09817,150
E01018395,Cheshire East 026A,-2.18099,53.17501,300
E01018396,Cheshire East 026B,-2.197,53.17377,150
E01018397,Cheshire East 028A,-2.22726,53.15992,400
E01018398,Cheshire East 027A,-2.22075,53.16225,450
E01018399,Cheshire East 027B,-2.20938,53.15913,700
E01018400,Cheshire East 026C,-2.20024,53.16538,500
E01018401,Cheshire East 026D,-2.19445,53.16089,75
E01018402,Cheshire East 027C,-2.21221,53.16692,3000
E01018403,Cheshire East 027D,-2.20775,53.17452,1250
E01018404,Cheshire East 029A,-2.18551,53.14575,225
E01018405,Cheshire East 029B,-2.1993,53.15886,225
E01018406,Cheshire East 029C,-2.16614,53.16239,125
E01018407,Cheshire East 029D,-2.20404,53.15242,100
E01018408,Cheshire East 028B,-2.23979,53.17063,1500
E01018409,Cheshire East 028C,-2.23266,53.1665,1250
E01018410,Cheshire East 028D,-2.24177,53.16083,350
E01018411,Cheshire East 022B,-2.38027,53.21887,1250
E01018412,Cheshire East 022C,-2.31036,53.22289,600
E01018413,Cheshire East 023A,-2.34001,53.19864,300
E01018414,Cheshire East 023B,-2.37955,53.20119,350
E01018415,Cheshire East 023C,-2.36031,53.20053,1500
E01018416,Cheshire East 023D,-2.35901,53.19639,150
E01018417,Cheshire East 033B,-2.26374,53.09718,200
E01018418,Cheshire East 033C,-2.32813,53.12244,600
E01018419,Cheshire East 025A,-2.44281,53.17373,125
E01018420,Cheshire East 025B,-2.44121,53.19719,400
E01018421,Cheshire East 025C,-2.43231,53.18307,100
E01018422,Cheshire East 025D,-2.42523,53.18313,4500
E01018423,Cheshire East 025E,-2.44034,53.17943,100
E01018424,Cheshire East 024A,-2.45228,53.19668,300
E01018425,Cheshire East 024B,-2.45246,53.1913,700
E01018426,Cheshire East 024C,-2.44665,53.18489,300
E01018427,Cheshire East 024D,-2.45213,53.1809,175
E01018428,Cheshire East 033D,-2.22942,53.11892,125
E01018429,Cheshire East 033E,-2.24091,53.10862,100
E01018430,Cheshire East 033F,-2.29212,53.11864,125
E01018431,Cheshire East 033G,-2.26865,53.11917,300
E01018432,Cheshire East 032A,-2.37092,53.13731,125
E01018433,Cheshire East 032B,-2.34096,53.14564,200
E01018434,Cheshire East 032C,-2.35486,53.13883,75
E01018435,Cheshire East 032D,-2.36325,53.14216,1000
E01018436,Cheshire East 030A,-2.38422,53.15204,225
E01018437,Cheshire East 030B,-2.36722,53.14692,1500
E01018438,Cheshire East 030C,-2.37094,53.15291,75
E01018439,Cheshire East 030D,-2.34512,53.1543,300
E01018440,Cheshire East 031A,-2.39411,53.15214,1000
E01018441,Cheshire East 031B,-2.3972,53.13778,1000
E01018443,Cheshire East 031D,-2.37677,53.12722,300
E01018445,Cheshire East 045A,-2.43602,53.08427,2500
E01018446,Cheshire East 045B,-2.44571,53.07992,175
E01018447,Cheshire East 045C,-2.44075,53.08717,1250
E01018448,Cheshire East 045D,-2.4471,53.0844,175
E01018451,Cheshire East 047A,-2.51665,53.06885,600
E01018452,Cheshire East 050A,-2.53006,53.06325,25
E01018454,Cheshire East 047B,-2.52053,53.07347,175
E01018455,Cheshire East 047C,-2.51161,53.07804,1250
E01018456,Cheshire East 047D,-2.50452,53.06795,200
E01018457,Cheshire East 047E,-2.51174,53.06539,250
E01018458,Cheshire East 051C,-2.61196,53.12796,2250
E01018459,Cheshire East 036A,-2.4552,53.11085,35
E01018460,Cheshire East 036B,-2.44725,53.10874,75
E01018461,Cheshire East 036C,-2.45282,53.10729,100
E01018462,Cheshire East 039A,-2.44604,53.1013,1000
E01018463,Cheshire East 035A,-2.43611,53.1034,175
E01018464,Cheshire East 039B,-2.43808,53.09764,5000
E01018466,Cheshire East 036D,-2.45605,53.10388,350
E01018468,Cheshire East 041B,-2.40623,53.0993,100
E01018469,Cheshire East 041C,-2.40085,53.11559,700
E01018470,Cheshire East 041D,-2.36689,53.10836,400
E01018471,Cheshire East 041E,-2.39881,53.10171,100
E01018472,Cheshire East 034A,-2.45086,53.11578,45
E01018473,Cheshire East 034B,-2.45789,53.11767,150
E01018474,Cheshire East 034C,-2.4642,53.11411,125
E01018475,Cheshire East 034D,-2.45561,53.1213,100
E01018476,Cheshire East 035B,-2.43943,53.10788,50
E01018477,Cheshire East 035C,-2.42788,53.10817,225
E01018478,Cheshire East 035D,-2.4255,53.1134,175
E01018479,Cheshire East 035E,-2.43762,53.11863,250
E01018482,Cheshire East 037A,-2.49087,53.10109,1250
E01018483,Cheshire East 037B,-2.47476,53.10127,5000
E01018484,Cheshire East 037C,-2.4693,53.10923,125
E01018485,Cheshire East 037D,-2.46584,53.10393,75
E01018486,Cheshire East 043A,-2.4384,53.09103,450
E01018487,Cheshire East 043B,-2.44477,53.09306,350
E01018488,Cheshire East 043C,-2.4532,53.0894,800
E01018489,Cheshire East 043D,-2.44608,53.08947,35
E01018490,Cheshire East 046A,-2.47251,53.08194,150
E01018491,Cheshire East 046B,-2.49006,53.07559,225
E01018492,Cheshire East 046C,-2.46356,53.08196,45
E01018493,Cheshire East 048A,-2.44982,53.06372,200
E01018494,Cheshire East 048B,-2.44188,53.06735,1250
E01018495,Cheshire East 048C,-2.46503,53.06081,125
E01018496,Cheshire East 039C,-2.45703,53.09289,200
E01018497,Cheshire East 039D,-2.45022,53.09581,500
E01018498,Cheshire East 039E,-2.46606,53.09662,150
E01018499,Cheshire East 038A,-2.4191,53.10638,50
E01018500,Cheshire East 038B,-2.42209,53.10105,40
E01018501,Cheshire East 038C,-2.42444,53.09412,8000
E01018502,Cheshire East 038D,-2.41663,53.08936,8000
E01018503,Cheshire East 050C,-2.51865,53.0567,400
E01018504,Cheshire East 050D,-2.51946,53.06296,1250
E01018505,Cheshire East 046D,-2.46319,53.07051,600
E01018506,Cheshire East 046E,-2.45261,53.07739,75
E01018507,Cheshire East 046F,-2.45925,53.07623,150
E01018508,Cheshire East 048D,-2.49556,53.06881,300
E01018509,Cheshire East 048E,-2.47609,53.06789,150
E01018510,Cheshire East 044A,-2.49257,53.08947,300
E01018511,Cheshire East 044B,-2.47314,53.08877,50
E01018512,Cheshire East 044C,-2.46597,53.09159,200
E01018513,Cheshire East 044D,-2.45994,53.08624,350
E01018515,Cheshire East 053F,-2.43884,53.02254,900
E01018516,Cheshire East 053C,-2.43756,53.04757,175
E01018519,Cheshire West and Chester 007A,-2.90328,53.28015,500
E01018520,Cheshire West and Chester 007B,-2.89395,53.27932,600
E01018521,Cheshire West and Chester 011A,-2.89875,53.27519,2500
E01018522,Cheshire West and Chester 010A,-2.91831,53.2795,100
E01018523,Cheshire West and Chester 008A,-2.92846,53.27936,150
E01018524,Cheshire West and Chester 008B,-2.92963,53.28213,35
E01018525,Cheshire West and Chester 007C,-2.91102,53.28008,350
E01018526,Cheshire West and Chester 016A,-2.9147,53.2628,225
E01018527,Cheshire West and Chester 016B,-2.9209,53.26468,350
E01018531,Cheshire West and Chester 009D,-2.95055,53.28535,200
E01018538,Cheshire West and Chester 010B,-2.913,53.2753,150
E01018539,Cheshire West and Chester 010C,-2.91993,53.27456,15
E01018540,Cheshire West and Chester 010D,-2.91549,53.2703,1000
E01018541,Cheshire West and Chester 008C,-2.93481,53.27698,300
E01018542,Cheshire West and Chester 008D,-2.93567,53.28216,0
E01018543,Cheshire West and Chester 008E,-2.94147,53.28296,175
E01018546,Cheshire West and Chester 005A,-2.9279,53.28729,200
E01018547,Cheshire West and Chester 005B,-2.93456,53.28751,75
E01018548,Cheshire West and Chester 005C,-2.93344,53.29238,300
E01018549,Cheshire West and Chester 005D,-2.94323,53.28874,200
E01018550,Cheshire West and Chester 011B,-2.88449,53.26863,5
E01018551,Cheshire West and Chester 011C,-2.88268,53.26661,3500
E01018552,Cheshire West and Chester 011D,-2.82263,53.28834,4000
E01018553,Cheshire West and Chester 011E,-2.88973,53.2735,1250
E01018554,Cheshire West and Chester 016C,-2.91933,53.25773,100
E01018555,Cheshire West and Chester 016D,-2.92623,53.26231,40
E01018556,Cheshire West and Chester 013A,-2.93277,53.27091,45
E01018557,Cheshire West and Chester 013B,-2.9262,53.27269,100
E01018558,Cheshire West and Chester 013C,-2.92109,53.26892,40
E01018559,Cheshire West and Chester 013D,-2.92904,53.26655,175
E01018561,Cheshire West and Chester 009F,-2.93734,53.26842,50
E01018565,Cheshire West and Chester 014A,-2.90513,53.27544,350
E01018566,Cheshire West and Chester 014B,-2.89488,53.26652,1750
E01018567,Cheshire West and Chester 014C,-2.90482,53.26494,250
E01018568,Cheshire West and Chester 014D,-2.89878,53.26092,800
E01018572,Cheshire East 012A,-2.25417,53.30095,1750
E01018573,Cheshire East 012B,-2.22175,53.30217,900
E01018574,Cheshire East 012C,-2.23552,53.30289,1750
E01018575,Cheshire East 013A,-2.10739,53.29476,2000
E01018576,Cheshire East 013B,-2.09414,53.30426,700
E01018577,Cheshire East 013C,-2.10015,53.28856,300
E01018578,Cheshire East 013D,-2.11988,53.29221,350
E01018579,Cheshire East 013E,-2.11855,53.28674,600
E01018580,Cheshire East 012D,-2.2491,53.28292,6000
E01018581,Cheshire East 012E,-2.29132,53.26652,400
E01018582,Cheshire East 004A,-2.19955,53.33224,600
E01018583,Cheshire East 005A,-2.2206,53.33831,225
E01018584,Cheshire East 005B,-2.21464,53.33115,200
E01018585,Cheshire East 001A,-2.03216,53.35417,225
E01018586,Cheshire East 001B,-2.04481,53.33114,300
E01018587,Cheshire East 001C,-2.04827,53.35908,600
E01018588,Cheshire East 008A,-2.24694,53.31916,200
E01018589,Cheshire East 008B,-2.24436,53.31431,225
E01018590,Cheshire East 008C,-2.25809,53.31557,300
E01018591,Cheshire East 020A,-2.1573,53.21179,600
E01018592,Cheshire East 004B,-2.22258,53.35499,350
E01018593,Cheshire East 004C,-2.19974,53.34678,5000
E01018594,Cheshire East 004D,-2.21188,53.35361,100
E01018595,Cheshire East 004E,-2.21981,53.34758,1500
E01018596,Cheshire East 004F,-2.21337,53.33878,900
E01018598,Cheshire East 007A,-2.46907,53.32516,900
E01018599,Cheshire East 007B,-2.44689,53.349,350
E01018600,Cheshire East 006A,-2.21707,53.31688,300
E01018601,Cheshire East 006B,-2.23811,53.32323,2250
E01018602,Cheshire East 006C,-2.23272,53.32894,13000
E01018603,Cheshire East 010A,-2.37764,53.29686,400
E01018604,Cheshire East 010B,-2.38349,53.29859,400
E01018605,Cheshire East 009A,-2.3791,53.31271,500
E01018606,Cheshire East 010C,-2.378,53.3051,3000
E01018607,Cheshire East 010D,-2.34298,53.29638,500
E01018608,Cheshire East 010E,-2.35949,53.29915,2250
E01018609,Cheshire East 009B,-2.35789,53.30625,600
E01018610,Cheshire East 009C,-2.3634,53.30475,150
E01018611,Cheshire East 009D,-2.35046,53.31242,1750
E01018612,Cheshire East 005C,-2.22786,53.3414,175
E01018613,Cheshire East 005D,-2.23488,53.33701,45
E01018614,Cheshire East 015A,-2.15269,53.26342,350
E01018615,Cheshire East 017A,-2.12996,53.26506,800
E01018616,Cheshire East 017B,-2.14222,53.26428,4000
E01018617,Cheshire East 017C,-2.13903,53.26987,100
E01018618,Cheshire East 015B,-2.1606,53.26775,500
E01018619,Cheshire East 015C,-2.17128,53.26956,75
E01018620,Cheshire East 015D,-2.14806,53.27292,500
E01018621,Cheshire East 015E,-2.16363,53.26192,100
E01018622,Cheshire East 018A,-2.13278,53.26085,1000
E01018623,Cheshire East 018B,-2.13701,53.25484,300
E01018624,Cheshire East 018C,-2.12779,53.25823,5000
E01018625,Cheshire East 018D,-2.13204,53.25537,175
E01018627,Cheshire East 018E,-2.11606,53.25367,1500
E01018628,Cheshire East 016B,-2.08114,53.25564,125
E01018629,Cheshire East 016C,-2.11896,53.26635,1500
E01018630,Cheshire East 016D,-2.11065,53.26559,50
E01018631,Cheshire East 016E,-2.11307,53.27452,5000
E01018632,Cheshire East 017D,-2.14324,53.2558,450
E01018633,Cheshire East 017E,-2.14782,53.25343,300
E01018634,Cheshire East 019A,-2.15408,53.24964,200
E01018635,Cheshire East 018F,-2.13296,53.25127,400
E01018636,Cheshire East 018G,-2.1387,53.24885,50
E01018637,Cheshire East 021A,-2.13906,53.24261,400
E01018638,Cheshire East 021B,-2.12731,53.23389,1000
E01018639,Cheshire East 021C,-2.11972,53.24607,350
E01018640,Cheshire East 021D,-2.12575,53.24725,75
E01018641,Cheshire East 014A,-2.12113,53.27761,600
E01018642,Cheshire East 014B,-2.13426,53.2739,200
E01018643,Cheshire East 014C,-2.13489,53.27994,800
E01018644,Cheshire East 014D,-2.12588,53.27102,350
E01018645,Cheshire East 019B,-2.15377,53.25528,40
E01018646,Cheshire East 019C,-2.16169,53.25307,125
E01018647,Cheshire East 019D,-2.16053,53.25798,200
E01018648,Cheshire East 007C,-2.39826,53.33387,1750
E01018649,Cheshire East 007D,-2.29879,53.32199,350
E01018650,Cheshire East 007E,-2.33056,53.33207,700
E01018651,Cheshire East 007F,-2.26054,53.34169,2500
E01018652,Cheshire East 006D,-2.24322,53.33211,350
E01018653,Cheshire East 008D,-2.25114,53.32537,500
E01018654,Cheshire East 007G,-2.3673,53.27502,8000
E01018655,Cheshire East 003A,-2.11697,53.35068,1000
E01018657,Cheshire East 002A,-2.12317,53.34296,250
E01018658,Cheshire East 003C,-2.11779,53.34137,225
E01018659,Cheshire East 003D,-2.1074,53.35648,150
E01018661,Cheshire East 001D,-2.0907,53.35207,200
E01018662,Cheshire East 002B,-2.14296,53.3467,150
E01018663,Cheshire East 002C,-2.12954,53.34494,350
E01018664,Cheshire East 002D,-2.12713,53.35709,100
E01018665,Cheshire East 002E,-2.13745,53.35755,150
E01018666,Cheshire East 011A,-2.15723,53.27825,700
E01018667,Cheshire East 011B,-2.17439,53.30816,1500
E01018668,Cheshire East 011C,-2.12367,53.31987,2500
E01018669,Cheshire East 020C,-2.05636,53.28806,700
E01018670,Cheshire East 020D,-2.05209,53.23171,900
E01018671,Cheshire West and Chester 012A,-2.54896,53.27738,100
E01018672,Cheshire West and Chester 012B,-2.55937,53.2766,150
E01018673,Cheshire West and Chester 012C,-2.54286,53.27276,75
E01018674,Cheshire West and Chester 012D,-2.5516,53.26595,450
E01018675,Cheshire West and Chester 003A,-2.55563,53.28524,600
E01018676,Cheshire West and Chester 024A,-2.60382,53.24322,175
E01018677,Cheshire West and Chester 024B,-2.63481,53.22014,450
E01018678,Cheshire West and Chester 024C,-2.58302,53.23437,450
E01018679,Cheshire West and Chester 024D,-2.60365,53.22903,700
E01018680,Cheshire West and Chester 026A,-2.47925,53.21906,400
E01018681,Cheshire West and Chester 026B,-2.51504,53.21739,100
E01018682,Cheshire West and Chester 026C,-2.52563,53.22438,75
E01018683,Cheshire West and Chester 026D,-2.50792,53.23274,600
E01018684,Cheshire West and Chester 015A,-2.70823,53.25223,500
E01018685,Cheshire West and Chester 002A,-2.71808,53.30135,100
E01018686,Cheshire West and Chester 002B,-2.70421,53.29771,1500
E01018687,Cheshire West and Chester 002C,-2.69806,53.29146,100
E01018688,Cheshire West and Chester 002D,-2.72266,53.29461,1250
E01018689,Cheshire West and Chester 002E,-2.75319,53.29958,350
E01018690,Cheshire West and Chester 002F,-2.72602,53.2768,800
E01018691,Cheshire West and Chester 023A,-2.54088,53.24806,1250
E01018692,Cheshire West and Chester 024E,-2.57219,53.2165,800
E01018693,Cheshire West and Chester 023B,-2.56058,53.24769,400
E01018694,Cheshire West and Chester 023C,-2.54217,53.23836,150
E01018695,Cheshire West and Chester 015B,-2.77263,53.26525,400
E01018696,Cheshire West and Chester 015C,-2.76777,53.27902,300
E01018697,Cheshire West and Chester 015D,-2.76893,53.27232,1750
E01018698,Cheshire West and Chester 015E,-2.68222,53.2716,400
E01018699,Cheshire West and Chester 021A,-2.51142,53.2435,100
E01018700,Cheshire West and Chester 023D,-2.51893,53.24336,300
E01018701,Cheshire West and Chester 021B,-2.5007,53.24513,300
E01018702,Cheshire West and Chester 023E,-2.52088,53.23891,75
E01018703,Cheshire West and Chester 023F,-2.5076,53.25107,300
E01018704,Cheshire West and Chester 017A,-2.46916,53.27605,1750
E01018705,Cheshire West and Chester 017B,-2.47545,53.28317,125
E01018706,Cheshire West and Chester 017C,-2.4492,53.27173,450
E01018707,Cheshire West and Chester 045A,-2.67106,53.20546,900
E01018708,Cheshire West and Chester 003B,-2.62646,53.27992,1250
E01018709,Cheshire West and Chester 020A,-2.52338,53.25429,250
E01018710,Cheshire West and Chester 020B,-2.52722,53.25093,75
E01018711,Cheshire West and Chester 020C,-2.53228,53.25575,400
E01018712,Cheshire West and Chester 020D,-2.52166,53.25873,350
E01018714,Cheshire West and Chester 018B,-2.5081,53.26437,4500
E01018715,Cheshire West and Chester 018C,-2.48637,53.26226,1750
E01018716,Cheshire West and Chester 021C,-2.49527,53.25652,50
E01018717,Cheshire West and Chester 021D,-2.5029,53.25626,100
E01018718,Cheshire West and Chester 017D,-2.47392,53.24624,5000
E01018719,Cheshire West and Chester 021E,-2.48865,53.25431,125
E01018720,Cheshire West and Chester 021F,-2.48739,53.25068,50
E01018721,Cheshire West and Chester 003C,-2.55021,53.30709,800
E01018722,Cheshire West and Chester 017E,-2.4112,53.24452,1750
E01018723,Cheshire West and Chester 045B,-2.67577,53.15947,350
E01018724,Cheshire West and Chester 045C,-2.65945,53.16108,1250
E01018725,Cheshire West and Chester 045D,-2.60788,53.17564,900
E01018726,Cheshire West and Chester 019A,-2.57129,53.26585,125
E01018727,Cheshire West and Chester 019B,-2.58452,53.2578,600
E01018728,Cheshire West and Chester 019C,-2.56037,53.25748,200
E01018729,Cheshire West and Chester 019D,-2.57504,53.25646,300
E01018730,Cheshire West and Chester 040A,-2.53159,53.18497,40
E01018731,Cheshire West and Chester 042A,-2.52063,53.18874,1000
E01018732,Cheshire West and Chester 038A,-2.53357,53.18963,900
E01018733,Cheshire West and Chester 035A,-2.48727,53.18695,2000
E01018734,Cheshire West and Chester 035B,-2.50557,53.19297,300
E01018735,Cheshire West and Chester 042B,-2.50542,53.18581,50
E01018736,Cheshire West and Chester 037A,-2.54432,53.18957,350
E01018737,Cheshire West and Chester 037B,-2.56061,53.18971,3000
E01018738,Cheshire West and Chester 040B,-2.5611,53.18193,450
E01018739,Cheshire West and Chester 040C,-2.54527,53.18282,200
E01018740,Cheshire West and Chester 042C,-2.5333,53.17705,25
E01018741,Cheshire West and Chester 040D,-2.53752,53.18315,50
E01018742,Cheshire West and Chester 042D,-2.52676,53.17703,200
E01018743,Cheshire West and Chester 037C,-2.54094,53.20514,250
E01018744,Cheshire West and Chester 037D,-2.54938,53.19806,100
E01018745,Cheshire West and Chester 038B,-2.54164,53.19278,50
E01018746,Cheshire West and Chester 038C,-2.53018,53.19567,1000
E01018747,Cheshire West and Chester 038D,-2.51258,53.19591,1250
E01018748,Cheshire West and Chester 035C,-2.50374,53.19828,30
E01018749,Cheshire West and Chester 035D,-2.50115,53.20323,4000
E01019138,Barrow-in-Furness 010A,-3.22026,54.09934,350
E01019139,Barrow-in-Furness 010B,-3.23395,54.10555,12000
E01019141,Barrow-in-Furness 008A,-3.22562,54.11256,1750
E01019142,Barrow-in-Furness 008B,-3.21904,54.1121,200
E01019143,Barrow-in-Furness 008C,-3.21962,54.10823,700
E01019144,Barrow-in-Furness 001A,-3.20214,54.18635,200
E01019146,Barrow-in-Furness 001C,-3.16843,54.17686,400
E01019147,Barrow-in-Furness 001D,-3.1815,54.16024,250
E01019148,Barrow-in-Furness 002A,-3.17901,54.14228,100
E01019149,Barrow-in-Furness 002B,-3.18837,54.15412,450
E01019150,Barrow-in-Furness 002C,-3.16979,54.15707,75
E01019151,Barrow-in-Furness 002D,-3.17273,54.1518,125
E01019152,Barrow-in-Furness 003A,-3.21509,54.1312,300
E01019153,Barrow-in-Furness 003B,-3.22136,54.13552,75
E01019154,Barrow-in-Furness 003C,-3.20978,54.15022,175
E01019155,Barrow-in-Furness 003D,-3.21002,54.13682,3000
E01019156,Barrow-in-Furness 004A,-3.2345,54.1134,4500
E01019157,Barrow-in-Furness 008D,-3.22687,54.11586,1500
E01019158,Barrow-in-Furness 008E,-3.23166,54.11651,300
E01019159,Barrow-in-Furness 004B,-3.2337,54.12176,500
E01019160,Barrow-in-Furness 007B,-3.20602,54.12032,100
E01019161,Barrow-in-Furness 006A,-3.19796,54.11825,500
E01019162,Barrow-in-Furness 003E,-3.19628,54.12487,75
E01019163,Barrow-in-Furness 003F,-3.20097,54.13331,600
E01019166,Barrow-in-Furness 004E,-3.23144,54.12522,20
E01019167,Barrow-in-Furness 005A,-3.22387,54.12565,15
E01019168,Barrow-in-Furness 005B,-3.21591,54.12039,500
E01019169,Barrow-in-Furness 005C,-3.21545,54.12575,500
E01019170,Barrow-in-Furness 005D,-3.22118,54.12286,75
E01019171,Barrow-in-Furness 005E,-3.22488,54.12024,50
E01019172,Barrow-in-Furness 007C,-3.20544,54.11182,100
E01019173,Barrow-in-Furness 007D,-3.2104,54.11256,100
E01019175,Barrow-in-Furness 007F,-3.20626,54.11533,50
E01019176,Barrow-in-Furness 006B,-3.18738,54.11849,75
E01019177,Barrow-in-Furness 006C,-3.19642,54.11333,125
E01019178,Barrow-in-Furness 006D,-3.1728,54.09789,300
E01019179,Barrow-in-Furness 006E,-3.1793,54.12338,175
E01019187,Barrow-in-Furness 010E,-3.2168,54.06053,225
E01019306,Eden 006A,-2.50159,54.57268,400
E01019307,Eden 006B,-2.48642,54.58202,700
E01019309,Eden 007A,-2.33354,54.53267,600
E01019310,Eden 006C,-2.54964,54.54299,300
E01019317,Eden 007B,-2.2773,54.47218,600
E01019318,Eden 007C,-2.3528,54.46856,600
E01019323,Eden 006E,-2.41561,54.64566,250
E01019324,Eden 006F,-2.6549,54.58596,250
E01019325,Eden 007D,-2.5954,54.42741,800
E01019337,Eden 006G,-2.74833,54.49633,300
E01019340,Eden 007E,-2.42607,54.56138,400
E01019343,South Lakeland 011C,-2.7738,54.20979,700
E01019346,South Lakeland 003A,-2.79159,54.33558,1000
E01019347,South Lakeland 011D,-2.72255,54.20612,300
E01019348,South Lakeland 010A,-2.70451,54.18215,400
E01019349,South Lakeland 013A,-2.97411,54.20929,1000
E01019350,South Lakeland 008C,-3.05589,54.27619,800
E01019351,South Lakeland 008D,-3.09934,54.24221,600
E01019352,South Lakeland 010B,-2.66194,54.2241,1500
E01019353,South Lakeland 013B,-2.91946,54.19334,150
E01019354,South Lakeland 013C,-2.90772,54.20093,1000
E01019355,South Lakeland 013D,-2.91963,54.17862,175
E01019356,South Lakeland 007A,-3.00551,54.33413,1250
E01019357,South Lakeland 013E,-2.98045,54.17521,450
E01019358,South Lakeland 005A,-2.71729,54.32424,350
E01019359,South Lakeland 003B,-2.72337,54.33308,400
E01019360,South Lakeland 004A,-2.75756,54.33125,3500
E01019361,South Lakeland 006A,-2.75371,54.31811,450
E01019362,South Lakeland 005B,-2.72957,54.31789,200
E01019363,South Lakeland 004B,-2.76058,54.3223,1250
E01019364,South Lakeland 004C,-2.75041,54.32093,150
E01019365,South Lakeland 003C,-2.73431,54.33785,5000
E01019366,South Lakeland 005C,-2.73542,54.32329,150
E01019368,South Lakeland 006C,-2.7282,54.31186,150
E01019369,South Lakeland 006D,-2.75029,54.31273,225
E01019370,South Lakeland 003D,-2.75044,54.34208,900
E01019371,South Lakeland 004D,-2.75653,54.3387,150
E01019372,South Lakeland 009A,-2.59619,54.20056,700
E01019373,South Lakeland 009B,-2.54022,54.22834,1000
E01019374,South Lakeland 001A,-2.96313,54.43676,1250
E01019375,South Lakeland 001B,-2.92555,54.43035,1500
E01019377,South Lakeland 010C,-2.7785,54.25677,500
E01019378,South Lakeland 014A,-3.12,54.17789,75
E01019379,South Lakeland 014B,-3.10425,54.15977,400
E01019380,South Lakeland 014C,-3.13809,54.12717,150
E01019381,South Lakeland 007B,-2.86759,54.26665,1000
E01019382,South Lakeland 011E,-2.76876,54.2293,900
E01019383,South Lakeland 010D,-2.74478,54.28232,600
E01019384,South Lakeland 009C,-2.45271,54.3087,1000
E01019385,South Lakeland 009D,-2.52902,54.32376,400
E01019386,South Lakeland 007C,-2.92506,54.26979,800
E01019387,South Lakeland 002A,-2.85086,54.40307,1000
E01019388,South Lakeland 012A,-3.07944,54.18192,800
E01019389,South Lakeland 012B,-3.07186,54.19294,1250
E01019390,South Lakeland 012C,-3.08974,54.20305,800
E01019391,South Lakeland 014D,-3.08732,54.1776,400
E01019392,South Lakeland 012D,-3.09211,54.19474,1250
E01019393,South Lakeland 014E,-3.10738,54.18546,600
E01019394,South Lakeland 005D,-2.70125,54.35861,700
E01019395,South Lakeland 001D,-2.91974,54.3835,2000
E01019396,South Lakeland 002B,-2.90366,54.36849,900
E01019397,South Lakeland 002C,-2.91929,54.35592,2000
E01019400,Amber Valley 001A,-1.37695,53.10269,800
E01019401,Amber Valley 001B,-1.39349,53.09992,2500
E01019402,Amber Valley 001C,-1.37075,53.09479,250
E01019403,Amber Valley 003A,-1.3796,53.09525,225
E01019404,Amber Valley 001D,-1.38821,53.09334,700
E01019405,Amber Valley 007A,-1.53943,53.04339,900
E01019406,Amber Valley 002A,-1.50852,53.11105,150
E01019407,Amber Valley 010A,-1.48222,53.02412,2000
E01019408,Amber Valley 009A,-1.46801,53.02591,1000
E01019409,Amber Valley 009B,-1.46703,53.03003,225
E01019410,Amber Valley 011A,-1.45052,53.02574,50
E01019411,Amber Valley 011B,-1.45645,53.02727,175
E01019412,Amber Valley 009C,-1.45294,53.03507,150
E01019413,Amber Valley 009D,-1.46453,53.03434,75
E01019414,Amber Valley 007B,-1.49357,53.03029,175
E01019415,Amber Valley 010B,-1.48433,53.03466,350
E01019416,Amber Valley 009E,-1.46906,53.03861,50
E01019417,Amber Valley 010C,-1.48046,53.01938,900
E01019418,Amber Valley 011C,-1.46575,53.01282,150
E01019419,Amber Valley 010D,-1.48242,53.0033,700
E01019420,Amber Valley 005A,-1.36657,53.04164,800
E01019421,Amber Valley 008A,-1.38451,53.04267,100
E01019422,Amber Valley 008B,-1.3868,53.03506,100
E01019423,Amber Valley 002B,-1.48374,53.10686,225
E01019424,Amber Valley 002C,-1.4851,53.07793,300
E01019425,Amber Valley 016A,-1.49734,52.98244,400
E01019426,Amber Valley 016B,-1.48332,52.97789,500
E01019427,Amber Valley 016C,-1.4981,52.994,300
E01019428,Amber Valley 007C,-1.47088,53.04708,350
E01019429,Amber Valley 006A,-1.43978,53.04416,1250
E01019430,Amber Valley 007D,-1.46877,53.05865,400
E01019431,Amber Valley 012A,-1.35552,53.01908,75
E01019432,Amber Valley 008C,-1.37419,53.02628,200
E01019433,Amber Valley 012B,-1.36721,53.02051,175
E01019434,Amber Valley 013A,-1.33956,53.0154,300
E01019435,Amber Valley 013B,-1.3328,53.01094,50
E01019436,Amber Valley 013C,-1.34721,53.00979,400
E01019437,Amber Valley 017A,-1.34896,53.00347,125
E01019438,Amber Valley 012C,-1.36387,53.01315,175
E01019439,Amber Valley 013D,-1.34617,53.01681,300
E01019440,Amber Valley 013E,-1.35198,53.01311,700
E01019441,Amber Valley 017B,-1.35782,53.01126,450
E01019442,Amber Valley 005B,-1.35511,53.05582,175
E01019443,Amber Valley 004A,-1.37352,53.06912,800
E01019444,Amber Valley 003B,-1.35466,53.06714,125
E01019445,Amber Valley 005C,-1.36588,53.0675,200
E01019446,Amber Valley 015A,-1.4257,53.00697,45
E01019447,Amber Valley 011D,-1.45776,52.99601,400
E01019448,Amber Valley 015B,-1.40827,53.01665,2000
E01019449,Amber Valley 011E,-1.44633,53.01607,150
E01019450,Amber Valley 015C,-1.43241,53.00813,150
E01019451,Amber Valley 012D,-1.34266,53.03778,700
E01019452,Amber Valley 017C,-1.34262,53.02241,200
E01019453,Amber Valley 017D,-1.32631,53.01706,2250
E01019454,Amber Valley 006B,-1.41577,53.05377,125
E01019455,Amber Valley 005D,-1.40746,53.05738,350
E01019456,Amber Valley 005E,-1.38794,53.05562,3500
E01019457,Amber Valley 005F,-1.38826,53.04536,225
E01019458,Amber Valley 008D,-1.40135,53.04095,2250
E01019459,Amber Valley 008E,-1.398,53.0489,100
E01019460,Amber Valley 006C,-1.41371,53.03651,125
E01019461,Amber Valley 006D,-1.41185,53.04957,1250
E01019462,Amber Valley 006E,-1.41859,53.04521,800
E01019463,Amber Valley 008F,-1.40909,53.04398,250
E01019464,Amber Valley 012E,-1.38207,53.00064,1500
E01019465,Amber Valley 015D,-1.40477,52.99924,125
E01019467,Amber Valley 015E,-1.43561,52.99368,450
E01019468,Amber Valley 003C,-1.35114,53.07819,2000
E01019469,Amber Valley 003D,-1.36229,53.07715,125
E01019470,Amber Valley 004B,-1.37545,53.07831,300
E01019471,Amber Valley 003E,-1.37482,53.08599,3500
E01019473,Amber Valley 004C,-1.39601,53.0865,900
E01019474,Amber Valley 004D,-1.38844,53.07734,100
E01019475,Amber Valley 004E,-1.401,53.07417,300
E01019476,Amber Valley 004F,-1.38808,53.07306,600
E01019477,Amber Valley 002D,-1.4408,53.08417,900
E01019478,Bolsover 001A,-1.30847,53.29168,4000
E01019479,Bolsover 001B,-1.28523,53.28998,300
E01019480,Bolsover 008A,-1.33533,53.12386,300
E01019481,Bolsover 009A,-1.35922,53.11656,100
E01019482,Bolsover 008B,-1.33872,53.13257,150
E01019483,Bolsover 004A,-1.30435,53.23449,600
E01019484,Bolsover 004B,-1.29565,53.25167,700
E01019485,Bolsover 004C,-1.2574,53.23806,900
E01019486,Bolsover 005A,-1.27803,53.23023,125
E01019487,Bolsover 005B,-1.26951,53.22639,100
E01019488,Bolsover 004D,-1.30533,53.22722,250
E01019489,Bolsover 005C,-1.29637,53.22624,125
E01019490,Bolsover 005D,-1.29013,53.22568,30
E01019491,Bolsover 001C,-1.25868,53.28291,800
E01019492,Bolsover 002A,-1.24905,53.27834,100
E01019493,Bolsover 001D,-1.25555,53.27286,100
E01019495,Bolsover 002B,-1.24508,53.25796,100
E01019496,Bolsover 003A,-1.19553,53.27281,300
E01019497,Bolsover 003B,-1.21308,53.25193,400
E01019498,Bolsover 003C,-1.21757,53.25441,300
E01019499,Bolsover 010A,-1.3335,53.08653,1750
E01019500,Bolsover 010B,-1.31209,53.09849,2250
E01019501,Bolsover 010C,-1.32201,53.09515,150
E01019502,Bolsover 005E,-1.28601,53.19159,125
E01019503,Bolsover 007A,-1.24254,53.18202,700
E01019504,Bolsover 005F,-1.2946,53.21092,125
E01019505,Bolsover 007B,-1.20861,53.22695,75
E01019506,Bolsover 007C,-1.24388,53.21813,250
E01019507,Bolsover 007D,-1.20846,53.20406,800
E01019508,Bolsover 006A,-1.21328,53.20992,400
E01019509,Bolsover 006B,-1.22573,53.21213,300
E01019510,Bolsover 006C,-1.22186,53.20653,225
E01019511,Bolsover 007E,-1.21077,53.19098,5000
E01019513,Bolsover 010D,-1.3221,53.10858,3500
E01019514,Bolsover 009B,-1.33661,53.10824,75
E01019515,Bolsover 009C,-1.33557,53.10444,20
E01019516,Bolsover 009D,-1.35546,53.10354,600
E01019517,Bolsover 010E,-1.33241,53.09956,500
E01019518,Bolsover 010F,-1.35439,53.09323,2250
E01019519,Bolsover 009E,-1.3465,53.09957,175
E01019520,Bolsover 008C,-1.31856,53.17482,900
E01019521,Bolsover 008D,-1.33489,53.15099,800
E01019522,Bolsover 008E,-1.33956,53.14511,350
E01019523,Bolsover 003D,-1.19691,53.28512,150
E01019524,Bolsover 002C,-1.21844,53.2951,250
E01019525,Bolsover 002D,-1.22375,53.27758,125
E01019526,Chesterfield 001A,-1.40726,53.27049,150
E01019527,Chesterfield 003A,-1.3797,53.28179,300
E01019528,Chesterfield 001B,-1.41207,53.28294,175
E01019529,Chesterfield 003B,-1.40627,53.27526,225
E01019530,Chesterfield 003C,-1.39438,53.26111,100
E01019531,Chesterfield 003D,-1.39191,53.26619,300
E01019532,Chesterfield 005A,-1.40524,53.26376,50
E01019533,Chesterfield 005B,-1.40631,53.24505,400
E01019534,Chesterfield 005C,-1.39663,53.25225,250
E01019535,Chesterfield 005D,-1.38881,53.24493,45
E01019536,Chesterfield 005E,-1.40962,53.257,100
E01019537,Chesterfield 007A,-1.44453,53.24828,300
E01019538,Chesterfield 010A,-1.43377,53.23913,3500
E01019539,Chesterfield 009A,-1.44297,53.24378,150
E01019540,Chesterfield 009B,-1.44708,53.24002,75
E01019541,Chesterfield 004A,-1.45998,53.25854,250
E01019542,Chesterfield 004B,-1.43568,53.26264,2500
E01019543,Chesterfield 004C,-1.4582,53.2655,1500
E01019544,Chesterfield 004D,-1.44529,53.25972,700
E01019545,Chesterfield 012A,-1.40478,53.21787,400
E01019546,Chesterfield 012B,-1.41314,53.22352,250
E01019547,Chesterfield 012C,-1.40309,53.22214,225
E01019548,Chesterfield 012D,-1.41724,53.21834,2250
E01019549,Chesterfield 006A,-1.3367,53.24543,2000
E01019550,Chesterfield 006B,-1.36922,53.25326,150
E01019551,Chesterfield 006C,-1.36934,53.24666,25
E01019552,Chesterfield 006D,-1.37815,53.25512,350
E01019553,Chesterfield 003E,-1.382,53.26405,50
E01019554,Chesterfield 010B,-1.44899,53.23341,600
E01019555,Chesterfield 009C,-1.45349,53.23566,125
E01019556,Chesterfield 010C,-1.44259,53.23217,900
E01019557,Chesterfield 008A,-1.45571,53.25125,75
E01019558,Chesterfield 008B,-1.47073,53.25232,50
E01019559,Chesterfield 008C,-1.47398,53.24194,75
E01019560,Chesterfield 008D,-1.4604,53.24466,125
E01019561,Chesterfield 008E,-1.46812,53.24655,45
E01019562,Chesterfield 008F,-1.45298,53.24504,100
E01019563,Chesterfield 002A,-1.3309,53.28066,100
E01019564,Chesterfield 002B,-1.31934,53.26811,1250
E01019565,Chesterfield 002C,-1.34512,53.27672,1750
E01019566,Chesterfield 002D,-1.34719,53.26003,1250
E01019567,Chesterfield 006E,-1.36584,53.25658,350
E01019568,Chesterfield 002E,-1.36262,53.26036,45
E01019569,Chesterfield 007B,-1.42682,53.25369,8000
E01019570,Chesterfield 007C,-1.44428,53.25322,250
E01019571,Chesterfield 004E,-1.44048,53.25614,200
E01019572,Chesterfield 001C,-1.41811,53.26811,350
E01019573,Chesterfield 001D,-1.4446,53.27409,2500
E01019574,Chesterfield 001E,-1.42306,53.26293,2000
E01019575,Chesterfield 013A,-1.43063,53.22492,45
E01019576,Chesterfield 013B,-1.44065,53.22633,250
E01019577,Chesterfield 013C,-1.4344,53.21712,175
E01019578,Chesterfield 013D,-1.43281,53.22091,75
E01019579,Chesterfield 010D,-1.42254,53.24352,3000
E01019580,Chesterfield 007D,-1.43345,53.24928,150
E01019581,Chesterfield 007E,-1.4296,53.24481,100
E01019582,Chesterfield 012E,-1.40813,53.228,300
E01019583,Chesterfield 012F,-1.42114,53.22422,400
E01019585,Chesterfield 012G,-1.4072,53.23479,7000
E01019586,Chesterfield 011A,-1.45197,53.22756,20
E01019587,Chesterfield 011B,-1.46407,53.22669,200
E01019588,Chesterfield 011C,-1.45889,53.22388,125
E01019589,Chesterfield 011D,-1.44736,53.22281,900
E01019590,Chesterfield 009D,-1.45971,53.23856,225
E01019591,Chesterfield 009E,-1.46232,53.23222,500
E01019592,Chesterfield 011E,-1.47466,53.23283,450
E01019593,Chesterfield 011F,-1.47264,53.22318,50
E01019594,Derbyshire Dales 009A,-1.72206,53.01604,300
E01019595,Derbyshire Dales 008A,-1.71065,53.02445,1000
E01019596,Derbyshire Dales 009B,-1.72778,53.01085,225
E01019597,Derbyshire Dales 009C,-1.71718,53.00658,3000
E01019598,Derbyshire Dales 009D,-1.73795,53.0119,1250
E01019599,Derbyshire Dales 011B,-1.65227,53.20397,1000
E01019600,Derbyshire Dales 002A,-1.72493,53.22038,2250
E01019601,Derbyshire Dales 011A,-1.677,53.20475,150
E01019602,Derbyshire Dales 001A,-1.74516,53.31067,700
E01019603,Derbyshire Dales 010A,-1.64192,52.95247,800
E01019604,Derbyshire Dales 002B,-1.66156,53.27695,600
E01019605,Derbyshire Dales 008B,-1.65758,53.07646,1250
E01019606,Derbyshire Dales 002C,-1.58802,53.22644,1500
E01019607,Derbyshire Dales 010B,-1.72207,52.99168,800
E01019608,Derbyshire Dales 011G,-1.59914,53.16189,350
E01019609,Derbyshire Dales 005A,-1.56883,53.15498,900
E01019610,Derbyshire Dales 011D,-1.57422,53.17922,700
E01019611,Derbyshire Dales 008C,-1.74835,53.08475,700
E01019612,Derbyshire Dales 010C,-1.76922,52.9082,800
E01019613,Derbyshire Dales 011C,-1.82772,53.22822,700
E01019614,Derbyshire Dales 001B,-1.63431,53.31751,700
E01019615,Derbyshire Dales 001C,-1.66012,53.305,900
E01019616,Derbyshire Dales 008D,-1.60724,53.03097,700
E01019617,Derbyshire Dales 011F,-1.7157,53.17292,450
E01019618,Derbyshire Dales 002D,-1.70931,53.25673,450
E01019619,Derbyshire Dales 006A,-1.55286,53.10574,800
E01019620,Derbyshire Dales 006B,-1.59195,53.1206,800
E01019621,Derbyshire Dales 005B,-1.53607,53.15866,250
E01019622,Derbyshire Dales 005C,-1.55508,53.1469,175
E01019623,Derbyshire Dales 006C,-1.57013,53.13396,4000
E01019624,Derbyshire Dales 005D,-1.56255,53.14065,900
E01019625,Derbyshire Dales 006D,-1.54,53.13819,200
E01019626,Derbyshire Dales 006E,-1.53781,53.12535,250
E01019627,Derbyshire Dales 005E,-1.5153,53.1404,800
E01019628,Derbyshire Dales 005F,-1.53454,53.14453,600
E01019629,Derbyshire Dales 010D,-1.76268,52.94318,500
E01019630,Derbyshire Dales 011E,-1.62068,53.17315,1000
E01019631,Derbyshire Dales 001D,-1.79222,53.28687,700
E01019632,Derbyshire Dales 006F,-1.64176,53.14315,700
E01019633,Derbyshire Dales 007A,-1.56663,53.07505,100
E01019634,Derbyshire Dales 007B,-1.59401,53.09711,500
E01019635,Derbyshire Dales 007C,-1.58904,53.08044,75
E01019636,Derbyshire Dales 007D,-1.56817,53.08266,600
E01019638,Erewash 016A,-1.31976,52.98771,800
E01019639,Erewash 016B,-1.31772,52.97922,600
E01019640,Erewash 016C,-1.32563,52.9774,1500
E01019641,Erewash 011A,-1.30666,52.90429,175
E01019642,Erewash 013A,-1.32319,52.9035,250
E01019643,Erewash 013B,-1.31686,52.88558,400
E01019644,Erewash 001A,-1.30867,52.98537,125
E01019645,Erewash 016D,-1.3117,52.9833,450
E01019646,Erewash 001B,-1.30126,52.98753,175
E01019647,Erewash 012A,-1.277,52.90146,2500
E01019648,Erewash 010A,-1.28579,52.91216,125
E01019649,Erewash 010B,-1.28114,52.90558,400
E01019650,Erewash 010C,-1.2962,52.90859,300
E01019651,Erewash 010D,-1.29068,52.9105,150
E01019652,Erewash 011B,-1.288,52.90277,450
E01019653,Erewash 011C,-1.29343,52.90123,500
E01019654,Erewash 013C,-1.35343,52.8997,250
E01019655,Erewash 013D,-1.34056,52.88367,450
E01019656,Erewash 008A,-1.32053,52.92098,1500
E01019657,Erewash 003A,-1.30368,52.96302,500
E01019658,Erewash 006A,-1.29311,52.95383,2500
E01019659,Erewash 006B,-1.30582,52.95626,400
E01019660,Erewash 003B,-1.2998,52.97199,600
E01019661,Erewash 003C,-1.30011,52.9813,1750
E01019662,Erewash 003D,-1.30339,52.97689,175
E01019663,Erewash 001C,-1.30902,52.9971,30
E01019664,Erewash 001D,-1.31771,52.99403,50
E01019665,Erewash 001E,-1.31228,52.98987,600
E01019666,Erewash 007A,-1.31916,52.95325,150
E01019667,Erewash 007B,-1.32833,52.9538,100
E01019668,Erewash 007C,-1.3197,52.96025,75
E01019669,Erewash 007D,-1.33248,52.96099,175
E01019670,Erewash 004A,-1.4586,52.97338,225
E01019671,Erewash 004B,-1.4322,52.95635,2000
E01019672,Erewash 003E,-1.31709,52.9739,2000
E01019673,Erewash 005A,-1.31843,52.96794,500
E01019674,Erewash 006C,-1.31067,52.96259,250
E01019675,Erewash 012B,-1.26999,52.8881,800
E01019676,Erewash 014A,-1.2734,52.89105,200
E01019677,Erewash 014B,-1.27971,52.88713,300
E01019678,Erewash 014C,-1.26996,52.88324,600
E01019679,Erewash 012C,-1.26952,52.90238,800
E01019680,Erewash 014D,-1.26139,52.89998,300
E01019681,Erewash 014E,-1.25287,52.89015,900
E01019682,Erewash 012D,-1.26635,52.89654,1750
E01019683,Erewash 009A,-1.37393,52.9155,200
E01019684,Erewash 009B,-1.37421,52.90278,100
E01019685,Erewash 009C,-1.38431,52.90697,450
E01019686,Erewash 009D,-1.36718,52.9295,300
E01019687,Erewash 009E,-1.37343,52.90959,50
E01019688,Erewash 006D,-1.294,52.96256,350
E01019689,Erewash 006E,-1.29309,52.96747,225
E01019690,Erewash 003F,-1.30187,52.9664,225
E01019691,Erewash 008B,-1.30406,52.92628,350
E01019692,Erewash 008C,-1.28426,52.93019,350
E01019693,Erewash 008D,-1.28968,52.92381,600
E01019694,Erewash 008E,-1.29586,52.91364,200
E01019695,Erewash 010E,-1.28952,52.91672,300
E01019696,Erewash 008F,-1.29706,52.91947,3000
E01019697,Erewash 015A,-1.30449,52.88009,250
E01019698,Erewash 014F,-1.27754,52.87867,300
E01019699,Erewash 015B,-1.30186,52.88573,100
E01019700,Erewash 015C,-1.29445,52.87982,200
E01019701,Erewash 004C,-1.3822,52.96192,250
E01019702,Erewash 005B,-1.35963,52.97237,125
E01019703,Erewash 005C,-1.35465,52.9656,900
E01019704,Erewash 005D,-1.35202,52.95259,350
E01019705,Erewash 015D,-1.28793,52.8876,600
E01019706,Erewash 015E,-1.2955,52.88719,100
E01019707,Erewash 011D,-1.30058,52.8904,50
E01019708,Erewash 011E,-1.29349,52.8943,300
E01019709,Erewash 015F,-1.28304,52.89255,250
E01019710,High Peak 010A,-1.89373,53.26877,175
E01019711,High Peak 006A,-1.96133,53.3376,350
E01019712,High Peak 008A,-1.92515,53.34875,600
E01019713,High Peak 008B,-1.936,53.30937,400
E01019714,High Peak 012A,-1.97049,53.25686,1250
E01019715,High Peak 010B,-1.9156,53.2545,800
E01019716,High Peak 011A,-1.90785,53.25502,225
E01019717,High Peak 010C,-1.91299,53.25813,2000
E01019718,High Peak 013E,-1.88127,53.33195,1250
E01019719,High Peak 013F,-1.91612,53.32581,700
E01019720,High Peak 013G,-1.92086,53.32184,350
E01019721,High Peak 013H,-1.91855,53.31207,225
E01019722,High Peak 010D,-1.92575,53.27419,1000
E01019723,High Peak 010E,-1.9273,53.26027,700
E01019724,High Peak 011B,-1.90272,53.24977,450
E01019725,High Peak 012B,-1.875,53.23979,1000
E01019726,High Peak 012C,-1.90434,53.23488,125
E01019727,High Peak 004A,-1.95581,53.45263,250
E01019728,High Peak 002A,-1.98894,53.44611,10
E01019729,High Peak 002B,-1.98805,53.44922,125
E01019730,High Peak 002C,-1.97758,53.46358,1250
E01019731,High Peak 002D,-1.98288,53.45722,300
E01019732,High Peak 002E,-1.97447,53.45043,900
E01019733,High Peak 001A,-1.97139,53.45716,225
E01019734,High Peak 006B,-1.91041,53.38543,250
E01019735,High Peak 013A,-1.70277,53.34417,400
E01019736,High Peak 013B,-1.7816,53.434,1250
E01019737,High Peak 013C,-1.75325,53.36342,1000
E01019738,High Peak 003A,-1.96142,53.44301,1250
E01019739,High Peak 003B,-1.94776,53.44359,2000
E01019740,High Peak 003C,-1.954,53.43869,150
E01019741,High Peak 013I,-1.89747,53.3024,350
E01019742,High Peak 013D,-1.84121,53.27258,1250
E01019743,High Peak 006C,-1.99178,53.37011,175
E01019744,High Peak 006D,-1.9697,53.36394,150
E01019745,High Peak 006E,-1.99414,53.36141,200
E01019746,High Peak 005A,-2.00551,53.37136,450
E01019747,High Peak 005B,-2.01607,53.3721,175
E01019748,High Peak 005C,-2.0043,53.36065,1500
E01019749,High Peak 004B,-1.93016,53.4379,75
E01019750,High Peak 003D,-1.93601,53.45097,250
E01019751,High Peak 003E,-1.93616,53.44308,125
E01019752,High Peak 001B,-1.96509,53.46515,175
E01019753,High Peak 001C,-1.95831,53.46058,300
E01019754,High Peak 004C,-1.91372,53.44709,300
E01019755,High Peak 005D,-1.96682,53.39513,350
E01019756,High Peak 004D,-1.97179,53.43932,125
E01019757,High Peak 004E,-1.96786,53.44391,400
E01019758,High Peak 004F,-1.95668,53.43357,150
E01019759,High Peak 011C,-1.88746,53.25806,600
E01019760,High Peak 011D,-1.90081,53.25981,100
E01019761,High Peak 011E,-1.89192,53.25447,45
E01019762,High Peak 012D,-1.92151,53.24667,500
E01019763,High Peak 001D,-1.88433,53.50246,450
E01019764,High Peak 008C,-1.98127,53.31479,175
E01019765,High Peak 008D,-1.98083,53.32557,1000
E01019766,High Peak 005E,-1.99864,53.35085,450
E01019767,High Peak 008E,-1.99032,53.32944,500
E01019768,High Peak 003F,-1.94177,53.43565,150
E01019769,North East Derbyshire 010A,-1.49861,53.16886,800
E01019770,North East Derbyshire 005A,-1.52717,53.28538,500
E01019771,North East Derbyshire 008A,-1.52127,53.23766,1250
E01019772,North East Derbyshire 008B,-1.48605,53.20489,350
E01019774,North East Derbyshire 010B,-1.43392,53.17185,300
E01019775,North East Derbyshire 012B,-1.41302,53.17399,1250
E01019776,North East Derbyshire 012C,-1.41614,53.15836,150
E01019777,North East Derbyshire 012D,-1.40313,53.15821,700
E01019778,North East Derbyshire 002A,-1.44953,53.31242,75
E01019779,North East Derbyshire 002B,-1.46007,53.31016,300
E01019780,North East Derbyshire 004A,-1.47253,53.30608,125
E01019781,North East Derbyshire 004B,-1.46933,53.31122,300
E01019782,North East Derbyshire 004C,-1.45624,53.29962,2250
E01019783,North East Derbyshire 006A,-1.47066,53.29596,125
E01019784,North East Derbyshire 006B,-1.45438,53.29388,100
E01019785,North East Derbyshire 006C,-1.46812,53.28934,100
E01019786,North East Derbyshire 004D,-1.46844,53.29954,1000
E01019787,North East Derbyshire 005B,-1.48943,53.3089,225
E01019788,North East Derbyshire 005C,-1.51139,53.30834,175
E01019790,North East Derbyshire 002C,-1.37432,53.31089,250
E01019791,North East Derbyshire 014A,-1.35435,53.29901,2000
E01019792,North East Derbyshire 014B,-1.37115,53.30124,175
E01019793,North East Derbyshire 006D,-1.48277,53.29724,400
E01019794,North East Derbyshire 005D,-1.49236,53.29935,100
E01019795,North East Derbyshire 006E,-1.48769,53.30358,1250
E01019796,North East Derbyshire 009A,-1.40045,53.19809,125
E01019797,North East Derbyshire 009B,-1.3901,53.19426,40
E01019798,North East Derbyshire 007A,-1.38931,53.20871,700
E01019799,North East Derbyshire 009C,-1.33933,53.198,2250
E01019800,North East Derbyshire 009D,-1.3601,53.18748,800
E01019801,North East Derbyshire 001A,-1.29873,53.31677,75
E01019802,North East Derbyshire 001B,-1.31407,53.32404,900
E01019803,North East Derbyshire 001C,-1.30227,53.32763,500
E01019804,North East Derbyshire 001D,-1.32324,53.31768,30
E01019805,North East Derbyshire 001E,-1.33157,53.31708,1750
E01019806,North East Derbyshire 001F,-1.324,53.32402,200
E01019807,North East Derbyshire 001G,-1.31714,53.31973,75
E01019808,North East Derbyshire 009E,-1.38139,53.19116,250
E01019809,North East Derbyshire 011A,-1.37692,53.18043,75
E01019810,North East Derbyshire 011B,-1.39508,53.18283,100
E01019811,North East Derbyshire 011C,-1.39315,53.17497,50
E01019812,North East Derbyshire 011D,-1.37411,53.16261,600
E01019813,North East Derbyshire 011E,-1.36846,53.15006,200
E01019814,North East Derbyshire 013A,-1.39435,53.14763,350
E01019815,North East Derbyshire 014C,-1.32797,53.29743,700
E01019816,North East Derbyshire 002D,-1.4228,53.32035,700
E01019817,North East Derbyshire 013B,-1.39362,53.12412,25
E01019818,North East Derbyshire 013C,-1.41825,53.12831,225
E01019819,North East Derbyshire 013D,-1.44899,53.12471,400
E01019820,North East Derbyshire 013E,-1.39714,53.13071,400
E01019821,North East Derbyshire 007B,-1.38273,53.22761,150
E01019822,North East Derbyshire 007C,-1.34028,53.22388,250
E01019823,North East Derbyshire 007D,-1.3904,53.23512,75
E01019824,North East Derbyshire 010C,-1.41593,53.19977,800
E01019825,North East Derbyshire 011F,-1.40578,53.18712,350
E01019826,North East Derbyshire 009F,-1.4089,53.19289,50
E01019827,North East Derbyshire 004E,-1.41569,53.2945,200
E01019828,North East Derbyshire 008C,-1.44795,53.20694,125
E01019829,North East Derbyshire 008D,-1.43817,53.20627,200
E01019830,North East Derbyshire 010D,-1.42364,53.19783,225
E01019831,North East Derbyshire 010E,-1.42716,53.21011,75
E01019832,South Derbyshire 004A,-1.36404,52.88059,700
E01019833,South Derbyshire 004B,-1.36719,52.86305,700
E01019834,South Derbyshire 004C,-1.44274,52.85603,900
E01019839,South Derbyshire 001A,-1.5858,52.9142,3500
E01019840,South Derbyshire 002A,-1.58801,52.88474,600
E01019841,South Derbyshire 002B,-1.60273,52.85841,600
E01019845,South Derbyshire 001B,-1.67762,52.86832,900
E01019846,South Derbyshire 001C,-1.68525,52.86707,400
E01019847,South Derbyshire 002C,-1.6151,52.87781,350
E01019848,South Derbyshire 002D,-1.61917,52.86843,800
E01019853,South Derbyshire 006B,-1.43074,52.83558,225
E01019854,South Derbyshire 006C,-1.4224,52.82313,1000
E01019866,South Derbyshire 001D,-1.67142,52.88909,2250
E01019868,South Derbyshire 005B,-1.51824,52.82719,500
E01019869,South Derbyshire 005C,-1.55607,52.83707,1000
E01019873,South Derbyshire 003A,-1.5109,52.86629,300
E01019874,South Derbyshire 003B,-1.49627,52.87315,30
E01019875,South Derbyshire 003C,-1.50194,52.8782,125
E01019880,South Derbyshire 005D,-1.56685,52.84861,250
E01019882,South Derbyshire 003E,-1.56301,52.86018,1000
E01020607,County Durham 019B,-1.59347,54.82779,250
E01020610,County Durham 015E,-1.54827,54.8302,50
E01020619,County Durham 019C,-1.63164,54.81539,200
E01020620,County Durham 019D,-1.63639,54.82496,800
E01020621,County Durham 019E,-1.61909,54.8196,50
E01020646,County Durham 024A,-1.79227,54.77556,350
E01020658,County Durham 024B,-1.66696,54.79514,300
E01020659,County Durham 024C,-1.67498,54.79698,350
E01020660,County Durham 024D,-1.70415,54.79022,600
E01020679,County Durham 026A,-1.64124,54.78724,175
E01020680,County Durham 026B,-1.6275,54.80191,1250
E01020681,County Durham 026C,-1.63369,54.81037,10
E01020682,County Durham 028A,-1.52755,54.78079,50
E01020683,County Durham 028B,-1.5282,54.78541,400
E01020685,County Durham 038A,-1.63918,54.7353,225
E01020686,County Durham 038B,-1.63257,54.75015,300
E01020687,County Durham 038C,-1.64159,54.74598,50
E01020688,County Durham 038D,-1.64867,54.75474,150
E01020689,County Durham 038E,-1.62528,54.75595,225
E01020690,County Durham 028C,-1.52958,54.79474,4500
E01020691,County Durham 028D,-1.52533,54.78888,100
E01020692,County Durham 028E,-1.54682,54.78699,450
E01020693,County Durham 029A,-1.53957,54.78015,2500
E01020694,County Durham 041A,-1.52497,54.7393,125
E01020695,County Durham 044A,-1.4914,54.74104,250
E01020696,County Durham 041B,-1.55731,54.72802,2250
E01020697,County Durham 041C,-1.52908,54.73576,2500
E01020698,County Durham 044B,-1.51355,54.71378,175
E01020699,County Durham 044C,-1.49341,54.72171,75
E01020700,County Durham 044D,-1.46131,54.71576,300
E01020701,County Durham 044E,-1.50487,54.71788,300
E01020702,County Durham 033B,-1.58343,54.78502,9000
E01020703,County Durham 030A,-1.58391,54.77656,1250
E01020704,County Durham 033C,-1.58709,54.77232,450
E01020705,County Durham 031A,-1.7087,54.76966,225
E01020706,County Durham 031B,-1.7156,54.76123,250
E01020708,County Durham 023A,-1.59427,54.79452,1250
E01020709,County Durham 022A,-1.5588,54.80784,3500
E01020710,County Durham 023B,-1.59021,54.80211,1500
E01020711,County Durham 023C,-1.58349,54.79576,400
E01020712,County Durham 033D,-1.59714,54.7763,400
E01020714,County Durham 026D,-1.62313,54.77287,100
E01020716,County Durham 026E,-1.63503,54.77888,125
E01020717,County Durham 022B,-1.56702,54.80273,75
E01020718,County Durham 022C,-1.57551,54.80152,225
E01020719,County Durham 022D,-1.56545,54.79893,75
E01020720,County Durham 023D,-1.5747,54.796,100
E01020721,County Durham 022E,-1.57084,54.79378,45
E01020722,County Durham 029B,-1.55351,54.78153,20
E01020723,County Durham 029C,-1.55269,54.77902,800
E01020724,County Durham 029D,-1.54549,54.77211,125
E01020725,County Durham 027A,-1.49254,54.79051,250
E01020726,County Durham 027B,-1.50162,54.80689,250
E01020727,County Durham 027C,-1.51919,54.81734,100
E01020729,County Durham 027D,-1.44893,54.76329,500
E01020730,County Durham 027E,-1.50333,54.77834,175
E01020731,County Durham 027F,-1.5066,54.77002,150
E01020732,County Durham 041D,-1.52673,54.75462,225
E01020733,County Durham 035A,-1.34473,54.7649,450
E01020734,County Durham 035B,-1.35117,54.76489,225
E01020735,County Durham 035C,-1.34755,54.76858,175
E01020737,County Durham 039B,-1.29555,54.75097,400
E01020739,County Durham 039D,-1.29094,54.74756,250
E01020740,County Durham 017A,-1.34165,54.83326,225
E01020741,County Durham 017B,-1.3316,54.83262,150
E01020742,County Durham 017C,-1.33002,54.82491,1500
E01020743,County Durham 018A,-1.34549,54.82468,45
E01020744,County Durham 039E,-1.31541,54.75536,225
E01020745,County Durham 032A,-1.32605,54.75853,225
E01020746,County Durham 037A,-1.33085,54.75375,1500
E01020747,County Durham 018B,-1.3581,54.83542,175
E01020748,County Durham 018C,-1.36405,54.83514,50
E01020749,County Durham 018D,-1.35024,54.83547,225
E01020750,County Durham 016A,-1.36738,54.83076,25
E01020751,County Durham 025A,-1.33403,54.79301,250
E01020752,County Durham 025B,-1.33965,54.79453,150
E01020753,County Durham 032B,-1.33396,54.78377,400
E01020754,County Durham 025C,-1.3533,54.80279,200
E01020756,County Durham 025D,-1.36817,54.78164,1000
E01020757,County Durham 032C,-1.33637,54.76402,75
E01020758,County Durham 032D,-1.32809,54.76588,600
E01020759,County Durham 032E,-1.33646,54.76993,350
E01020760,County Durham 034A,-1.39752,54.7605,200
E01020761,County Durham 034B,-1.37363,54.75353,8000
E01020762,County Durham 034C,-1.38727,54.75788,125
E01020763,County Durham 034D,-1.43014,54.78224,175
E01020764,County Durham 036A,-1.31908,54.76737,175
E01020765,County Durham 032F,-1.31984,54.77668,50
E01020766,County Durham 036B,-1.32071,54.7637,75
E01020767,County Durham 036C,-1.30761,54.7673,300
E01020768,County Durham 036D,-1.30156,54.76148,100
E01020769,County Durham 037B,-1.35712,54.75304,75
E01020770,County Durham 035D,-1.34803,54.75704,125
E01020771,County Durham 035E,-1.35335,54.76067,175
E01020772,County Durham 043A,-1.32431,54.72085,600
E01020773,County Durham 018E,-1.36133,54.82338,75
E01020775,County Durham 018F,-1.39483,54.82101,225
E01020776,County Durham 021C,-1.40478,54.81297,200
E01020777,County Durham 037C,-1.34298,54.75238,30
E01020778,County Durham 037D,-1.34205,54.74648,150
E01020779,County Durham 037E,-1.35783,54.74664,250
E01020780,County Durham 035F,-1.34339,54.7613,200
E01020784,County Durham 017F,-1.33611,54.83771,1500
E01020787,County Durham 016E,-1.37241,54.83463,125
E01020788,County Durham 040A,-1.41867,54.7459,300
E01020789,County Durham 040B,-1.44204,54.74416,125
E01020790,County Durham 040C,-1.41548,54.73453,175
E01020791,County Durham 040D,-1.43815,54.75294,100
E01020792,County Durham 040E,-1.41894,54.72629,125
E01020793,County Durham 043B,-1.38879,54.73321,100
E01020794,County Durham 043C,-1.38042,54.73919,250
E01020795,County Durham 043D,-1.37657,54.7078,400
E01020796,County Durham 054A,-1.49105,54.67755,125
E01020797,County Durham 050A,-1.50807,54.69843,250
E01020798,County Durham 050B,-1.54175,54.68825,100
E01020799,County Durham 050C,-1.54863,54.68754,300
E01020801,County Durham 059A,-1.6474,54.62945,300
E01020802,County Durham 059B,-1.66029,54.63023,800
E01020805,County Durham 053D,-1.55395,54.66012,225
E01020806,County Durham 049A,-1.56523,54.67995,500
E01020807,County Durham 049B,-1.56037,54.68645,200
E01020808,County Durham 050D,-1.54753,54.69722,600
E01020809,County Durham 048A,-1.41393,54.69113,100
E01020810,County Durham 048B,-1.44883,54.68834,200
E01020811,County Durham 048C,-1.43017,54.68163,75
E01020812,County Durham 048D,-1.42409,54.70217,175
E01020813,County Durham 060A,-1.59747,54.6269,100
E01020814,County Durham 060B,-1.58758,54.62619,300
E01020815,County Durham 060C,-1.6013,54.63579,200
E01020816,County Durham 061A,-1.59523,54.62035,125
E01020817,County Durham 047A,-1.60416,54.70987,45
E01020818,County Durham 047B,-1.59355,54.70644,150
E01020819,County Durham 047C,-1.6019,54.70332,50
E01020820,County Durham 049C,-1.58212,54.69891,2250
E01020821,County Durham 052A,-1.64171,54.69495,225
E01020822,County Durham 052B,-1.60069,54.67298,600
E01020823,County Durham 052C,-1.61582,54.6897,75
E01020824,County Durham 063A,-1.57621,54.61429,225
E01020825,County Durham 062A,-1.5601,54.61358,200
E01020826,County Durham 063B,-1.56942,54.59744,10000
E01020827,County Durham 048E,-1.42202,54.71053,300
E01020828,County Durham 054B,-1.46483,54.64172,1500
E01020829,County Durham 054C,-1.45408,54.65795,1250
E01020830,County Durham 054D,-1.44498,54.6546,800
E01020831,County Durham 062B,-1.56665,54.62314,350
E01020832,County Durham 063C,-1.57306,54.621,900
E01020833,County Durham 062C,-1.54168,54.62215,600
E01020834,County Durham 062D,-1.56138,54.61862,15
E01020835,County Durham 052D,-1.60429,54.69216,250
E01020837,County Durham 047D,-1.60915,54.7053,25
E01020838,County Durham 059C,-1.62696,54.64258,350
E01020839,County Durham 059D,-1.63348,54.63521,250
E01020840,County Durham 059E,-1.63016,54.62589,1000
E01020841,County Durham 059F,-1.63685,54.63128,75
E01020843,County Durham 047E,-1.60314,54.71895,1500
E01020844,County Durham 061B,-1.58808,54.61907,30
E01020845,County Durham 063D,-1.58086,54.61932,150
E01020846,County Durham 063E,-1.59552,54.61103,125
E01020847,County Durham 061C,-1.58113,54.62492,20
E01020848,County Durham 060D,-1.56922,54.6298,50
E01020849,County Durham 061D,-1.57568,54.62928,350
E01020850,County Durham 060E,-1.57823,54.63759,250
E01020851,County Durham 060F,-1.56574,54.63788,75
E01020852,County Durham 067E,-1.91657,54.54237,1000
E01020853,County Durham 067D,-1.89715,54.54507,2250
E01020854,County Durham 067F,-1.93131,54.53811,1250
E01020855,County Durham 067C,-1.92422,54.55005,225
E01020856,County Durham 064A,-1.81645,54.61369,125
E01020857,County Durham 067B,-2.0367,54.55462,250
E01020858,County Durham 064B,-1.75483,54.66085,100
E01020859,County Durham 064C,-1.72114,54.61471,500
E01020860,County Durham 064D,-1.75993,54.62235,250
E01020861,County Durham 064E,-1.77607,54.63253,600
E01020862,County Durham 064F,-1.75134,54.56697,600
E01020863,County Durham 067G,-2.0104,54.5019,350
E01020864,County Durham 064G,-1.87601,54.66137,300
E01020867,County Durham 064H,-1.86194,54.57307,800
E01020868,County Durham 055A,-1.66834,54.66356,2500
E01020869,County Durham 055B,-1.69324,54.66709,125
E01020870,County Durham 056A,-1.69157,54.65454,500
E01020871,County Durham 056B,-1.68229,54.65247,125
E01020872,County Durham 056C,-1.68654,54.65826,1500
E01020873,County Durham 051A,-1.62352,54.66443,125
E01020874,County Durham 055C,-1.61555,54.66039,300
E01020875,County Durham 051B,-1.6624,54.68235,250
E01020876,County Durham 045A,-1.76901,54.728,75
E01020877,County Durham 046A,-1.74568,54.70951,2000
E01020878,County Durham 045B,-1.75668,54.71427,50
E01020879,County Durham 046B,-1.76359,54.71182,350
E01020880,County Durham 055D,-1.63999,54.65153,100
E01020881,County Durham 055E,-1.66368,54.64791,1750
E01020882,County Durham 057A,-1.71948,54.65932,175
E01020883,County Durham 056D,-1.70251,54.65439,100
E01020884,County Durham 058A,-1.67623,54.6464,400
E01020885,County Durham 058B,-1.67245,54.65205,250
E01020886,County Durham 056E,-1.67295,54.65509,125
E01020887,County Durham 045C,-1.7563,54.70383,350
E01020888,County Durham 057B,-1.71378,54.68653,250
E01020889,County Durham 042A,-2.22569,54.74594,300
E01020890,County Durham 042B,-1.9789,54.70382,600
E01020891,County Durham 042C,-2.08398,54.76636,300
E01020892,County Durham 045D,-1.81847,54.74997,250
E01020893,County Durham 046C,-1.76059,54.73861,175
E01020894,County Durham 045E,-1.81497,54.73923,225
E01020895,County Durham 057C,-1.71733,54.63025,600
E01020896,County Durham 057D,-1.72782,54.6292,150
E01020898,County Durham 045F,-1.73851,54.70981,15
E01020899,County Durham 046D,-1.7248,54.71279,175
E01020900,County Durham 051C,-1.67824,54.70983,200
E01020901,County Durham 051D,-1.6904,54.70827,600
E01020902,County Durham 051E,-1.69926,54.70339,50
E01020903,County Durham 046E,-1.67625,54.72259,300
E01020904,County Durham 046F,-1.71422,54.72495,225
E01020905,County Durham 042D,-1.8824,54.73441,250
E01020906,County Durham 042E,-1.85666,54.73643,500
E01020907,County Durham 058C,-1.68609,54.64132,900
E01020908,County Durham 058D,-1.69341,54.64865,350
E01020909,County Durham 058E,-1.69087,54.64479,350
E01024855,Burnley 007A,-2.23025,53.78785,700
E01024856,Burnley 003A,-2.23163,53.80208,200
E01024857,Burnley 007B,-2.2315,53.79581,600
E01024858,Burnley 007C,-2.23642,53.78923,800
E01024859,Burnley 001A,-2.20363,53.8111,125
E01024860,Burnley 009A,-2.15989,53.8088,1250
E01024861,Burnley 001B,-2.21451,53.81179,125
E01024862,Burnley 001C,-2.20929,53.81,150
E01024863,Burnley 008A,-2.21388,53.79042,50
E01024864,Burnley 007D,-2.22371,53.78672,250
E01024865,Burnley 008B,-2.22278,53.79079,100
E01024866,Burnley 008C,-2.21553,53.78235,350
E01024867,Burnley 008D,-2.2035,53.7915,75
E01024868,Burnley 009B,-2.16038,53.77904,200
E01024869,Burnley 009C,-2.20022,53.77992,100
E01024870,Burnley 009D,-2.18883,53.74822,175
E01024871,Burnley 014D,-2.25559,53.77798,250
E01024872,Burnley 010A,-2.26565,53.77754,125
E01024873,Burnley 014E,-2.26225,53.77509,20
E01024874,Burnley 011A,-2.26042,53.76048,3000
E01024875,Burnley 003B,-2.24091,53.80241,250
E01024876,Burnley 003C,-2.23924,53.79917,500
E01024877,Burnley 003D,-2.24445,53.79176,7000
E01024878,Burnley 003E,-2.25307,53.80286,1250
E01024879,Burnley 005A,-2.29075,53.795,200
E01024880,Burnley 005B,-2.27797,53.7953,350
E01024881,Burnley 006A,-2.26928,53.79506,175
E01024882,Burnley 006B,-2.27169,53.79193,150
E01024883,Burnley 004A,-2.31084,53.80785,75
E01024884,Burnley 004B,-2.30433,53.79894,300
E01024885,Burnley 004C,-2.31358,53.79891,900
E01024886,Burnley 004D,-2.30709,53.79728,75
E01024887,Burnley 011B,-2.31992,53.7882,150
E01024888,Burnley 011C,-2.3,53.7696,2250
E01024889,Burnley 004E,-2.32894,53.80071,2000
E01024890,Burnley 004F,-2.31571,53.7955,125
E01024891,Burnley 001D,-2.22998,53.81337,175
E01024892,Burnley 001E,-2.22102,53.80562,2500
E01024893,Burnley 002A,-2.22641,53.80172,450
E01024894,Burnley 001F,-2.21988,53.81358,30
E01024895,Burnley 003F,-2.23253,53.80496,600
E01024896,Burnley 002B,-2.24408,53.80968,75
E01024897,Burnley 002C,-2.2343,53.81052,3500
E01024898,Burnley 002D,-2.2304,53.80717,500
E01024899,Burnley 010B,-2.28153,53.78311,450
E01024900,Burnley 010C,-2.27179,53.78168,700
E01024901,Burnley 011D,-2.28985,53.78943,600
E01024902,Burnley 006C,-2.28137,53.79042,900
E01024903,Burnley 014F,-2.24785,53.777,25
E01024904,Burnley 014A,-2.23105,53.77757,225
E01024905,Burnley 014G,-2.25208,53.77953,175
E01024906,Burnley 014B,-2.23889,53.78343,900
E01024907,Burnley 010D,-2.26016,53.78961,225
E01024908,Burnley 010E,-2.26314,53.7866,150
E01024909,Burnley 010F,-2.2522,53.78932,1000
E01024910,Burnley 014C,-2.24672,53.78154,75
E01024911,Burnley 006D,-2.26021,53.79499,125
E01024912,Burnley 005C,-2.29179,53.80303,350
E01024913,Burnley 005D,-2.25993,53.80005,125
E01024914,Burnley 005E,-2.27293,53.80624,50
E01024915,Chorley 014A,-2.59381,53.61576,300
E01024916,Chorley 014B,-2.61831,53.60708,175
E01024917,Chorley 014C,-2.60618,53.61099,1250
E01024918,Chorley 014D,-2.58055,53.61327,300
E01024920,Chorley 008B,-2.64197,53.66194,450
E01024921,Chorley 002A,-2.5852,53.71926,900
E01024922,Chorley 013A,-2.67244,53.61361,300
E01024923,Chorley 011A,-2.68604,53.63746,450
E01024924,Chorley 011B,-2.68214,53.62527,500
E01024925,Chorley 009A,-2.62296,53.6522,700
E01024926,Chorley 009B,-2.60691,53.65264,700
E01024927,Chorley 009C,-2.61796,53.64867,400
E01024928,Chorley 009D,-2.61635,53.65647,125
E01024930,Chorley 006B,-2.61478,53.66095,200
E01024931,Chorley 006C,-2.62525,53.6578,450
E01024933,Chorley 006E,-2.62772,53.66526,1500
E01024934,Chorley 008C,-2.64451,53.65684,500
E01024935,Chorley 008D,-2.65296,53.65238,3000
E01024936,Chorley 010A,-2.63501,53.65075,2000
E01024937,Chorley 006F,-2.63693,53.65889,3000
E01024938,Chorley 010B,-2.63043,53.64095,125
E01024939,Chorley 010C,-2.62382,53.63284,1000
E01024940,Chorley 010D,-2.62772,53.65172,3500
E01024941,Chorley 010E,-2.63124,53.64452,400
E01024942,Chorley 012A,-2.63834,53.64069,100
E01024943,Chorley 012B,-2.64966,53.63708,300
E01024944,Chorley 012C,-2.63689,53.63456,200
E01024946,Chorley 003A,-2.64698,53.69822,175
E01024947,Chorley 003B,-2.63437,53.70106,125
E01024948,Chorley 004A,-2.63653,53.69421,150
E01024950,Chorley 004C,-2.63923,53.68236,350
E01024951,Chorley 001A,-2.64251,53.71532,25
E01024952,Chorley 001B,-2.6467,53.71285,300
E01024953,Chorley 001C,-2.63502,53.71276,150
E01024954,Chorley 001D,-2.63472,53.70964,125
E01024955,Chorley 003C,-2.64847,53.70481,900
E01024956,Chorley 003D,-2.65596,53.6943,75
E01024957,Chorley 003E,-2.66706,53.70568,400
E01024958,Chorley 003F,-2.67163,53.69421,75
E01024959,Chorley 013B,-2.65615,53.61947,500
E01024960,Chorley 013C,-2.65911,53.62527,225
E01024961,Chorley 013D,-2.6487,53.61515,450
E01024962,Chorley 013E,-2.65159,53.62671,125
E01024963,Chorley 011C,-2.73315,53.64957,200
E01024964,Chorley 007A,-2.77708,53.62859,700
E01024965,Chorley 011D,-2.74481,53.63879,300
E01024966,Chorley 011E,-2.71279,53.64684,350
E01024967,Chorley 005A,-2.69431,53.67258,250
E01024968,Chorley 005B,-2.67189,53.67021,1750
E01024969,Chorley 005C,-2.68288,53.66774,150
E01024970,Chorley 005D,-2.66566,53.65718,150
E01024971,Chorley 005E,-2.69557,53.66054,350
E01024972,Chorley 005F,-2.66066,53.66346,225
E01024973,Chorley 014E,-2.56557,53.62837,1250
E01024974,Chorley 007B,-2.79602,53.67725,1000
E01024975,Chorley 007C,-2.74618,53.67725,2000
E01024976,Chorley 007D,-2.77869,53.66511,250
E01024977,Chorley 004D,-2.57871,53.65994,800
E01024978,Chorley 002B,-2.5397,53.67612,350
E01024979,Chorley 002C,-2.59051,53.68635,350
E01024980,Chorley 002D,-2.55705,53.68714,300
E01024981,Fylde 008A,-2.98245,53.74223,125
E01024982,Fylde 008B,-2.99204,53.74005,400
E01024983,Fylde 008C,-2.99333,53.74462,400
E01024984,Fylde 006A,-3.04053,53.75848,250
E01024985,Fylde 006B,-3.0285,53.75789,125
E01024986,Fylde 006C,-3.03273,53.75336,1250
E01024987,Fylde 006D,-3.02605,53.7525,1750
E01024988,Fylde 006E,-3.02823,53.74754,1500
E01024989,Fylde 006F,-3.02032,53.75713,250
E01024990,Fylde 009A,-2.95827,53.7399,2000
E01024991,Fylde 009B,-2.97125,53.73628,1000
E01024992,Fylde 009C,-2.9693,53.74614,150
E01024993,Fylde 001A,-2.89549,53.84801,225
E01024994,Fylde 008D,-3.01363,53.74384,300
E01024995,Fylde 008E,-3.0025,53.74066,500
E01024996,Fylde 006G,-3.02098,53.74662,250
E01024997,Fylde 007A,-2.86168,53.74281,400
E01024998,Fylde 003A,-2.84828,53.75932,250
E01024999,Fylde 007B,-2.87028,53.7452,175
E01025000,Fylde 007C,-2.8757,53.75661,100
E01025001,Fylde 005A,-3.00221,53.76726,400
E01025002,Fylde 005B,-3.01394,53.75453,75
E01025003,Fylde 008F,-3.0129,53.74863,225
E01025004,Fylde 004A,-3.02328,53.76381,75
E01025005,Fylde 005C,-3.0154,53.76185,125
E01025006,Fylde 004B,-3.01737,53.76998,300
E01025007,Fylde 002A,-2.89815,53.78563,1750
E01025008,Fylde 002B,-2.86392,53.78278,75
E01025009,Fylde 002C,-2.87827,53.78429,1000
E01025010,Fylde 003B,-2.87611,53.77604,900
E01025011,Fylde 002D,-2.87237,53.78032,500
E01025012,Fylde 002E,-2.88793,53.81624,500
E01025013,Fylde 002F,-2.88082,53.78966,800
E01025014,Fylde 003C,-2.83168,53.79852,1750
E01025015,Fylde 003D,-2.8428,53.77206,125
E01025016,Fylde 005D,-2.98498,53.75893,300
E01025017,Fylde 008G,-3.00046,53.74987,125
E01025018,Fylde 005E,-2.99571,53.75486,175
E01025019,Fylde 002G,-2.91127,53.77339,1000
E01025020,Fylde 009D,-2.94454,53.75029,800
E01025021,Fylde 009E,-2.95396,53.74541,400
E01025022,Fylde 009F,-2.94598,53.7393,5000
E01025023,Fylde 004C,-3.03109,53.7662,50
E01025024,Fylde 004D,-3.0424,53.7703,1500
E01025025,Fylde 004E,-3.03369,53.76047,100
E01025026,Fylde 001B,-2.92949,53.83101,1250
E01025027,Fylde 001C,-2.95379,53.81193,700
E01025028,Fylde 001D,-2.98734,53.81747,100
E01025029,Fylde 007D,-2.90899,53.75118,900
E01025030,Fylde 007E,-2.88592,53.74472,6000
E01025031,Fylde 001E,-2.95608,53.7735,4500
E01025032,Hyndburn 002A,-2.37419,53.78599,175
E01025033,Hyndburn 002B,-2.35875,53.78019,4000
E01025034,Hyndburn 002C,-2.37772,53.76599,600
E01025035,Hyndburn 008A,-2.33506,53.7507,150
E01025036,Hyndburn 008B,-2.36473,53.75147,3000
E01025037,Hyndburn 008C,-2.35889,53.74477,300
E01025038,Hyndburn 008D,-2.34542,53.73795,100
E01025039,Hyndburn 008E,-2.34185,53.73377,150
E01025040,Hyndburn 008F,-2.35433,53.73828,150
E01025041,Hyndburn 006A,-2.37146,53.75349,3500
E01025042,Hyndburn 006B,-2.37514,53.74878,300
E01025044,Hyndburn 005A,-2.38577,53.76089,200
E01025045,Hyndburn 005B,-2.38039,53.75828,175
E01025046,Hyndburn 005C,-2.39391,53.75904,700
E01025048,Hyndburn 002D,-2.38772,53.78104,150
E01025049,Hyndburn 002E,-2.38951,53.77829,175
E01025050,Hyndburn 002F,-2.39182,53.77335,2000
E01025051,Hyndburn 004A,-2.33936,53.76482,25
E01025052,Hyndburn 004B,-2.3425,53.75901,150
E01025053,Hyndburn 002G,-2.33956,53.77453,300
E01025054,Hyndburn 009A,-2.38586,53.72405,250
E01025055,Hyndburn 007A,-2.40065,53.73975,100
E01025056,Hyndburn 009B,-2.38678,53.74029,225
E01025057,Hyndburn 004C,-2.36386,53.7599,350
E01025058,Hyndburn 004D,-2.37246,53.76337,600
E01025059,Hyndburn 004E,-2.36011,53.76506,1000
E01025060,Hyndburn 001A,-2.40794,53.78177,75
E01025061,Hyndburn 001B,-2.38561,53.79451,700
E01025062,Hyndburn 001C,-2.40174,53.78155,700
E01025063,Hyndburn 001D,-2.41684,53.78413,125
E01025064,Hyndburn 001E,-2.42063,53.79608,150
E01025065,Hyndburn 001F,-2.40918,53.78651,450
E01025066,Hyndburn 001G,-2.3941,53.79465,450
E01025067,Hyndburn 004F,-2.35918,53.75693,200
E01025068,Hyndburn 004G,-2.35846,53.75408,600
E01025069,Hyndburn 004H,-2.35517,53.75439,30
E01025070,Hyndburn 003A,-2.41785,53.77294,150
E01025071,Hyndburn 003B,-2.40919,53.76577,450
E01025072,Hyndburn 003C,-2.40568,53.77534,250
E01025073,Hyndburn 003D,-2.42086,53.76482,150
E01025074,Hyndburn 003E,-2.43085,53.76517,3000
E01025075,Hyndburn 007B,-2.39405,53.74928,300
E01025076,Hyndburn 007C,-2.38787,53.74462,700
E01025077,Hyndburn 007D,-2.40035,53.74626,250
E01025078,Hyndburn 007E,-2.40985,53.74769,200
E01025079,Hyndburn 009C,-2.43542,53.74687,75
E01025080,Hyndburn 009D,-2.42217,53.72696,350
E01025081,Hyndburn 005D,-2.41655,53.74776,300
E01025082,Hyndburn 006E,-2.37919,53.74397,175
E01025083,Hyndburn 006F,-2.38354,53.74735,700
E01025084,Hyndburn 006G,-2.36951,53.74536,350
E01025085,Lancaster 004A,-2.84508,54.07464,75
E01025086,Lancaster 004B,-2.83128,54.08018,75
E01025087,Lancaster 004C,-2.83937,54.0778,600
E01025088,Lancaster 001A,-2.78683,54.12369,225
E01025089,Lancaster 003A,-2.78712,54.10112,350
E01025090,Lancaster 003B,-2.7961,54.11122,175
E01025091,Lancaster 013A,-2.78685,54.05466,225
E01025092,Lancaster 013B,-2.78768,54.05867,900
E01025093,Lancaster 014A,-2.79435,54.05266,1500
E01025094,Lancaster 014B,-2.79275,54.04917,300
E01025095,Lancaster 013C,-2.7784,54.0573,1500
E01025096,Lancaster 001B,-2.7709,54.11944,500
E01025097,Lancaster 001C,-2.76405,54.12111,175
E01025098,Lancaster 001D,-2.76545,54.1333,1500
E01025099,Lancaster 014C,-2.80792,54.05242,900
E01025100,Lancaster 017A,-2.82568,54.04682,700
E01025101,Lancaster 017B,-2.81245,54.04946,75
E01025102,Lancaster 017C,-2.81001,54.04197,125
E01025103,Lancaster 017D,-2.8236,54.03717,100
E01025105,Lancaster 019A,-2.6914,53.98508,6000
E01025106,Lancaster 019B,-2.79016,53.99274,400
E01025107,Lancaster 019C,-2.8413,53.97852,700
E01025108,Lancaster 005A,-2.76985,54.07915,200
E01025109,Lancaster 005B,-2.72506,54.09394,175
E01025110,Lancaster 009A,-2.87951,54.0659,450
E01025111,Lancaster 008A,-2.86461,54.06706,100
E01025112,Lancaster 006A,-2.8715,54.06792,200
E01025113,Lancaster 008B,-2.8708,54.06359,100
E01025114,Lancaster 016A,-2.89261,54.05249,175
E01025115,Lancaster 016B,-2.88515,54.05156,200
E01025116,Lancaster 009B,-2.89065,54.05875,150
E01025117,Lancaster 009C,-2.88313,54.06361,175
E01025118,Lancaster 008C,-2.8787,54.06125,250
E01025119,Lancaster 008D,-2.88157,54.05704,125
E01025120,Lancaster 009D,-2.8864,54.06504,50
E01025121,Lancaster 016C,-2.88131,54.04283,125
E01025122,Lancaster 016D,-2.90199,54.04191,900
E01025123,Lancaster 016E,-2.88666,54.03619,250
E01025124,Lancaster 016F,-2.89645,54.03916,175
E01025126,Lancaster 013D,-2.77842,54.04387,350
E01025127,Lancaster 018A,-2.78193,54.03477,225
E01025128,Lancaster 015B,-2.79082,54.04549,100
E01025130,Lancaster 002A,-2.69897,54.1407,1000
E01025131,Lancaster 005C,-2.73339,54.04185,2250
E01025132,Lancaster 002B,-2.59149,54.0698,500
E01025133,Lancaster 005D,-2.71235,54.0792,175
E01025136,Lancaster 006B,-2.85887,54.0697,450
E01025137,Lancaster 020A,-2.84707,54.06967,250
E01025138,Lancaster 006C,-2.85401,54.06869,225
E01025139,Lancaster 006D,-2.86222,54.07483,2000
E01025140,Lancaster 006E,-2.85581,54.07491,500
E01025141,Lancaster 018B,-2.78839,54.03164,200
E01025142,Lancaster 019D,-2.78503,54.02448,225
E01025143,Lancaster 018C,-2.79086,54.02665,100
E01025144,Lancaster 017E,-2.80162,54.03375,400
E01025145,Lancaster 018D,-2.79136,54.03721,150
E01025146,Lancaster 017F,-2.81117,54.02864,350
E01025147,Lancaster 015D,-2.79526,54.03901,300
E01025148,Lancaster 001E,-2.78601,54.17571,800
E01025149,Lancaster 011A,-2.80193,54.06321,175
E01025150,Lancaster 011B,-2.80479,54.06014,150
E01025151,Lancaster 011C,-2.8017,54.05532,500
E01025152,Lancaster 011D,-2.79731,54.06603,50
E01025153,Lancaster 020F,-2.81592,54.06473,75
E01025154,Lancaster 011E,-2.80973,54.06426,20
E01025155,Lancaster 020G,-2.82095,54.06316,100
E01025156,Lancaster 020H,-2.81255,54.05838,100
E01025157,Lancaster 020I,-2.82012,54.0546,225
E01025158,Lancaster 003C,-2.80915,54.08863,300
E01025159,Lancaster 003D,-2.79571,54.07915,450
E01025160,Lancaster 003E,-2.80352,54.09729,125
E01025161,Lancaster 004D,-2.83088,54.07363,75
E01025162,Lancaster 020B,-2.84032,54.0706,100
E01025163,Lancaster 020C,-2.82807,54.06995,100
E01025164,Lancaster 020D,-2.83399,54.06499,450
E01025165,Lancaster 020E,-2.83158,54.06126,600
E01025166,Lancaster 002C,-2.64178,54.10604,400
E01025167,Lancaster 002D,-2.58336,54.18126,300
E01025168,Lancaster 001F,-2.76907,54.13862,200
E01025169,Lancaster 001G,-2.79854,54.14428,500
E01025170,Lancaster 010A,-2.85826,54.06366,75
E01025171,Lancaster 010B,-2.87067,54.05666,600
E01025172,Lancaster 010C,-2.85332,54.05842,4500
E01025173,Lancaster 010D,-2.84423,54.06306,1000
E01025174,Pendle 008A,-2.23501,53.84612,450
E01025175,Pendle 008B,-2.2255,53.85559,200
E01025176,Pendle 008C,-2.20987,53.85073,700
E01025177,Pendle 008D,-2.22356,53.87457,250
E01025178,Pendle 006A,-2.1086,53.86537,300
E01025179,Pendle 006B,-2.13634,53.85373,150
E01025180,Pendle 006C,-2.09842,53.83221,300
E01025181,Pendle 009A,-2.20703,53.8467,30
E01025182,Pendle 009B,-2.21664,53.84272,1750
E01025183,Pendle 009C,-2.20235,53.84393,700
E01025184,Pendle 009D,-2.21005,53.84055,500
E01025185,Pendle 013A,-2.23338,53.82768,4000
E01025186,Pendle 013B,-2.23936,53.82355,225
E01025187,Pendle 012A,-2.21849,53.82468,50
E01025188,Pendle 010A,-2.21076,53.83376,500
E01025189,Pendle 010B,-2.2032,53.83133,350
E01025190,Pendle 012B,-2.20249,53.82415,400
E01025191,Pendle 001A,-2.19434,53.92381,100
E01025192,Pendle 001B,-2.18288,53.92179,1500
E01025193,Pendle 001C,-2.17492,53.92804,100
E01025194,Pendle 001D,-2.19254,53.91967,40
E01025195,Pendle 002A,-2.18823,53.90767,50
E01025196,Pendle 002B,-2.18796,53.91603,1250
E01025197,Pendle 002C,-2.21255,53.91697,225
E01025198,Pendle 002D,-2.18008,53.91477,250
E01025199,Pendle 003A,-2.16511,53.90817,1000
E01025200,Pendle 003B,-2.12456,53.91086,300
E01025201,Pendle 003C,-2.14129,53.91268,75
E01025202,Pendle 003D,-2.12916,53.89895,300
E01025203,Pendle 006D,-2.17065,53.87854,450
E01025204,Pendle 008E,-2.28266,53.84649,400
E01025205,Pendle 014E,-2.16542,53.8636,100
E01025206,Pendle 014A,-2.15049,53.86583,225
E01025207,Pendle 014G,-2.16668,53.85934,700
E01025208,Pendle 014F,-2.15499,53.85982,225
E01025209,Pendle 012C,-2.17047,53.83483,150
E01025210,Pendle 010C,-2.1945,53.84222,1250
E01025211,Pendle 008F,-2.25551,53.83603,900
E01025212,Pendle 013C,-2.22793,53.81911,200
E01025213,Pendle 013D,-2.25442,53.8194,350
E01025214,Pendle 013E,-2.21144,53.81756,125
E01025215,Pendle 013F,-2.22974,53.82234,175
E01025216,Pendle 012D,-2.18315,53.82929,350
E01025217,Pendle 010D,-2.20056,53.83635,50
E01025218,Pendle 010E,-2.2064,53.83681,200
E01025219,Pendle 010F,-2.20355,53.8384,100
E01025220,Pendle 014C,-2.16994,53.86241,125
E01025221,Pendle 014B,-2.177,53.86622,100
E01025222,Pendle 014D,-2.19066,53.86334,100
E01025223,Pendle 014H,-2.17738,53.85671,1750
E01025224,Pendle 011A,-2.21556,53.83317,450
E01025225,Pendle 011B,-2.2208,53.82937,300
E01025226,Pendle 007A,-2.18396,53.85258,1250
E01025227,Pendle 007B,-2.16874,53.85365,800
E01025228,Pendle 007C,-2.1862,53.84855,2000
E01025229,Pendle 011C,-2.22627,53.83373,700
E01025230,Pendle 011D,-2.21698,53.83712,1250
E01025231,Preston 013A,-2.7407,53.76613,350
E01025232,Preston 013B,-2.72678,53.76664,500
E01025233,Preston 008A,-2.73728,53.77012,500
E01025234,Preston 007A,-2.64961,53.78631,2500
E01025235,Preston 007B,-2.67185,53.77722,100
E01025236,Preston 009A,-2.66396,53.77641,125
E01025237,Preston 007C,-2.67183,53.78281,150
E01025238,Preston 007D,-2.66227,53.78153,20
E01025239,Preston 006A,-2.72255,53.78017,300
E01025240,Preston 008B,-2.73133,53.77768,350
E01025241,Preston 006B,-2.71608,53.78034,300
E01025242,Preston 006C,-2.70541,53.78378,1250
E01025243,Preston 006D,-2.69883,53.78143,1750
E01025244,Preston 015A,-2.6902,53.76784,300
E01025245,Preston 007E,-2.68193,53.77355,1750
E01025246,Preston 011A,-2.6873,53.77107,1000
E01025247,Preston 016A,-2.67941,53.75785,900
E01025248,Preston 016B,-2.6656,53.76267,150
E01025249,Preston 016C,-2.65272,53.7618,75
E01025250,Preston 016D,-2.66946,53.75553,150
E01025251,Preston 006E,-2.69118,53.78243,300
E01025252,Preston 007F,-2.68057,53.77958,200
E01025253,Preston 004A,-2.67679,53.7944,1000
E01025254,Preston 004B,-2.68079,53.78652,400
E01025255,Preston 004C,-2.65899,53.78845,1750
E01025256,Preston 003A,-2.71526,53.78858,300
E01025257,Preston 002A,-2.73433,53.7908,150
E01025258,Preston 003B,-2.72142,53.78849,250
E01025259,Preston 003C,-2.72192,53.79619,500
E01025260,Preston 005A,-2.7436,53.77802,200
E01025261,Preston 008C,-2.73659,53.7798,75
E01025262,Preston 005B,-2.74707,53.78323,150
E01025263,Preston 005C,-2.74537,53.78847,50
E01025264,Preston 005D,-2.74023,53.7859,100
E01025265,Preston 013C,-2.75621,53.77257,75
E01025266,Preston 008D,-2.74295,53.77177,125
E01025267,Preston 013D,-2.75018,53.7695,225
E01025268,Preston 013E,-2.75807,53.76719,100
E01025269,Preston 013F,-2.74775,53.76509,150
E01025270,Preston 010A,-2.77973,53.76286,250
E01025271,Preston 013G,-2.76211,53.76638,35
E01025272,Preston 010B,-2.77215,53.77846,300
E01025273,Preston 010C,-2.7558,53.78404,75
E01025274,Preston 011B,-2.70899,53.77155,400
E01025275,Preston 011C,-2.69819,53.77253,800
E01025276,Preston 012A,-2.71115,53.77509,600
E01025277,Preston 002B,-2.70616,53.80794,1250
E01025278,Preston 001A,-2.63687,53.79794,1500
E01025279,Preston 001B,-2.66013,53.86096,1000
E01025281,Preston 002D,-2.73695,53.80934,1000
E01025282,Preston 001C,-2.65912,53.82169,900
E01025283,Preston 009B,-2.65006,53.77247,75
E01025284,Preston 009C,-2.65747,53.77099,100
E01025285,Preston 009D,-2.67037,53.77204,600
E01025286,Preston 009E,-2.64489,53.77635,3500
E01025287,Preston 009F,-2.65435,53.77956,350
E01025288,Preston 010D,-2.74227,53.76065,8000
E01025289,Preston 017A,-2.71711,53.75632,1250
E01025290,Preston 017B,-2.71063,53.75506,11000
E01025291,Preston 017C,-2.7111,53.75067,50
E01025292,Preston 015B,-2.70387,53.76639,1250
E01025293,Preston 015C,-2.69578,53.76537,1500
E01025294,Preston 011D,-2.69499,53.76995,400
E01025295,Preston 014A,-2.68884,53.76455,2000
E01025296,Preston 014B,-2.67076,53.7677,225
E01025297,Preston 014C,-2.6791,53.76478,800
E01025298,Preston 014D,-2.6782,53.76834,350
E01025299,Preston 003D,-2.70876,53.79377,200
E01025300,Preston 004D,-2.69741,53.78918,10000
E01025301,Preston 003E,-2.70164,53.79748,75
E01025302,Preston 003F,-2.70367,53.79543,125
E01025303,Preston 004E,-2.69289,53.79504,4000
E01025304,Preston 016E,-2.68828,53.75263,225
E01025305,Preston 016F,-2.68513,53.75785,200
E01025306,Preston 017D,-2.70179,53.75523,5000
E01025308,Preston 012B,-2.71718,53.77496,75
E01025309,Preston 008E,-2.72504,53.77389,175
E01025310,Preston 012C,-2.71789,53.76978,350
E01025311,Preston 012D,-2.72776,53.77056,1250
E01025312,Preston 012E,-2.72164,53.76842,600
E01025313,Preston 012F,-2.71174,53.76788,800
E01025314,Preston 012G,-2.71483,53.76233,5000
E01025315,Ribble Valley 001A,-2.47754,53.86202,1000
E01025316,Ribble Valley 006A,-2.5996,53.80893,700
E01025317,Ribble Valley 006B,-2.57944,53.81914,900
E01025318,Ribble Valley 007A,-2.42017,53.81481,75
E01025319,Ribble Valley 007B,-2.43488,53.82056,600
E01025320,Ribble Valley 001B,-2.44889,53.96574,500
E01025321,Ribble Valley 005A,-2.30198,53.88694,450
E01025322,Ribble Valley 004A,-2.53245,53.96056,350
E01025323,Ribble Valley 008A,-2.52126,53.80141,600
E01025324,Ribble Valley 008B,-2.49268,53.78157,200
E01025325,Ribble Valley 006C,-2.60408,53.83104,900
E01025326,Ribble Valley 004B,-2.56133,53.85648,600
E01025327,Ribble Valley 004C,-2.56747,53.84005,125
E01025328,Ribble Valley 006D,-2.59681,53.82906,150
E01025329,Ribble Valley 003A,-2.4134,53.8669,225
E01025330,Ribble Valley 003B,-2.40498,53.87119,250
E01025331,Ribble Valley 001C,-2.26238,53.9657,1250
E01025333,Ribble Valley 007C,-2.45035,53.81209,900
E01025334,Ribble Valley 002A,-2.38502,53.86311,450
E01025335,Ribble Valley 003C,-2.3878,53.8691,900
E01025336,Ribble Valley 008D,-2.57247,53.78492,6000
E01025337,Ribble Valley 008E,-2.51848,53.77226,450
E01025338,Ribble Valley 003D,-2.39613,53.86733,900
E01025339,Ribble Valley 003E,-2.40357,53.86394,200
E01025340,Ribble Valley 005B,-2.33628,53.81017,2000
E01025341,Ribble Valley 005C,-2.35967,53.80778,100
E01025342,Ribble Valley 004D,-2.54553,53.82778,500
E01025343,Ribble Valley 005D,-2.33652,53.83715,225
E01025344,Ribble Valley 002B,-2.39844,53.87455,900
E01025345,Ribble Valley 002C,-2.3853,53.88686,800
E01025346,Ribble Valley 002D,-2.37774,53.87147,2000
E01025347,Ribble Valley 002E,-2.37885,53.87971,1000
E01025348,Ribble Valley 001D,-2.40847,53.90349,300
E01025349,Ribble Valley 001E,-2.38774,53.93302,300
E01025350,Ribble Valley 007D,-2.3905,53.82112,1250
E01025351,Ribble Valley 007E,-2.43195,53.84711,1000
E01025352,Ribble Valley 008F,-2.47106,53.79611,200
E01025354,Ribble Valley 005E,-2.36692,53.85714,800
E01025355,Rossendale 001A,-2.28794,53.71341,300
E01025356,Rossendale 004A,-2.28963,53.70822,500
E01025357,Rossendale 008A,-2.31412,53.66235,600
E01025358,Rossendale 008B,-2.27988,53.6513,450
E01025359,Rossendale 009A,-2.18144,53.67697,225
E01025360,Rossendale 009B,-2.17057,53.6705,600
E01025361,Rossendale 001B,-2.30069,53.72861,800
E01025362,Rossendale 001C,-2.28455,53.73619,150
E01025363,Rossendale 002A,-2.3273,53.69858,500
E01025364,Rossendale 002B,-2.3181,53.69836,150
E01025365,Rossendale 008C,-2.31489,53.68862,1500
E01025366,Rossendale 002C,-2.31331,53.70022,150
E01025367,Rossendale 003A,-2.1971,53.71832,225
E01025368,Rossendale 003B,-2.20319,53.70866,125
E01025369,Rossendale 003C,-2.20185,53.70243,600
E01025370,Rossendale 010F,-2.20641,53.69479,700
E01025371,Rossendale 010A,-2.25872,53.69505,600
E01025373,Rossendale 004C,-2.27458,53.70639,1000
E01025374,Rossendale 010B,-2.25582,53.70092,300
E01025375,Rossendale 009C,-2.17215,53.64945,250
E01025376,Rossendale 009D,-2.19287,53.66085,350
E01025377,Rossendale 007A,-2.33784,53.67104,300
E01025378,Rossendale 007B,-2.36931,53.68455,600
E01025379,Rossendale 007C,-2.32574,53.6917,100
E01025380,Rossendale 007D,-2.33224,53.68926,125
E01025381,Rossendale 003D,-2.17286,53.70278,350
E01025382,Rossendale 003E,-2.19501,53.69807,175
E01025383,Rossendale 003F,-2.18806,53.6912,300
E01025384,Rossendale 008D,-2.29408,53.68911,350
E01025385,Rossendale 004D,-2.28691,53.69483,50
E01025387,Rossendale 004F,-2.3068,53.70001,600
E01025388,Rossendale 010G,-2.23009,53.68144,350
E01025389,Rossendale 010H,-2.21111,53.68399,125
E01025390,Rossendale 010I,-2.2262,53.70119,75
E01025391,Rossendale 010C,-2.2405,53.69732,200
E01025392,Rossendale 010D,-2.25038,53.68298,400
E01025393,Rossendale 001D,-2.24291,53.72549,300
E01025394,Rossendale 010E,-2.24981,53.70701,350
E01025395,Rossendale 002D,-2.335,53.71819,1500
E01025396,Rossendale 002E,-2.32069,53.70993,250
E01025397,Rossendale 002F,-2.37888,53.70645,1500
E01025398,Rossendale 002G,-2.31722,53.70463,100
E01025399,South Ribble 008A,-2.6583,53.73153,450
E01025400,South Ribble 008B,-2.63604,53.72479,4000
E01025401,South Ribble 008C,-2.65429,53.71932,5000
E01025402,South Ribble 008D,-2.65575,53.73617,1250
E01025403,South Ribble 004A,-2.66493,53.73863,75
E01025404,South Ribble 007A,-2.67103,53.73501,100
E01025405,South Ribble 007B,-2.66733,53.72398,2250
E01025406,South Ribble 007C,-2.66994,53.73158,45
E01025407,South Ribble 007D,-2.66536,53.73034,500
E01025408,South Ribble 003A,-2.7224,53.74637,225
E01025409,South Ribble 003B,-2.72976,53.73881,175
E01025410,South Ribble 003C,-2.73802,53.73801,150
E01025411,South Ribble 005A,-2.70114,53.73382,300
E01025412,South Ribble 006A,-2.7093,53.73057,75
E01025413,South Ribble 002A,-2.62356,53.73307,100
E01025414,South Ribble 002B,-2.60898,53.7396,100
E01025415,South Ribble 015A,-2.71434,53.69781,150
E01025416,South Ribble 014A,-2.72145,53.70143,2250
E01025417,South Ribble 012A,-2.67672,53.71326,3000
E01025418,South Ribble 012B,-2.68393,53.70236,125
E01025419,South Ribble 012C,-2.71123,53.72344,500
E01025421,South Ribble 013A,-2.70436,53.69983,1250
E01025422,South Ribble 013B,-2.69641,53.69691,1250
E01025423,South Ribble 015B,-2.70668,53.69588,250
E01025424,South Ribble 001A,-2.75598,53.74777,350
E01025425,South Ribble 001B,-2.73508,53.7556,250
E01025426,South Ribble 001C,-2.72364,53.75335,450
E01025427,South Ribble 006B,-2.72241,53.73793,150
E01025428,South Ribble 006C,-2.71325,53.73604,175
E01025429,South Ribble 006D,-2.72059,53.73225,40
E01025431,South Ribble 013C,-2.6908,53.69816,1500
E01025433,South Ribble 013D,-2.6822,53.69741,200
E01025434,South Ribble 016C,-2.68733,53.68424,175
E01025435,South Ribble 015C,-2.69747,53.68683,1750
E01025436,South Ribble 011A,-2.80445,53.70282,800
E01025437,South Ribble 011B,-2.77298,53.70882,400
E01025438,South Ribble 011C,-2.81183,53.72338,225
E01025439,South Ribble 010A,-2.77623,53.72591,350
E01025440,South Ribble 011D,-2.78615,53.74012,75
E01025441,South Ribble 011E,-2.78575,53.72436,300
E01025442,South Ribble 009A,-2.68875,53.722,150
E01025443,South Ribble 009B,-2.67911,53.72475,350
E01025444,South Ribble 009C,-2.68751,53.72528,175
E01025445,South Ribble 017A,-2.71346,53.6788,175
E01025446,South Ribble 015D,-2.70538,53.68968,900
E01025447,South Ribble 017B,-2.71367,53.68877,75
E01025448,South Ribble 005B,-2.70903,53.74598,200
E01025451,South Ribble 014B,-2.74995,53.69375,150
E01025452,South Ribble 014C,-2.74105,53.70249,2000
E01025453,South Ribble 010B,-2.75479,53.73024,800
E01025454,South Ribble 010C,-2.73832,53.72548,200
E01025455,South Ribble 010D,-2.7508,53.71768,250
E01025456,South Ribble 002C,-2.60368,53.76192,1250
E01025457,South Ribble 004B,-2.66482,53.74717,1500
E01025458,South Ribble 002D,-2.63769,53.74206,300
E01025459,South Ribble 017C,-2.72169,53.6897,250
E01025460,South Ribble 017D,-2.72546,53.68109,125
E01025461,South Ribble 009D,-2.68272,53.73257,225
E01025462,South Ribble 009E,-2.69072,53.73142,300
E01025463,South Ribble 004C,-2.67692,53.73985,200
E01025464,South Ribble 004D,-2.69254,53.74322,75
E01025465,South Ribble 004E,-2.67459,53.74297,400
E01025466,South Ribble 001D,-2.73156,53.74665,350
E01025467,South Ribble 003D,-2.73913,53.74257,175
E01025468,West Lancashire 009A,-2.7821,53.56566,125
E01025469,West Lancashire 009B,-2.7738,53.56253,300
E01025470,West Lancashire 009C,-2.76207,53.56125,175
E01025471,West Lancashire 010A,-2.76924,53.55954,20
E01025472,West Lancashire 012A,-2.90353,53.52973,350
E01025473,West Lancashire 012B,-2.91999,53.544,400
E01025474,West Lancashire 003A,-2.99013,53.54955,250
E01025475,West Lancashire 012C,-2.91055,53.54341,150
E01025476,West Lancashire 012D,-2.8953,53.55547,225
E01025477,West Lancashire 012E,-2.92134,53.5635,150
E01025478,West Lancashire 012F,-2.89181,53.54875,75
E01025479,West Lancashire 008A,-2.83742,53.5198,1000
E01025480,West Lancashire 010B,-2.77101,53.55613,200
E01025481,West Lancashire 010C,-2.77733,53.55278,600
E01025482,West Lancashire 010D,-2.76419,53.55361,1000
E01025483,West Lancashire 004A,-2.84035,53.59827,400
E01025484,West Lancashire 004B,-2.83132,53.60028,225
E01025485,West Lancashire 004C,-2.83819,53.61579,900
E01025486,West Lancashire 004D,-2.85707,53.59083,800
E01025487,West Lancashire 004E,-2.86492,53.59776,2250
E01025488,West Lancashire 007A,-2.8754,53.56524,1750
E01025489,West Lancashire 007B,-2.87489,53.56905,350
E01025490,West Lancashire 007C,-2.8816,53.55861,2250
E01025491,West Lancashire 008B,-2.84628,53.56777,75
E01025492,West Lancashire 013A,-2.7713,53.54387,150
E01025493,West Lancashire 014A,-2.76242,53.54095,125
E01025494,West Lancashire 014B,-2.76894,53.53786,50
E01025495,West Lancashire 003B,-2.98205,53.59282,800
E01025496,West Lancashire 001A,-2.86632,53.69631,250
E01025497,West Lancashire 001B,-2.86352,53.71573,150
E01025498,West Lancashire 001C,-2.8412,53.6991,350
E01025499,West Lancashire 006A,-2.90092,53.57533,100
E01025500,West Lancashire 007D,-2.89085,53.5656,1250
E01025501,West Lancashire 006B,-2.90082,53.56545,175
E01025502,West Lancashire 006C,-2.90155,53.56016,175
E01025503,West Lancashire 014C,-2.75214,53.53659,20
E01025504,West Lancashire 014D,-2.75646,53.53745,125
E01025505,West Lancashire 014E,-2.75288,53.5408,250
E01025506,West Lancashire 008C,-2.81139,53.59112,1250
E01025507,West Lancashire 002A,-2.92809,53.66204,350
E01025508,West Lancashire 002B,-2.91909,53.69711,350
E01025509,West Lancashire 002C,-2.93541,53.6844,150
E01025510,West Lancashire 005A,-2.75171,53.57701,350
E01025511,West Lancashire 005B,-2.77276,53.60766,350
E01025512,West Lancashire 005C,-2.77011,53.58869,250
E01025513,West Lancashire 002D,-2.84206,53.64016,700
E01025514,West Lancashire 003C,-2.93553,53.62315,800
E01025515,West Lancashire 003D,-2.89745,53.60486,600
E01025516,West Lancashire 006D,-2.88638,53.57672,100
E01025517,West Lancashire 006E,-2.87297,53.58228,500
E01025518,West Lancashire 007E,-2.88505,53.56991,2000
E01025519,West Lancashire 006F,-2.89434,53.58215,200
E01025520,West Lancashire 010E,-2.79131,53.55224,100
E01025521,West Lancashire 010F,-2.78301,53.54582,2500
E01025522,West Lancashire 009D,-2.79734,53.56101,2250
E01025523,West Lancashire 011A,-2.79749,53.54282,2500
E01025524,West Lancashire 011B,-2.8017,53.54903,75
E01025525,West Lancashire 011C,-2.80079,53.55223,250
E01025526,West Lancashire 011D,-2.81024,53.55076,800
E01025527,West Lancashire 013B,-2.77124,53.54756,800
E01025528,West Lancashire 013C,-2.75633,53.54477,100
E01025529,West Lancashire 013D,-2.753,53.55106,300
E01025530,West Lancashire 001D,-2.83745,53.68935,250
E01025531,West Lancashire 002E,-2.86928,53.66875,1500
E01025532,West Lancashire 001E,-2.82642,53.6812,200
E01025533,West Lancashire 001F,-2.8399,53.66004,900
E01025534,West Lancashire 015A,-2.73063,53.53144,100
E01025535,West Lancashire 015B,-2.75769,53.53053,8000
E01025536,West Lancashire 015C,-2.73453,53.54348,100
E01025537,West Lancashire 015D,-2.72467,53.53783,400
E01025538,West Lancashire 005D,-2.72354,53.60632,1500
E01025539,West Lancashire 005E,-2.72044,53.58002,1000
E01025540,West Lancashire 015E,-2.72418,53.5578,350
E01025541,Wyre 011A,-3.00665,53.8914,800
E01025542,Wyre 010A,-3.0173,53.88313,150
E01025543,Wyre 011B,-2.99581,53.88134,1750
E01025544,Wyre 011C,-3.0114,53.87752,350
E01025545,Wyre 013A,-2.98133,53.85148,3000
E01025546,Wyre 013B,-2.98797,53.84817,700
E01025547,Wyre 006A,-2.73918,53.86713,1750
E01025548,Wyre 007A,-2.78102,53.92435,700
E01025549,Wyre 006B,-2.73802,53.9055,700
E01025550,Wyre 012A,-3.01415,53.85538,75
E01025551,Wyre 013C,-3.00048,53.85477,100
E01025552,Wyre 012B,-3.00419,53.85866,250
E01025553,Wyre 007B,-2.77894,53.87982,500
E01025554,Wyre 008A,-3.03139,53.88495,100
E01025555,Wyre 010B,-3.02679,53.88249,100
E01025556,Wyre 008B,-3.03651,53.88961,125
E01025557,Wyre 005A,-3.02739,53.89239,75
E01025558,Wyre 007C,-2.77274,53.90868,600
E01025559,Wyre 007D,-2.81615,53.89847,1500
E01025560,Wyre 007E,-2.78177,53.90406,125
E01025561,Wyre 009A,-2.79516,53.83985,400
E01025562,Wyre 009B,-2.87331,53.87014,1000
E01025563,Wyre 004A,-2.95171,53.86535,350
E01025564,Wyre 004B,-2.95236,53.87638,250
E01025565,Wyre 004C,-2.95816,53.89284,400
E01025566,Wyre 014A,-2.98089,53.83459,300
E01025567,Wyre 013D,-2.9805,53.84077,175
E01025568,Wyre 014B,-3.00138,53.83061,250
E01025569,Wyre 014C,-2.99973,53.83903,225
E01025570,Wyre 008C,-3.04344,53.87718,1000
E01025571,Wyre 008D,-3.04326,53.88279,150
E01025572,Wyre 008E,-3.04384,53.88876,75
E01025573,Wyre 001A,-3.02871,53.91712,150
E01025574,Wyre 001B,-3.02059,53.91642,1250
E01025575,Wyre 005B,-3.01651,53.90591,1750
E01025576,Wyre 011D,-3.00961,53.87076,500
E01025577,Wyre 011E,-3.00661,53.87398,150
E01025578,Wyre 005C,-3.03104,53.90908,250
E01025579,Wyre 005D,-3.02897,53.91209,250
E01025580,Wyre 005E,-3.03153,53.90105,450
E01025581,Wyre 001C,-3.01877,53.92417,250
E01025582,Wyre 001D,-3.01681,53.92129,600
E01025583,Wyre 001E,-3.01238,53.9244,300
E01025584,Wyre 001F,-3.00673,53.9249,800
E01025585,Wyre 009C,-2.86892,53.91555,600
E01025586,Wyre 004D,-2.97948,53.92938,150
E01025587,Wyre 004E,-2.96179,53.93144,300
E01025588,Wyre 004F,-2.99023,53.92785,175
E01025589,Wyre 004G,-2.96068,53.9139,350
E01025590,Wyre 003A,-3.03839,53.91339,40
E01025591,Wyre 003B,-3.04234,53.90826,2500
E01025592,Wyre 003C,-3.04489,53.91447,30
E01025593,Wyre 003D,-3.04343,53.89891,600
E01025594,Wyre 012C,-3.0017,53.86678,400
E01025595,Wyre 012D,-2.98793,53.86394,75
E01025596,Wyre 012E,-2.98256,53.87428,200
E01025597,Wyre 012F,-2.99727,53.87325,50
E01025598,Wyre 013E,-3.00142,53.84873,1250
E01025599,Wyre 014D,-3.01398,53.84471,175
E01025600,Wyre 014E,-3.0023,53.8443,200
E01025601,Wyre 010C,-3.0248,53.87515,450
E01025602,Wyre 010D,-3.01898,53.86581,1000
E01025603,Wyre 010E,-3.02539,53.87972,150
E01025604,Wyre 008F,-3.03593,53.87775,700
E01025605,Wyre 002A,-3.0422,53.92012,300
E01025606,Wyre 002B,-3.03209,53.92254,10
E01025607,Wyre 002C,-3.0268,53.92431,100
E01025608,Wyre 002D,-3.03352,53.91787,300
E01025609,Wyre 006C,-2.66691,53.93609,900
E01025885,Melton 001A,-0.79811,52.95985,900
E01025886,Melton 001B,-0.81621,52.94283,300
E01025892,Melton 001F,-0.84447,52.89554,300
E01025926,North West Leicestershire 001C,-1.36807,52.83747,3500
E01025927,North West Leicestershire 001D,-1.34926,52.83238,3500
E01025928,North West Leicestershire 001E,-1.34452,52.84444,150
E01025945,North West Leicestershire 002C,-1.28051,52.83256,400
E01025946,North West Leicestershire 002D,-1.28035,52.84719,1000
E01026045,East Lindsey 001A,-0.13095,53.40765,350
E01026061,East Lindsey 001B,-0.05098,53.51121,150
E01026062,East Lindsey 001C,-0.06001,53.4957,250
E01026063,East Lindsey 001D,-0.06247,53.51354,175
E01026066,East Lindsey 011C,-0.1413,53.21467,400
E01026070,East Lindsey 009C,-0.0218,53.33719,600
E01026071,East Lindsey 007A,-0.15407,53.34051,450
E01026076,East Lindsey 002B,0.051258,53.43826,350
E01026077,East Lindsey 003A,-0.01277,53.3771,3000
E01026078,East Lindsey 003B,-0.00498,53.3726,600
E01026080,East Lindsey 001E,-0.0343,53.45902,300
E01026081,East Lindsey 004A,0.002455,53.36599,1750
E01026082,East Lindsey 007B,-0.20299,53.22609,700
E01026087,East Lindsey 003C,0.005298,53.37821,40
E01026088,East Lindsey 003D,0.010466,53.37462,200
E01026089,East Lindsey 004C,-0.00955,53.35642,400
E01026090,East Lindsey 003E,0.016548,53.36206,400
E01026091,East Lindsey 003F,0.015724,53.35415,75
E01026106,East Lindsey 001F,-0.01994,53.49015,250
E01026107,East Lindsey 001G,0.018454,53.50123,150
E01026108,East Lindsey 003G,0.014592,53.36965,300
E01026118,East Lindsey 016E,-0.23201,53.14675,300
E01026120,East Lindsey 016G,-0.21399,53.15475,1000
E01026121,East Lindsey 007C,-0.26182,53.29008,300
E01026122,Lincoln 004A,-0.52839,53.23288,4500
E01026123,Lincoln 004B,-0.50566,53.23377,4500
E01026124,Lincoln 004C,-0.51543,53.22947,250
E01026125,Lincoln 003A,-0.51878,53.23535,9000
E01026126,Lincoln 004D,-0.52515,53.22917,400
E01026127,Lincoln 007A,-0.60733,53.21774,100
E01026129,Lincoln 007C,-0.61055,53.22192,50
E01026130,Lincoln 009A,-0.5954,53.22496,75
E01026131,Lincoln 007D,-0.59929,53.22179,125
E01026132,Lincoln 005A,-0.56734,53.22864,4500
E01026134,Lincoln 006A,-0.54863,53.21531,400
E01026135,Lincoln 008B,-0.55808,53.21172,400
E01026136,Lincoln 008C,-0.57706,53.22232,300
E01026137,Lincoln 011A,-0.55292,53.193,75
E01026138,Lincoln 011B,-0.55861,53.19244,125
E01026139,Lincoln 011C,-0.57086,53.19433,350
E01026140,Lincoln 011D,-0.55621,53.18879,75
E01026141,Lincoln 011E,-0.56309,53.19756,100
E01026142,Lincoln 011F,-0.55446,53.19816,10
E01026144,Lincoln 003B,-0.56172,53.23462,150
E01026145,Lincoln 005C,-0.54812,53.23581,400
E01026146,Lincoln 005D,-0.55184,53.23165,200
E01026147,Lincoln 003C,-0.57078,53.24407,1000
E01026148,Lincoln 003D,-0.54212,53.23735,700
E01026149,Lincoln 001A,-0.54964,53.24926,45
E01026150,Lincoln 001B,-0.54267,53.25142,250
E01026151,Lincoln 003E,-0.5437,53.24467,400
E01026152,Lincoln 004E,-0.51432,53.24596,350
E01026153,Lincoln 002A,-0.50625,53.2455,700
E01026154,Lincoln 004F,-0.51587,53.24227,300
E01026155,Lincoln 002B,-0.49801,53.24652,200
E01026156,Lincoln 004G,-0.52255,53.24417,125
E01026157,Lincoln 002C,-0.51469,53.2506,225
E01026158,Lincoln 009B,-0.59076,53.21468,75
E01026159,Lincoln 009C,-0.59871,53.21592,150
E01026160,Lincoln 009D,-0.59963,53.21143,75
E01026161,Lincoln 010A,-0.57746,53.21212,350
E01026162,Lincoln 009E,-0.58868,53.20663,350
E01026163,Lincoln 009F,-0.60701,53.20596,3000
E01026164,Lincoln 003F,-0.5314,53.24356,700
E01026165,Lincoln 002D,-0.5229,53.25027,1000
E01026166,Lincoln 001C,-0.53462,53.24802,100
E01026167,Lincoln 003G,-0.53093,53.23719,1750
E01026168,Lincoln 001D,-0.53463,53.25206,75
E01026169,Lincoln 011G,-0.57289,53.20173,250
E01026170,Lincoln 010B,-0.56042,53.2036,150
E01026171,Lincoln 011H,-0.58167,53.20131,1000
E01026172,Lincoln 010C,-0.56693,53.20944,20
E01026173,Lincoln 010D,-0.57318,53.20768,450
E01026174,Lincoln 008D,-0.5444,53.20855,600
E01026175,Lincoln 010E,-0.55069,53.20524,800
E01026176,Lincoln 006B,-0.52262,53.22319,7000
E01026177,Lincoln 006C,-0.53918,53.22098,450
E01026178,Lincoln 006D,-0.53429,53.21655,1500
E01026179,North Kesteven 008A,-0.43712,53.08823,700
E01026180,North Kesteven 007A,-0.37595,53.08919,250
E01026182,North Kesteven 003B,-0.62041,53.12289,350
E01026184,North Kesteven 004A,-0.51634,53.16023,900
E01026185,North Kesteven 004B,-0.54241,53.17296,400
E01026186,North Kesteven 001A,-0.54055,53.19742,600
E01026187,North Kesteven 001B,-0.52163,53.18879,300
E01026188,North Kesteven 004C,-0.53232,53.18863,225
E01026189,North Kesteven 001C,-0.47863,53.19718,200
E01026190,North Kesteven 004D,-0.48866,53.18104,1500
E01026191,North Kesteven 005A,-0.3894,53.19795,150
E01026192,North Kesteven 006A,-0.65958,53.08544,400
E01026193,North Kesteven 003C,-0.68674,53.13181,1000
E01026194,North Kesteven 006B,-0.50997,53.10797,400
E01026195,North Kesteven 006C,-0.5414,53.12558,250
E01026196,North Kesteven 006D,-0.57199,53.07551,800
E01026197,North Kesteven 008B,-0.47594,53.05232,300
E01026198,North Kesteven 008C,-0.50578,53.03989,1250
E01026199,North Kesteven 003D,-0.68068,53.20003,1750
E01026203,North Kesteven 001D,-0.5001,53.2091,450
E01026204,North Kesteven 001E,-0.46017,53.21854,100
E01026205,North Kesteven 005B,-0.42727,53.21297,500
E01026206,North Kesteven 001F,-0.45293,53.21461,225
E01026209,North Kesteven 009A,-0.48968,53.01496,350
E01026210,North Kesteven 007C,-0.34234,53.12636,400
E01026211,North Kesteven 005C,-0.42382,53.16138,300
E01026212,North Kesteven 005D,-0.33733,53.15815,250
E01026213,North Kesteven 005E,-0.40098,53.13861,300
E01026214,North Kesteven 014A,-0.58441,53.19105,100
E01026215,North Kesteven 014B,-0.57914,53.19265,450
E01026218,North Kesteven 014C,-0.59476,53.1859,1000
E01026219,North Kesteven 014D,-0.58436,53.18765,75
E01026220,North Kesteven 013A,-0.57629,53.18644,600
E01026223,North Kesteven 008D,-0.4062,53.04611,300
E01026225,North Kesteven 003E,-0.61969,53.24247,300
E01026226,North Kesteven 003F,-0.6179,53.22674,350
E01026237,North Kesteven 004E,-0.56307,53.18292,150
E01026238,North Kesteven 004F,-0.56853,53.17302,100
E01026313,South Kesteven 001A,-0.61961,52.96889,1250
E01026329,South Kesteven 001C,-0.59182,53.03228,1000
E01026333,South Kesteven 001D,-0.64351,53.01286,500
E01026340,South Kesteven 002B,-0.67442,52.9437,1500
E01026355,South Kesteven 002C,-0.74397,52.9949,1250
E01026365,South Kesteven 002D,-0.69744,52.96721,800
E01026366,West Lindsey 011A,-0.32175,53.2291,600
E01026367,West Lindsey 001A,-0.2767,53.53269,600
E01026368,West Lindsey 001B,-0.34344,53.49783,700
E01026369,West Lindsey 011B,-0.46269,53.25139,175
E01026370,West Lindsey 011C,-0.46329,53.23648,125
E01026371,West Lindsey 011D,-0.42779,53.25639,175
E01026372,West Lindsey 008A,-0.39277,53.31462,900
E01026373,West Lindsey 011E,-0.37209,53.26617,700
E01026374,West Lindsey 006A,-0.75477,53.39886,75
E01026375,West Lindsey 006B,-0.74995,53.39332,1500
E01026376,West Lindsey 006C,-0.76619,53.3975,400
E01026377,West Lindsey 006D,-0.75814,53.4003,400
E01026378,West Lindsey 004A,-0.78343,53.40538,75
E01026379,West Lindsey 004B,-0.77405,53.40678,225
E01026380,West Lindsey 002A,-0.75869,53.40725,450
E01026381,West Lindsey 004C,-0.78477,53.40992,450
E01026382,West Lindsey 004D,-0.76218,53.38495,500
E01026383,West Lindsey 004E,-0.77342,53.39206,225
E01026384,West Lindsey 004F,-0.77729,53.40083,3000
E01026385,West Lindsey 005A,-0.6688,53.41019,1500
E01026386,West Lindsey 005B,-0.59538,53.42628,900
E01026387,West Lindsey 001C,-0.40897,53.49071,700
E01026388,West Lindsey 007A,-0.70881,53.36425,250
E01026389,West Lindsey 003A,-0.32969,53.38682,500
E01026390,West Lindsey 003B,-0.34544,53.36484,900
E01026391,West Lindsey 003C,-0.28128,53.38588,700
E01026392,West Lindsey 003D,-0.38934,53.4091,600
E01026393,West Lindsey 010A,-0.47257,53.26395,225
E01026394,West Lindsey 010B,-0.52364,53.2597,900
E01026395,West Lindsey 010C,-0.49406,53.26789,1750
E01026396,West Lindsey 009A,-0.65794,53.27142,175
E01026398,West Lindsey 009C,-0.65898,53.25654,1000
E01026399,West Lindsey 005C,-0.59426,53.36363,450
E01026400,West Lindsey 009D,-0.59281,53.31349,450
E01026401,West Lindsey 002B,-0.69678,53.49404,125
E01026402,West Lindsey 002C,-0.65042,53.50139,250
E01026403,West Lindsey 002D,-0.70846,53.4595,600
E01026404,West Lindsey 007B,-0.66407,53.32962,450
E01026405,West Lindsey 010D,-0.44411,53.28264,250
E01026406,West Lindsey 010E,-0.44841,53.26747,150
E01026407,West Lindsey 002E,-0.73583,53.4313,150
E01026408,West Lindsey 002F,-0.78853,53.42287,400
E01026409,West Lindsey 007C,-0.73612,53.26823,300
E01026410,West Lindsey 007D,-0.72121,53.31859,250
E01026411,West Lindsey 005D,-0.49796,53.41104,500
E01026412,West Lindsey 008B,-0.51512,53.30615,350
E01026413,West Lindsey 008C,-0.48066,53.30517,250
E01026414,West Lindsey 008D,-0.45672,53.3469,300
E01026415,West Lindsey 003E,-0.21126,53.44229,200
E01026416,West Lindsey 001D,-0.31749,53.45549,300
E01027555,Craven 008A,-1.98599,53.92761,1250
E01027556,Craven 007A,-2.02503,53.91584,300
E01027557,Craven 009D,-1.97905,54.03499,1000
E01027558,Craven 001A,-2.4772,54.12008,400
E01027559,Craven 001B,-2.51583,54.11544,600
E01027560,Craven 007B,-2.06142,53.88064,350
E01027561,Craven 009E,-1.99558,53.99408,300
E01027562,Craven 009C,-2.13528,54.06562,1250
E01027563,Craven 007C,-2.10892,53.98748,700
E01027564,Craven 008B,-1.99354,53.90072,500
E01027565,Craven 008C,-1.98114,53.9033,2000
E01027566,Craven 008D,-2.02357,53.90426,400
E01027567,Craven 009B,-1.97427,54.08334,600
E01027568,Craven 003A,-2.23482,54.0208,250
E01027569,Craven 001C,-2.38314,54.10883,350
E01027570,Craven 001D,-2.42867,54.19013,1000
E01027571,Craven 003B,-2.30436,54.1776,600
E01027572,Craven 003C,-2.24943,54.08585,1000
E01027573,Craven 003D,-2.28798,54.00129,600
E01027574,Craven 005A,-1.98788,53.96505,75
E01027575,Craven 005B,-2.00489,53.96195,225
E01027576,Craven 009F,-2.00459,53.97022,700
E01027577,Craven 005C,-2.01707,53.96413,3000
E01027578,Craven 006A,-2.01498,53.95697,250
E01027579,Craven 005D,-2.00577,53.95612,75
E01027580,Craven 006B,-1.99182,53.95058,40
E01027582,Craven 006D,-2.01918,53.94909,3500
E01027583,Craven 008E,-1.99498,53.89552,125
E01027584,Craven 008F,-2.00146,53.88299,250
E01027585,Craven 009A,-2.10931,54.15384,600
E01027586,Craven 007D,-2.10458,53.94256,1750
E01027587,Hambleton 006A,-1.59683,54.28498,225
E01027588,Hambleton 006B,-1.61595,54.28361,1000
E01027589,Hambleton 006C,-1.57806,54.30073,300
E01027590,Hambleton 003A,-1.42067,54.37313,500
E01027591,Hambleton 001A,-1.12153,54.43949,3500
E01027592,Hambleton 003B,-1.47063,54.4297,400
E01027593,Hambleton 006D,-1.62768,54.31768,400
E01027594,Hambleton 010A,-1.18877,54.11635,400
E01027595,Hambleton 010B,-1.20201,54.11833,1000
E01027596,Hambleton 010C,-1.18905,54.13011,600
E01027597,Hambleton 001B,-1.07633,54.48236,350
E01027598,Hambleton 002A,-1.15445,54.48939,400
E01027599,Hambleton 001C,-1.13418,54.4909,175
E01027600,Hambleton 011A,-1.28105,54.13524,450
E01027601,Hambleton 010D,-1.11904,54.06434,700
E01027603,Hambleton 005A,-1.56327,54.33133,2250
E01027604,Hambleton 005B,-1.50379,54.34518,300
E01027605,Hambleton 013D,-1.43897,54.33603,450
E01027606,Hambleton 012E,-1.43491,54.32762,3000
E01027607,Hambleton 005C,-1.41268,54.32225,40
E01027608,Hambleton 013B,-1.43125,54.3388,2500
E01027609,Hambleton 012D,-1.40441,54.33273,50
E01027610,Hambleton 012C,-1.42245,54.33405,125
E01027612,Hambleton 013A,-1.42623,54.34365,1250
E01027613,Hambleton 003C,-1.32133,54.36875,300
E01027614,Hambleton 005D,-1.45589,54.33072,150
E01027615,Hambleton 005E,-1.44865,54.32277,100
E01027616,Hambleton 013C,-1.45006,54.33663,125
E01027617,Hambleton 003D,-1.35056,54.44284,350
E01027618,Hambleton 002B,-1.26913,54.45226,600
E01027619,Hambleton 011B,-1.18131,54.02849,600
E01027620,Hambleton 008A,-1.33765,54.22734,600
E01027622,Hambleton 010E,-1.08852,54.1351,350
E01027623,Hambleton 001D,-1.18394,54.4698,400
E01027624,Hambleton 002C,-1.1885,54.48335,225
E01027625,Hambleton 001E,-1.19885,54.47127,800
E01027626,Hambleton 002D,-1.21638,54.48777,350
E01027627,Hambleton 002E,-1.19929,54.39485,500
E01027628,Hambleton 007B,-1.49521,54.22525,900
E01027629,Hambleton 009B,-1.33175,54.23638,100
E01027630,Hambleton 008B,-1.34275,54.23387,1250
E01027631,Hambleton 008C,-1.3147,54.23583,100
E01027632,Hambleton 008D,-1.38247,54.2349,900
E01027633,Hambleton 007C,-1.4229,54.26117,900
E01027634,Hambleton 011C,-1.24299,54.07492,500
E01027635,Hambleton 009C,-1.35326,54.18584,3000
E01027636,Hambleton 009D,-1.19104,54.18836,1500
E01027637,Hambleton 008E,-1.29368,54.27407,450
E01027638,Harrogate 010A,-1.53405,54.01059,175
E01027639,Harrogate 010B,-1.51542,54.01578,100
E01027640,Harrogate 010C,-1.53983,54.00768,50
E01027641,Harrogate 008A,-1.53764,54.01547,125
E01027642,Harrogate 007A,-1.52103,54.07161,175
E01027643,Harrogate 003A,-1.537,54.09658,450
E01027644,Harrogate 005A,-1.37053,54.08347,600
E01027645,Harrogate 005B,-1.39575,54.09402,700
E01027646,Harrogate 007B,-1.47427,54.04732,1250
E01027647,Harrogate 005C,-1.38566,54.05071,700
E01027648,Harrogate 014A,-1.50719,53.99135,150
E01027649,Harrogate 013A,-1.51797,53.99864,5000
E01027650,Harrogate 014B,-1.51151,53.99852,100
E01027651,Harrogate 013B,-1.51153,53.99313,350
E01027652,Harrogate 015A,-1.55787,53.99002,400
E01027653,Harrogate 020A,-1.55867,53.98559,350
E01027654,Harrogate 020B,-1.56769,53.9959,500
E01027655,Harrogate 015B,-1.55259,53.99433,1500
E01027656,Harrogate 019A,-1.5317,53.99251,1750
E01027657,Harrogate 013C,-1.53638,54.00104,600
E01027658,Harrogate 013D,-1.52712,53.99891,600
E01027659,Harrogate 015C,-1.53247,53.99773,1250
E01027660,Harrogate 017A,-1.50038,53.98285,800
E01027661,Harrogate 017B,-1.4976,53.98742,500
E01027662,Harrogate 017C,-1.51795,53.97853,4000
E01027663,Harrogate 017D,-1.48901,53.9935,1250
E01027665,Harrogate 008C,-1.55571,54.03425,1000
E01027666,Harrogate 001A,-1.68247,54.13937,1250
E01027667,Harrogate 001B,-1.57741,54.1555,600
E01027668,Harrogate 009A,-1.45627,54.00857,150
E01027669,Harrogate 009B,-1.46387,54.0095,800
E01027670,Harrogate 012A,-1.43802,54.0172,175
E01027671,Harrogate 012B,-1.4473,54.00103,3000
E01027672,Harrogate 012C,-1.46843,53.99758,300
E01027673,Harrogate 009C,-1.47722,54.00447,1500
E01027674,Harrogate 007C,-1.48679,54.01207,700
E01027675,Harrogate 007D,-1.4645,54.02343,350
E01027676,Harrogate 009D,-1.46125,54.01486,75
E01027677,Harrogate 015D,-1.5419,53.99846,1500
E01027678,Harrogate 015E,-1.5445,53.99349,6000
E01027679,Harrogate 019B,-1.54286,53.98942,2250
E01027680,Harrogate 015F,-1.54704,53.99173,450
E01027681,Harrogate 006A,-1.64002,54.06372,500
E01027682,Harrogate 018A,-1.63748,54.01536,1000
E01027683,Harrogate 016A,-1.29108,53.97325,1250
E01027684,Harrogate 016B,-1.27297,53.94467,600
E01027685,Harrogate 001C,-1.66844,54.23438,600
E01027686,Harrogate 001D,-1.76794,54.21364,600
E01027687,Harrogate 005D,-1.38052,54.11403,1000
E01027688,Harrogate 003B,-1.46259,54.11106,2250
E01027689,Harrogate 011A,-1.5471,54.00348,150
E01027690,Harrogate 010D,-1.5456,54.00909,250
E01027691,Harrogate 011B,-1.553,54.00823,450
E01027692,Harrogate 013E,-1.53963,54.00287,175
E01027693,Harrogate 006B,-1.78116,54.04978,500
E01027694,Harrogate 018B,-1.70011,54.01992,200
E01027695,Harrogate 016C,-1.3334,54.02984,1000
E01027696,Harrogate 016D,-1.25727,54.01492,800
E01027697,Harrogate 017E,-1.52765,53.97608,350
E01027698,Harrogate 020C,-1.53829,53.97098,350
E01027699,Harrogate 021A,-1.54936,53.96044,125
E01027700,Harrogate 021B,-1.52523,53.96334,800
E01027701,Harrogate 006C,-1.85935,54.14049,300
E01027702,Harrogate 006D,-1.75609,54.08738,300
E01027703,Harrogate 016E,-1.3558,53.98636,800
E01027704,Harrogate 012D,-1.44916,53.98889,1250
E01027705,Harrogate 004A,-1.51288,54.14041,500
E01027706,Harrogate 004B,-1.52281,54.13686,1500
E01027707,Harrogate 004C,-1.5089,54.12996,1250
E01027708,Harrogate 004D,-1.52858,54.1232,400
E01027709,Harrogate 004E,-1.53544,54.12818,125
E01027710,Harrogate 004F,-1.52929,54.12562,175
E01027711,Harrogate 004G,-1.52345,54.12852,125
E01027712,Harrogate 002A,-1.55572,54.14331,300
E01027713,Harrogate 002B,-1.53362,54.13384,900
E01027714,Harrogate 002C,-1.5285,54.1454,400
E01027715,Harrogate 002D,-1.54205,54.13931,350
E01027716,Harrogate 020D,-1.55263,53.97135,125
E01027717,Harrogate 020E,-1.55456,53.98155,450
E01027718,Harrogate 020F,-1.54448,53.97899,300
E01027719,Harrogate 020G,-1.57068,53.97699,6000
E01027720,Harrogate 011C,-1.56293,54.00528,200
E01027721,Harrogate 011D,-1.56975,54.00169,75
E01027722,Harrogate 008D,-1.5769,54.00459,75
E01027723,Harrogate 011E,-1.55795,54.00241,300
E01027724,Harrogate 021C,-1.51773,53.92943,250
E01027725,Harrogate 021D,-1.45689,53.94207,700
E01027726,Harrogate 014C,-1.49699,54.00353,900
E01027727,Harrogate 014D,-1.50431,53.99922,500
E01027728,Harrogate 014E,-1.49203,53.99883,35
E01027729,Harrogate 014F,-1.4994,53.99717,300
E01027730,Harrogate 019C,-1.53948,53.9841,250
E01027731,Harrogate 019D,-1.53599,53.97773,350
E01027732,Harrogate 019E,-1.53104,53.9854,250
E01027733,Harrogate 017F,-1.52128,53.99021,600
E01027734,Harrogate 018C,-1.62618,53.95342,1250
E01027735,Harrogate 018D,-1.78878,53.96056,400
E01027736,Harrogate 003C,-1.47182,54.18203,1500
E01027737,Harrogate 003D,-1.39127,54.15185,500
E01027738,Harrogate 010E,-1.53095,54.00814,75
E01027739,Harrogate 010F,-1.53359,54.00553,150
E01027740,Harrogate 013F,-1.51911,54.00554,75
E01027741,Harrogate 010G,-1.52349,54.01075,40
E01027742,Richmondshire 005A,-2.06091,54.29072,600
E01027743,Richmondshire 001A,-1.6224,54.48187,225
E01027744,Richmondshire 006A,-1.95165,54.32113,400
E01027745,Richmondshire 003A,-1.61337,54.39434,350
E01027746,Richmondshire 003B,-1.65865,54.39533,1250
E01027747,Richmondshire 003C,-1.63893,54.37114,150
E01027748,Richmondshire 003D,-1.63443,54.38396,150
E01027749,Richmondshire 004A,-1.68636,54.38227,100
E01027751,Richmondshire 001B,-1.54578,54.45455,450
E01027752,Richmondshire 001C,-1.78585,54.44771,1250
E01027753,Richmondshire 005B,-2.24718,54.31112,800
E01027756,Richmondshire 006B,-1.67236,54.35807,400
E01027758,Richmondshire 006D,-1.7225,54.2951,500
E01027759,Richmondshire 001D,-1.67803,54.49826,350
E01027760,Richmondshire 006E,-1.81328,54.25414,600
E01027761,Richmondshire 001E,-1.63042,54.43551,800
E01027762,Richmondshire 001F,-1.74639,54.49485,225
E01027763,Richmondshire 005C,-2.00361,54.24054,300
E01027764,Richmondshire 005D,-1.94277,54.42737,250
E01027765,Richmondshire 002A,-1.72915,54.4114,100
E01027766,Richmondshire 002B,-1.7312,54.40503,600
E01027767,Richmondshire 002C,-1.72386,54.40819,400
E01027768,Richmondshire 002D,-1.71599,54.41039,75
E01027769,Richmondshire 002E,-1.77758,54.41438,100
E01027770,Richmondshire 002F,-1.74103,54.40787,1750
E01027771,Richmondshire 004E,-1.72261,54.36578,1500
E01027772,Richmondshire 004F,-1.70584,54.3533,125
E01027773,Richmondshire 005E,-2.17593,54.4013,450
E01027774,Ryedale 007A,-0.82936,54.1629,1250
E01027775,Ryedale 003A,-1.07353,54.18737,900
E01027776,Ryedale 001A,-0.80411,54.30093,400
E01027777,Ryedale 001B,-0.93781,54.33868,900
E01027778,Ryedale 007B,-0.8623,54.07148,2000
E01027779,Ryedale 004A,-0.75241,54.09818,350
E01027780,Ryedale 003B,-1.10917,54.29508,1000
E01027781,Ryedale 003C,-1.04992,54.23945,500
E01027782,Ryedale 007C,-0.93873,54.14942,350
E01027783,Ryedale 001C,-0.94973,54.25417,1000
E01027784,Ryedale 001D,-0.93673,54.27211,250
E01027786,Ryedale 010A,-0.81082,54.13448,900
E01027787,Ryedale 009A,-0.7801400000000001,54.15349,1000
E01027788,Ryedale 010B,-0.76881,54.12406,2000
E01027790,Ryedale 010D,-0.80645,54.1176,700
E01027791,Ryedale 010C,-0.78777,54.12177,350
E01027792,Ryedale 002A,-0.76552,54.25002,1250
E01027793,Ryedale 002B,-0.76987,54.21989,800
E01027794,Ryedale 002C,-0.77351,54.27361,900
E01027795,Ryedale 002D,-0.78258,54.24444,350
E01027796,Ryedale 004B,-0.66045,54.16227,450
E01027797,Ryedale 007D,-0.92896,54.03828,2000
E01027798,Ryedale 004C,-0.5063,54.17395,900
E01027799,Ryedale 007E,-0.99703,54.08474,800
E01027800,Ryedale 003D,-0.95825,54.20526,400
E01027801,Ryedale 002E,-0.73401,54.21046,175
E01027802,Ryedale 002F,-0.66075,54.28323,600
E01027803,Ryedale 004D,-0.61288,54.1112,450
E01027804,Scarborough 010A,-0.40447,54.27994,2500
E01027805,Scarborough 006A,-0.39165,54.28605,600
E01027806,Scarborough 006B,-0.4011,54.28336,3000
E01027807,Scarborough 011A,-0.34619,54.22823,3500
E01027808,Scarborough 011B,-0.38377,54.23457,125
E01027809,Scarborough 011C,-0.37465,54.24816,75
E01027810,Scarborough 008A,-0.41125,54.28344,225
E01027811,Scarborough 008B,-0.41455,54.28103,350
E01027812,Scarborough 008C,-0.40972,54.27975,1250
E01027813,Scarborough 002A,-0.94611,54.4453,600
E01027814,Scarborough 013A,-0.51991,54.24201,500
E01027815,Scarborough 013B,-0.57636,54.2453,500
E01027816,Scarborough 013C,-0.47271,54.2443,300
E01027817,Scarborough 012A,-0.40336,54.24036,500
E01027818,Scarborough 011D,-0.38928,54.24362,150
E01027819,Scarborough 012B,-0.40629,54.24751,100
E01027820,Scarborough 012C,-0.39481,54.24474,50
E01027821,Scarborough 004A,-0.67312,54.41458,900
E01027822,Scarborough 002B,-0.78004,54.41444,450
E01027823,Scarborough 004B,-0.66047,54.45453,200
E01027824,Scarborough 009A,-0.42707,54.27092,600
E01027825,Scarborough 009B,-0.42272,54.26385,700
E01027826,Scarborough 009C,-0.41657,54.27437,300
E01027827,Scarborough 014A,-0.28312,54.2161,1000
E01027828,Scarborough 014B,-0.29913,54.20496,300
E01027829,Scarborough 014C,-0.29516,54.21938,125
E01027830,Scarborough 014D,-0.30156,54.21305,75
E01027833,Scarborough 014E,-0.30978,54.16586,1500
E01027834,Scarborough 014F,-0.31631,54.17971,175
E01027835,Scarborough 014G,-0.37169,54.19374,300
E01027836,Scarborough 004E,-0.46025,54.3432,400
E01027837,Scarborough 001A,-0.62862,54.48468,125
E01027838,Scarborough 003A,-0.64067,54.4741,200
E01027839,Scarborough 001B,-0.63969,54.48759,250
E01027840,Scarborough 002C,-0.80004,54.52304,500
E01027841,Scarborough 002D,-0.71896,54.49419,600
E01027842,Scarborough 005A,-0.43093,54.29297,250
E01027843,Scarborough 005B,-0.44256,54.29024,175
E01027844,Scarborough 005C,-0.43696,54.28867,500
E01027845,Scarborough 005D,-0.42677,54.29733,600
E01027847,Scarborough 006D,-0.39955,54.28756,600
E01027849,Scarborough 007A,-0.41437,54.29018,250
E01027850,Scarborough 007B,-0.41991,54.2884,225
E01027851,Scarborough 008D,-0.41447,54.28479,20
E01027852,Scarborough 010B,-0.40522,54.27373,350
E01027853,Scarborough 010C,-0.40895,54.27176,250
E01027854,Scarborough 010D,-0.40151,54.27589,500
E01027855,Scarborough 005E,-0.43038,54.30739,175
E01027856,Scarborough 005F,-0.44963,54.29635,400
E01027857,Scarborough 004F,-0.53959,54.33518,400
E01027858,Scarborough 012D,-0.42042,54.24361,100
E01027859,Scarborough 013D,-0.4405,54.22636,4000
E01027860,Scarborough 012E,-0.43266,54.2508,250
E01027861,Scarborough 009D,-0.41822,54.27776,150
E01027862,Scarborough 008E,-0.41445,54.2772,1500
E01027863,Scarborough 009E,-0.42587,54.28023,150
E01027864,Scarborough 003B,-0.60217,54.48081,200
E01027865,Scarborough 003C,-0.60698,54.48729,900
E01027866,Scarborough 003D,-0.60972,54.47145,600
E01027867,Scarborough 011E,-0.38596,54.2567,350
E01027868,Scarborough 010E,-0.40213,54.26426,1000
E01027871,Scarborough 001E,-0.6296,54.49037,600
E01027872,Scarborough 007C,-0.42603,54.28523,100
E01027873,Scarborough 009F,-0.44068,54.27524,3500
E01027874,Scarborough 007D,-0.42769,54.29012,75
E01027875,Selby 002A,-1.19199,53.88846,600
E01027876,Selby 003A,-1.03442,53.8029,175
E01027877,Selby 003B,-1.04108,53.80842,225
E01027878,Selby 005A,-1.05075,53.78642,1000
E01027879,Selby 007A,-1.07505,53.77105,75
E01027880,Selby 007B,-1.08803,53.76499,175
E01027881,Selby 006A,-1.10241,53.76686,150
E01027882,Selby 007C,-1.0328,53.75684,1250
E01027883,Selby 008A,-1.03166,53.73325,1750
E01027884,Selby 008B,-0.96536,53.71941,400
E01027885,Selby 008C,-1.03274,53.70557,200
E01027886,Selby 002B,-1.13249,53.81791,350
E01027887,Selby 002C,-1.08701,53.81722,175
E01027888,Selby 002D,-1.19587,53.82772,400
E01027889,Selby 010A,-1.15792,53.71379,450
E01027890,Selby 010B,-1.06474,53.71474,900
E01027891,Selby 009A,-1.22004,53.73605,150
E01027892,Selby 009B,-1.27451,53.73503,250
E01027893,Selby 009C,-1.16481,53.77273,300
E01027894,Selby 007D,-1.12075,53.7731,300
E01027895,Selby 007E,-1.1216,53.75532,300
E01027896,Selby 008D,-0.96262,53.76574,2500
E01027897,Selby 008E,-0.99334,53.79092,600
E01027899,Selby 009D,-1.23114,53.75961,450
E01027900,Selby 003C,-0.97819,53.84592,600
E01027901,Selby 003D,-1.06018,53.83856,175
E01027902,Selby 003E,-1.09567,53.85999,225
E01027903,Selby 003F,-1.038,53.85019,1250
E01027904,Selby 002E,-1.26341,53.84104,700
E01027906,Selby 006B,-1.10829,53.7913,100
E01027907,Selby 005C,-1.07882,53.78939,100
E01027908,Selby 005D,-1.07793,53.78437,1250
E01027909,Selby 005E,-1.06508,53.7801,3000
E01027913,Selby 006E,-1.09804,53.77867,150
E01027914,Selby 004B,-1.26997,53.80184,300
E01027915,Selby 004C,-1.24901,53.78748,450
E01027916,Selby 004D,-1.2479,53.80298,300
E01027918,Selby 001A,-1.25468,53.8865,225
E01027919,Selby 001B,-1.26938,53.88634,2500
E01027920,Selby 001C,-1.23982,53.88464,100
E01027921,Selby 001D,-1.26959,53.87804,350
E01027922,Selby 001E,-1.30799,53.87456,500
E01027923,Selby 010C,-1.18989,53.68426,1500
E01027924,Selby 010D,-1.11367,53.6806,1750
E01027925,Ashfield 015A,-1.21442,53.035,250
E01027926,Ashfield 016A,-1.2082,53.02675,20
E01027927,Ashfield 014A,-1.20816,53.03249,1250
E01027928,Ashfield 014B,-1.20712,53.03776,900
E01027930,Ashfield 016B,-1.20007,53.02628,250
E01027932,Ashfield 014C,-1.1967,53.03385,700
E01027933,Ashfield 014D,-1.20253,53.04001,300
E01027934,Ashfield 013C,-1.19973,53.04298,450
E01027935,Ashfield 013D,-1.20932,53.04745,200
E01027936,Ashfield 013E,-1.19461,53.04673,200
E01027937,Ashfield 014E,-1.20779,53.04279,175
E01027938,Ashfield 015B,-1.24045,53.03645,75
E01027939,Ashfield 016C,-1.22248,53.02958,125
E01027940,Ashfield 015C,-1.23117,53.02921,25
E01027941,Ashfield 016D,-1.22806,53.02351,175
E01027942,Ashfield 016E,-1.21771,53.0189,1750
E01027943,Ashfield 015D,-1.22996,53.04441,300
E01027944,Ashfield 015E,-1.22911,53.03742,450
E01027945,Ashfield 012A,-1.33752,53.06158,3000
E01027946,Ashfield 012B,-1.3169,53.0625,75
E01027947,Ashfield 009A,-1.28551,53.09345,1000
E01027948,Ashfield 009B,-1.2553,53.09519,600
E01027949,Ashfield 007A,-1.2403,53.09564,225
E01027950,Ashfield 009C,-1.2244,53.08898,150
E01027951,Ashfield 007B,-1.234,53.10751,350
E01027952,Ashfield 008A,-1.24843,53.10247,2000
E01027953,Ashfield 007C,-1.22137,53.10212,250
E01027954,Ashfield 007D,-1.24757,53.1121,3500
E01027955,Ashfield 008B,-1.26033,53.10181,175
E01027956,Ashfield 008C,-1.25642,53.10431,0
E01027957,Ashfield 009D,-1.28898,53.10775,1000
E01027958,Ashfield 008D,-1.26312,53.10514,400
E01027959,Ashfield 009E,-1.26571,53.11095,500
E01027960,Ashfield 011A,-1.32212,53.07635,100
E01027961,Ashfield 011B,-1.3075,53.07301,350
E01027962,Ashfield 011C,-1.29677,53.07978,45
E01027963,Ashfield 011D,-1.29709,53.07057,300
E01027964,Ashfield 005A,-1.2727,53.1352,300
E01027965,Ashfield 005B,-1.26328,53.12826,1000
E01027966,Ashfield 003A,-1.27842,53.13216,125
E01027967,Ashfield 004A,-1.25501,53.13133,350
E01027968,Ashfield 005C,-1.26878,53.12593,700
E01027969,Ashfield 006A,-1.27634,53.12234,200
E01027970,Ashfield 002A,-1.26005,53.1322,50
E01027971,Ashfield 002B,-1.25982,53.13691,40
E01027972,Ashfield 004B,-1.23554,53.12517,2500
E01027973,Ashfield 007E,-1.2024,53.1121,900
E01027974,Ashfield 005D,-1.26023,53.1165,250
E01027975,Ashfield 006B,-1.26766,53.11762,300
E01027976,Ashfield 005E,-1.26115,53.12178,1000
E01027977,Ashfield 004C,-1.24288,53.12694,600
E01027978,Ashfield 004D,-1.25432,53.12874,500
E01027979,Ashfield 001A,-1.25142,53.14465,175
E01027980,Ashfield 001B,-1.27648,53.14513,100
E01027981,Ashfield 001C,-1.28589,53.15363,600
E01027982,Ashfield 002C,-1.2526,53.13854,75
E01027983,Ashfield 001D,-1.27316,53.141,175
E01027984,Ashfield 002D,-1.2471,53.13727,200
E01027985,Ashfield 004E,-1.23936,53.13502,9000
E01027986,Ashfield 003B,-1.30848,53.1318,350
E01027987,Ashfield 003C,-1.29433,53.12356,175
E01027988,Ashfield 006C,-1.28778,53.12923,100
E01027989,Ashfield 006D,-1.27959,53.12693,150
E01027990,Ashfield 003D,-1.30575,53.11867,3500
E01027991,Ashfield 006E,-1.2835,53.12242,75
E01027992,Ashfield 006F,-1.27792,53.11695,1250
E01027993,Ashfield 012C,-1.303,53.05681,500
E01027994,Ashfield 012D,-1.29454,53.05396,125
E01027995,Ashfield 010A,-1.25891,53.05919,7000
E01027996,Ashfield 010B,-1.26851,53.08369,225
E01027997,Ashfield 010C,-1.23728,53.08063,175
E01027998,Ashfield 010D,-1.25173,53.07976,200
E01027999,Bassetlaw 002A,-0.83562,53.40937,500
E01028000,Bassetlaw 001A,-1.06569,53.39418,3500
E01028001,Bassetlaw 004A,-1.13435,53.36465,500
E01028002,Bassetlaw 004B,-1.12457,53.35711,100
E01028003,Bassetlaw 004C,-1.11126,53.36349,75
E01028004,Bassetlaw 004D,-1.10302,53.34253,1000
E01028005,Bassetlaw 002B,-0.91452,53.36658,350
E01028006,Bassetlaw 015A,-0.9372,53.27563,450
E01028007,Bassetlaw 015B,-0.91099,53.24673,350
E01028008,Bassetlaw 008A,-0.93215,53.3272,175
E01028009,Bassetlaw 008B,-0.90801,53.32053,175
E01028010,Bassetlaw 008C,-0.92166,53.30997,300
E01028011,Bassetlaw 008D,-0.93781,53.32181,1000
E01028012,Bassetlaw 008E,-0.93076,53.31691,45
E01028013,Bassetlaw 005A,-0.94631,53.32718,700
E01028014,Bassetlaw 005B,-0.95801,53.33584,1250
E01028015,Bassetlaw 005C,-0.94481,53.33519,250
E01028016,Bassetlaw 005D,-0.96972,53.3336,450
E01028017,Bassetlaw 010A,-0.95955,53.3094,200
E01028018,Bassetlaw 010B,-0.94106,53.30469,45
E01028019,Bassetlaw 010C,-0.94989,53.30748,125
E01028020,Bassetlaw 010D,-0.94709,53.31988,1500
E01028021,Bassetlaw 010E,-0.9584,53.31918,1500
E01028022,Bassetlaw 008F,-0.93921,53.31463,600
E01028023,Bassetlaw 003A,-0.93807,53.45371,700
E01028024,Bassetlaw 001B,-1.08214,53.41937,400
E01028025,Bassetlaw 001C,-1.04635,53.41918,45
E01028026,Bassetlaw 001D,-1.06288,53.41994,150
E01028027,Bassetlaw 001E,-1.03407,53.4202,900
E01028028,Bassetlaw 001F,-1.06761,53.42385,45
E01028029,Bassetlaw 004E,-1.08556,53.36558,300
E01028030,Bassetlaw 004F,-1.12553,53.37948,75
E01028031,Bassetlaw 002C,-0.83689,53.44509,225
E01028032,Bassetlaw 002D,-0.88119,53.45,200
E01028033,Bassetlaw 015C,-0.83573,53.29672,2500
E01028034,Bassetlaw 003B,-1.01695,53.38304,450
E01028035,Bassetlaw 002E,-0.82073,53.35502,600
E01028036,Bassetlaw 003C,-0.99478,53.32795,1250
E01028037,Bassetlaw 015D,-0.82776,53.21944,1750
E01028038,Bassetlaw 015E,-0.8991,53.2276,300
E01028039,Bassetlaw 015F,-0.81519,53.26311,350
E01028042,Bassetlaw 016E,-1.11328,53.3142,1250
E01028043,Bassetlaw 014C,-1.0658,53.31777,75
E01028044,Bassetlaw 016F,-1.10595,53.31326,225
E01028045,Bassetlaw 016G,-1.10758,53.30966,150
E01028046,Bassetlaw 006A,-1.12643,53.31597,900
E01028047,Bassetlaw 006B,-1.14364,53.33351,250
E01028048,Bassetlaw 006C,-1.1255,53.33084,75
E01028049,Bassetlaw 006D,-1.13043,53.3244,300
E01028050,Bassetlaw 006E,-1.12472,53.32339,150
E01028051,Bassetlaw 016A,-1.10687,53.32564,20
E01028052,Bassetlaw 016B,-1.11636,53.32564,8000
E01028053,Bassetlaw 016C,-1.11242,53.32088,125
E01028054,Bassetlaw 016D,-1.11706,53.31778,500
E01028055,Bassetlaw 009A,-1.13546,53.317,1500
E01028056,Bassetlaw 009B,-1.17147,53.31414,900
E01028057,Bassetlaw 012A,-1.12274,53.30941,800
E01028058,Bassetlaw 009C,-1.15625,53.32484,3000
E01028059,Bassetlaw 009D,-1.13797,53.32427,75
E01028060,Bassetlaw 013A,-1.1288,53.29016,500
E01028061,Bassetlaw 013B,-1.14226,53.30582,50
E01028062,Bassetlaw 013C,-1.1286,53.30252,2500
E01028063,Bassetlaw 014D,-1.1596,53.29024,800
E01028064,Bassetlaw 014E,-1.06956,53.29632,6000
E01028065,Bassetlaw 012B,-1.11299,53.29842,150
E01028066,Bassetlaw 012C,-1.1038,53.30157,800
E01028067,Bassetlaw 013D,-1.10822,53.29472,125
E01028068,Bassetlaw 012D,-1.11467,53.30553,1000
E01028069,Broxtowe 014A,-1.22477,52.91453,250
E01028070,Broxtowe 014B,-1.22823,52.90458,1750
E01028073,Broxtowe 011A,-1.21086,52.92577,800
E01028074,Broxtowe 011B,-1.20213,52.92944,1500
E01028075,Broxtowe 011C,-1.20563,52.92566,450
E01028076,Broxtowe 009A,-1.2284,52.94002,40
E01028077,Broxtowe 009B,-1.22121,52.93757,250
E01028078,Broxtowe 009C,-1.21786,52.93316,175
E01028079,Broxtowe 009D,-1.21187,52.9313,400
E01028080,Broxtowe 012A,-1.20975,52.91902,1500
E01028081,Broxtowe 012B,-1.19942,52.91546,225
E01028082,Broxtowe 012C,-1.19513,52.92136,2000
E01028083,Broxtowe 012D,-1.1981,52.92413,800
E01028084,Broxtowe 009E,-1.22561,52.9287,125
E01028085,Broxtowe 011D,-1.21985,52.92673,3000
E01028086,Broxtowe 011E,-1.21944,52.92302,500
E01028087,Broxtowe 007A,-1.24124,52.93113,300
E01028088,Broxtowe 007B,-1.24606,52.94626,250
E01028089,Broxtowe 007C,-1.24413,52.94,225
E01028090,Broxtowe 007D,-1.25244,52.93858,500
E01028091,Broxtowe 007E,-1.23698,52.93804,150
E01028092,Broxtowe 001A,-1.31674,53.03396,250
E01028093,Broxtowe 001B,-1.32404,53.04478,125
E01028094,Broxtowe 014C,-1.23343,52.92505,150
E01028095,Broxtowe 014D,-1.23045,52.92104,150
E01028096,Broxtowe 014E,-1.23264,52.9155,700
E01028097,Broxtowe 013A,-1.24128,52.91762,100
E01028098,Broxtowe 013B,-1.25267,52.9149,500
E01028099,Broxtowe 013C,-1.2431,52.9138,300
E01028100,Broxtowe 013D,-1.24136,52.92328,400
E01028101,Broxtowe 013E,-1.25132,52.92177,100
E01028102,Broxtowe 004A,-1.25336,52.99288,300
E01028103,Broxtowe 004B,-1.26173,52.99871,250
E01028104,Broxtowe 004C,-1.26057,53.00261,200
E01028105,Broxtowe 016A,-1.27328,52.99762,150
E01028106,Broxtowe 016B,-1.27513,52.97561,1000
E01028107,Broxtowe 001C,-1.28986,53.03372,1500
E01028108,Broxtowe 001D,-1.2992,53.02221,75
E01028109,Broxtowe 003A,-1.29339,53.01192,500
E01028110,Broxtowe 002A,-1.3129,53.00995,1000
E01028111,Broxtowe 002B,-1.31402,53.01731,1500
E01028112,Broxtowe 002C,-1.30396,53.01712,800
E01028113,Broxtowe 002D,-1.30232,53.01341,30
E01028114,Broxtowe 001E,-1.29534,53.01671,350
E01028115,Broxtowe 003B,-1.29879,53.00238,200
E01028116,Broxtowe 003C,-1.28165,53.00596,1500
E01028117,Broxtowe 003D,-1.29194,53.00549,175
E01028118,Broxtowe 003E,-1.26514,53.02464,300
E01028119,Broxtowe 016C,-1.24069,52.98724,700
E01028120,Broxtowe 016D,-1.21172,52.98709,2000
E01028121,Broxtowe 016E,-1.2229,52.98291,125
E01028122,Broxtowe 004D,-1.24673,52.99869,500
E01028123,Broxtowe 004E,-1.25309,53.01245,700
E01028124,Broxtowe 004F,-1.24111,52.99649,200
E01028125,Broxtowe 008A,-1.26334,52.94435,150
E01028126,Broxtowe 008B,-1.2762,52.93814,300
E01028127,Broxtowe 008C,-1.26772,52.9407,35
E01028128,Broxtowe 010A,-1.26566,52.92506,150
E01028129,Broxtowe 010B,-1.26244,52.93715,175
E01028130,Broxtowe 010C,-1.26796,52.9325,800
E01028131,Broxtowe 010D,-1.2779,52.9227,500
E01028132,Broxtowe 010E,-1.27196,52.92476,20
E01028133,Broxtowe 010F,-1.28116,52.92626,700
E01028134,Broxtowe 008D,-1.27791,52.93115,200
E01028135,Broxtowe 015A,-1.27162,52.91682,225
E01028136,Broxtowe 015B,-1.26379,52.91001,75
E01028137,Broxtowe 015C,-1.24444,52.90796,1750
E01028138,Broxtowe 015D,-1.25211,52.90637,175
E01028139,Broxtowe 015E,-1.26371,52.90591,150
E01028142,Gedling 016A,-1.1573,53.03234,700
E01028143,Gedling 004A,-1.13342,53.00867,75
E01028144,Gedling 006A,-1.13313,53.00468,600
E01028146,Gedling 016B,-1.15856,53.01392,200
E01028147,Gedling 016C,-1.1644,53.01289,20
E01028148,Gedling 008A,-1.05189,52.97475,600
E01028149,Gedling 008B,-1.02346,52.98699,350
E01028150,Gedling 002A,-1.06876,53.0382,45
E01028151,Gedling 002B,-1.0906,53.03336,400
E01028152,Gedling 002C,-1.10813,53.05272,500
E01028153,Gedling 002D,-1.09052,53.04109,400
E01028154,Gedling 002E,-1.08046,53.04753,700
E01028155,Gedling 014A,-1.09664,52.96553,125
E01028156,Gedling 014B,-1.08912,52.96228,75
E01028157,Gedling 014C,-1.09624,52.96046,75
E01028158,Gedling 014D,-1.08467,52.96569,500
E01028159,Gedling 014E,-1.10742,52.96513,225
E01028160,Gedling 013A,-1.10693,52.96841,300
E01028161,Gedling 013B,-1.11566,52.96738,150
E01028162,Gedling 013C,-1.11075,52.97387,200
E01028163,Gedling 013D,-1.1155,52.97156,200
E01028164,Gedling 014F,-1.09992,52.96827,125
E01028165,Gedling 006B,-1.13459,53.00146,250
E01028166,Gedling 006C,-1.14401,53.00364,300
E01028167,Gedling 006D,-1.14005,52.99813,2250
E01028168,Gedling 012A,-1.06688,52.97363,75
E01028169,Gedling 012B,-1.07157,52.97895,200
E01028170,Gedling 012C,-1.0791,52.97324,500
E01028171,Gedling 012D,-1.07757,52.96907,300
E01028172,Gedling 011A,-1.08207,52.98639,125
E01028173,Gedling 005A,-1.10863,53.01686,100
E01028174,Gedling 005B,-1.1172,53.00544,600
E01028175,Gedling 005C,-1.12493,52.99984,1000
E01028176,Gedling 009A,-1.13309,52.996,800
E01028177,Gedling 009B,-1.12158,52.99645,125
E01028178,Gedling 008C,-1.06813,53.00666,500
E01028179,Gedling 007A,-1.10783,52.99544,200
E01028180,Gedling 007B,-1.10732,53.00432,200
E01028181,Gedling 007C,-1.10758,53.01017,30
E01028182,Gedling 007D,-1.10675,53.00037,125
E01028183,Gedling 007E,-1.11454,52.99917,600
E01028184,Gedling 015A,-1.08636,52.95264,350
E01028185,Gedling 015B,-1.06872,52.96728,125
E01028186,Gedling 015C,-1.07983,52.96295,350
E01028187,Gedling 015D,-1.07268,52.95882,7000
E01028188,Gedling 015E,-1.08728,52.95826,75
E01028189,Gedling 001A,-1.18081,53.05788,3000
E01028190,Gedling 011B,-1.09047,52.97522,75
E01028191,Gedling 012E,-1.08565,52.97339,300
E01028192,Gedling 012F,-1.08629,52.978,150
E01028193,Gedling 010A,-1.10802,52.98655,400
E01028194,Gedling 010B,-1.12076,52.98238,800
E01028195,Gedling 010C,-1.11867,52.97688,50
E01028196,Gedling 010D,-1.11678,52.97975,100
E01028197,Gedling 010E,-1.10807,52.97954,250
E01028198,Gedling 001B,-1.14944,53.06879,600
E01028199,Gedling 001C,-1.15528,53.08447,100
E01028200,Gedling 001D,-1.13473,53.08463,500
E01028201,Gedling 001E,-1.16415,53.08921,125
E01028202,Gedling 011C,-1.09825,52.97619,100
E01028203,Gedling 011D,-1.09404,52.9816,45
E01028204,Gedling 010F,-1.10018,52.98248,125
E01028205,Gedling 004B,-1.12616,53.01838,175
E01028206,Gedling 004C,-1.12048,53.00904,125
E01028207,Gedling 004D,-1.11868,53.01761,200
E01028208,Gedling 004E,-1.12644,53.00876,150
E01028209,Gedling 005D,-1.1247,53.00441,1000
E01028210,Gedling 014G,-1.09027,52.96927,400
E01028211,Gedling 013E,-1.09825,52.97198,100
E01028212,Gedling 011E,-1.10462,52.97598,450
E01028213,Gedling 002F,-1.0713,53.02345,350
E01028214,Gedling 009C,-1.12274,52.98763,400
E01028215,Gedling 009D,-1.12996,52.98828,250
E01028216,Gedling 009E,-1.12469,52.99027,100
E01028217,Gedling 009F,-1.13463,52.98929,800
E01028218,Gedling 009G,-1.11582,52.99208,250
E01028219,Mansfield 013A,-1.17354,53.13024,800
E01028220,Mansfield 013B,-1.1928,53.13224,250
E01028222,Mansfield 013D,-1.19361,53.12241,900
E01028223,Mansfield 002A,-1.15411,53.20743,500
E01028224,Mansfield 001A,-1.12285,53.20622,175
E01028225,Mansfield 002B,-1.15002,53.19781,75
E01028226,Mansfield 002C,-1.15231,53.20288,225
E01028227,Mansfield 008A,-1.20998,53.15004,800
E01028228,Mansfield 008B,-1.21233,53.1537,400
E01028229,Mansfield 006A,-1.22202,53.15463,50
E01028230,Mansfield 010A,-1.22789,53.14611,50
E01028231,Mansfield 010B,-1.21711,53.14676,50
E01028232,Mansfield 006B,-1.22363,53.15003,150
E01028233,Mansfield 009A,-1.18273,53.14236,225
E01028234,Mansfield 009B,-1.17379,53.14057,50
E01028235,Mansfield 011A,-1.16872,53.1368,200
E01028236,Mansfield 011B,-1.17542,53.14406,175
E01028237,Mansfield 007A,-1.14229,53.1583,150
E01028238,Mansfield 007B,-1.13386,53.15725,800
E01028239,Mansfield 007C,-1.15471,53.15251,225
E01028240,Mansfield 007D,-1.15579,53.15693,50
E01028242,Mansfield 005A,-1.16393,53.16367,50
E01028243,Mansfield 007F,-1.16443,53.15223,450
E01028244,Mansfield 010C,-1.23096,53.14035,75
E01028245,Mansfield 010D,-1.22526,53.14099,25
E01028246,Mansfield 010E,-1.22005,53.13538,600
E01028247,Mansfield 008C,-1.20587,53.1447,500
E01028248,Mansfield 010F,-1.21318,53.14411,175
E01028249,Mansfield 010G,-1.21574,53.14002,350
E01028250,Mansfield 005B,-1.18236,53.16496,75
E01028251,Mansfield 003A,-1.17437,53.17432,75
E01028252,Mansfield 003B,-1.16143,53.16979,125
E01028253,Mansfield 003C,-1.18088,53.17055,45
E01028254,Mansfield 012A,-1.13319,53.12514,225
E01028255,Mansfield 013E,-1.16316,53.13026,450
E01028256,Mansfield 012B,-1.14796,53.12947,4000
E01028257,Mansfield 001B,-1.11806,53.22688,200
E01028258,Mansfield 001C,-1.14876,53.21878,100
E01028259,Mansfield 001D,-1.17838,53.21197,125
E01028260,Mansfield 002D,-1.1669,53.19022,350
E01028261,Mansfield 012C,-1.13956,53.14571,500
E01028262,Mansfield 011C,-1.15673,53.14632,600
E01028263,Mansfield 012D,-1.14821,53.13781,900
E01028264,Mansfield 011D,-1.1621,53.13681,250
E01028267,Mansfield 006E,-1.22673,53.15723,175
E01028268,Mansfield 008D,-1.20396,53.1393,3500
E01028269,Mansfield 008E,-1.18732,53.14048,1750
E01028270,Mansfield 013F,-1.20989,53.13262,7000
E01028271,Mansfield 004A,-1.19437,53.15942,1500
E01028272,Mansfield 005C,-1.18917,53.16379,800
E01028273,Mansfield 005D,-1.18576,53.15835,250
E01028274,Mansfield 009C,-1.18938,53.14872,1500
E01028275,Mansfield 009D,-1.172,53.14771,200
E01028276,Mansfield 009E,-1.18233,53.14763,450
E01028277,Mansfield 003D,-1.18499,53.17803,150
E01028278,Mansfield 003E,-1.19074,53.17041,225
E01028279,Mansfield 004B,-1.21113,53.17677,175
E01028280,Mansfield 004C,-1.21811,53.17077,40
E01028281,Mansfield 004D,-1.19843,53.16716,300
E01028282,Mansfield 006F,-1.21484,53.16077,25
E01028283,Mansfield 004E,-1.20456,53.15856,500
E01028284,Mansfield 008F,-1.20019,53.14703,4000
E01028285,Newark and Sherwood 011A,-0.78792,53.06313,300
E01028286,Newark and Sherwood 011B,-0.7666,53.06419,300
E01028287,Newark and Sherwood 011C,-0.78027,53.05669,225
E01028288,Newark and Sherwood 011D,-0.77512,53.05359,75
E01028289,Newark and Sherwood 011E,-0.79178,53.05983,150
E01028290,Newark and Sherwood 011F,-0.78521,53.05095,150
E01028291,Newark and Sherwood 011G,-0.79555,53.05007,600
E01028292,Newark and Sherwood 009A,-0.77646,53.07478,250
E01028293,Newark and Sherwood 009B,-0.78935,53.07416,125
E01028294,Newark and Sherwood 007A,-0.80157,53.07308,225
E01028295,Newark and Sherwood 005A,-1.06876,53.15178,3000
E01028296,Newark and Sherwood 006A,-1.11338,53.13546,700
E01028297,Newark and Sherwood 005B,-1.03073,53.14461,900
E01028298,Newark and Sherwood 006B,-1.13657,53.10154,1000
E01028299,Newark and Sherwood 006C,-1.10127,53.10553,175
E01028300,Newark and Sherwood 006D,-1.10674,53.08764,200
E01028301,Newark and Sherwood 001A,-0.9874,53.21688,450
E01028302,Newark and Sherwood 001B,-0.99279,53.20238,600
E01028303,Newark and Sherwood 003A,-0.96343,53.22047,1000
E01028304,Newark and Sherwood 007B,-0.78761,53.08496,7000
E01028305,Newark and Sherwood 007C,-0.79979,53.07958,1000
E01028306,Newark and Sherwood 007D,-0.79966,53.09292,350
E01028307,Newark and Sherwood 007E,-0.79227,53.09304,450
E01028308,Newark and Sherwood 010A,-0.81761,53.06894,250
E01028309,Newark and Sherwood 010B,-0.8302,53.06423,600
E01028310,Newark and Sherwood 007F,-0.8126,53.08574,5000
E01028311,Newark and Sherwood 007G,-0.8226,53.08636,2250
E01028312,Newark and Sherwood 003B,-0.92368,53.15647,800
E01028313,Newark and Sherwood 002A,-1.10039,53.17266,500
E01028315,Newark and Sherwood 004A,-0.76979,53.14553,350
E01028316,Newark and Sherwood 004B,-0.74208,53.1251,250
E01028317,Newark and Sherwood 004C,-0.72976,53.23285,225
E01028318,Newark and Sherwood 010C,-0.81665,53.06426,75
E01028319,Newark and Sherwood 010D,-0.81988,53.06063,40
E01028320,Newark and Sherwood 010E,-0.81006,53.06008,175
E01028321,Newark and Sherwood 002C,-1.08396,53.19765,350
E01028322,Newark and Sherwood 002D,-1.04487,53.19722,150
E01028323,Newark and Sherwood 002E,-1.0697,53.1927,600
E01028325,Newark and Sherwood 012B,-0.84321,53.0193,450
E01028326,Newark and Sherwood 012C,-0.85405,53.05513,200
E01028327,Newark and Sherwood 005C,-1.0497,53.06674,600
E01028328,Newark and Sherwood 005D,-1.03397,53.10203,300
E01028329,Newark and Sherwood 005E,-1.00179,53.13821,1250
E01028330,Newark and Sherwood 013A,-1.00784,53.00066,400
E01028331,Newark and Sherwood 013B,-1.00953,53.02928,900
E01028332,Newark and Sherwood 013C,-0.9638,53.01051,400
E01028333,Newark and Sherwood 009C,-0.79917,53.06643,700
E01028334,Newark and Sherwood 009D,-0.80332,53.06208,600
E01028335,Newark and Sherwood 009E,-0.80908,53.0715,2250
E01028336,Newark and Sherwood 012D,-0.87227,53.09067,400
E01028337,Newark and Sherwood 003C,-0.84581,53.12219,300
E01028338,Newark and Sherwood 001C,-1.00551,53.20717,125
E01028339,Newark and Sherwood 001D,-1.05276,53.23392,400
E01028340,Newark and Sherwood 001E,-1.01769,53.20428,225
E01028342,Newark and Sherwood 006E,-1.11031,53.1163,20
E01028343,Newark and Sherwood 006F,-1.1561,53.11263,400
E01028344,Newark and Sherwood 006G,-1.10368,53.1156,75
E01028345,Newark and Sherwood 008A,-0.93752,53.06836,900
E01028346,Newark and Sherwood 008B,-0.95877,53.08434,600
E01028347,Newark and Sherwood 008C,-0.95909,53.07626,1000
E01028348,Newark and Sherwood 008D,-0.98006,53.06869,125
E01028349,Newark and Sherwood 003D,-0.84594,53.205,600
E01028350,Newark and Sherwood 003E,-0.80633,53.18595,400
E01028351,Newark and Sherwood 013D,-0.95796,53.03886,500
E01028352,Newark and Sherwood 012E,-0.9014,53.05671,175
E01028353,Newark and Sherwood 004D,-0.752,53.08562,3500
E01028354,Rushcliffe 004A,-1.11829,52.93178,300
E01028355,Rushcliffe 004B,-1.11896,52.92828,350
E01028356,Rushcliffe 006A,-1.11276,52.92587,175
E01028357,Rushcliffe 002A,-0.93919,52.95473,1250
E01028358,Rushcliffe 002B,-0.95548,52.95236,1000
E01028359,Rushcliffe 002C,-0.94496,52.94801,400
E01028360,Rushcliffe 002D,-0.97029,52.94607,400
E01028361,Rushcliffe 002E,-0.96895,52.94949,50
E01028362,Rushcliffe 002F,-0.96143,52.95164,100
E01028363,Rushcliffe 007A,-1.15229,52.92011,1500
E01028364,Rushcliffe 007B,-1.15146,52.91621,400
E01028365,Rushcliffe 007C,-1.14681,52.92682,2250
E01028366,Rushcliffe 009A,-1.03349,52.9071,10
E01028367,Rushcliffe 009B,-1.03637,52.92349,900
E01028368,Rushcliffe 009C,-1.04751,52.90595,175
E01028369,Rushcliffe 009D,-1.03323,52.9041,50
E01028370,Rushcliffe 009E,-1.03841,52.91001,450
E01028371,Rushcliffe 001A,-0.89916,52.95193,1250
E01028372,Rushcliffe 008A,-1.11151,52.91435,250
E01028374,Rushcliffe 008C,-1.10981,52.91884,225
E01028375,Rushcliffe 006B,-1.10561,52.93299,600
E01028376,Rushcliffe 006C,-1.07963,52.94004,500
E01028377,Rushcliffe 006D,-1.10413,52.91805,400
E01028378,Rushcliffe 014A,-1.22119,52.87449,600
E01028379,Rushcliffe 012A,-1.07907,52.87958,700
E01028380,Rushcliffe 013A,-1.09867,52.87453,100
E01028381,Rushcliffe 013B,-1.09829,52.86329,50
E01028382,Rushcliffe 013C,-1.08629,52.8744,300
E01028383,Rushcliffe 013D,-1.08898,52.86729,400
E01028384,Rushcliffe 004C,-1.12527,52.93649,175
E01028385,Rushcliffe 004D,-1.11666,52.93596,175
E01028386,Rushcliffe 004E,-1.12171,52.93998,450
E01028387,Rushcliffe 014B,-1.17385,52.84716,1750
E01028388,Rushcliffe 015A,-1.21506,52.83942,175
E01028391,Rushcliffe 007D,-1.14287,52.91218,250
E01028392,Rushcliffe 007E,-1.14158,52.92118,1250
E01028393,Rushcliffe 003A,-1.0282,52.94229,175
E01028394,Rushcliffe 003B,-1.04755,52.94155,150
E01028395,Rushcliffe 003C,-1.01345,52.94434,175
E01028396,Rushcliffe 005A,-1.1271,52.92381,600
E01028397,Rushcliffe 006E,-1.11798,52.92167,100
E01028398,Rushcliffe 005B,-1.12775,52.92816,800
E01028399,Rushcliffe 005C,-1.13428,52.92564,350
E01028400,Rushcliffe 008D,-1.13065,52.92037,600
E01028401,Rushcliffe 008E,-1.1269,52.91605,75
E01028403,Rushcliffe 001B,-0.9347,52.98958,1000
E01028404,Rushcliffe 011A,-1.13579,52.89218,1000
E01028405,Rushcliffe 011B,-1.16136,52.88025,5000
E01028406,Rushcliffe 011C,-1.13592,52.89991,300
E01028407,Rushcliffe 011D,-1.15796,52.90307,400
E01028408,Rushcliffe 014C,-1.24573,52.83911,2250
E01028409,Rushcliffe 015D,-1.13346,52.8562,700
E01028411,Rushcliffe 001C,-0.87377,52.98546,450
E01028412,Rushcliffe 012B,-1.08286,52.90395,800
E01028413,Rushcliffe 003D,-1.03117,52.95039,175
E01028414,Rushcliffe 003E,-1.0401,52.94917,700
E01028415,Rushcliffe 003F,-0.9966,52.96806,450
E01028416,Rushcliffe 005D,-1.13014,52.93768,6000
E01028417,Rushcliffe 005E,-1.13411,52.93398,2000
E01028418,Rushcliffe 005F,-1.13481,52.92956,350
E01028419,Rushcliffe 010B,-0.99097,52.92548,500
E01028420,Rushcliffe 010C,-0.93301,52.89942,1250
E01029405,East Staffordshire 001A,-1.8869,52.87208,1500
E01029406,East Staffordshire 001B,-1.95578,52.9278,225
E01029422,East Staffordshire 001C,-1.85185,52.96773,4500
E01029423,East Staffordshire 001D,-1.83436,52.95792,450
E01029424,East Staffordshire 006C,-1.75856,52.83762,1000
E01029425,East Staffordshire 006D,-1.82636,52.86438,1500
E01029426,East Staffordshire 008A,-1.63841,52.81437,600
E01029427,East Staffordshire 008B,-1.63732,52.81918,100
E01029428,East Staffordshire 008C,-1.62441,52.82563,2250
E01029429,East Staffordshire 008D,-1.63203,52.81923,125
E01029430,East Staffordshire 002A,-1.89022,52.90474,175
E01029431,East Staffordshire 002B,-1.88155,52.90571,400
E01029432,East Staffordshire 002C,-1.88367,52.90278,50
E01029433,East Staffordshire 002D,-1.86256,52.91043,200
E01029434,East Staffordshire 007A,-1.64576,52.82245,250
E01029435,East Staffordshire 007B,-1.65473,52.81935,4000
E01029436,East Staffordshire 007C,-1.64493,52.8186,100
E01029437,East Staffordshire 007D,-1.63939,52.82524,600
E01029438,East Staffordshire 007E,-1.65184,52.82529,15
E01029443,East Staffordshire 004A,-1.63669,52.84474,225
E01029444,East Staffordshire 004B,-1.6624,52.84667,300
E01029454,East Staffordshire 005A,-1.63882,52.83336,300
E01029455,East Staffordshire 005B,-1.61487,52.83372,200
E01029456,East Staffordshire 005C,-1.62982,52.83809,175
E01029457,East Staffordshire 005D,-1.63393,52.82654,30
E01029458,East Staffordshire 005E,-1.61495,52.83998,225
E01029459,East Staffordshire 003A,-1.87395,52.88839,100
E01029460,East Staffordshire 003B,-1.84784,52.8967,2250
E01029461,East Staffordshire 003C,-1.86227,52.90301,1750
E01029462,East Staffordshire 003D,-1.88161,52.89404,700
E01029463,East Staffordshire 004C,-1.702,52.83659,700
E01029464,East Staffordshire 004D,-1.69242,52.85805,250
E01029465,East Staffordshire 004E,-1.67821,52.85369,350
E01029466,East Staffordshire 004F,-1.66274,52.81992,250
E01029467,East Staffordshire 001E,-1.82387,53.00999,400
E01029532,Newcastle-under-Lyme 005A,-2.30627,53.06388,350
E01029533,Newcastle-under-Lyme 005B,-2.28004,53.05,100
E01029534,Newcastle-under-Lyme 005C,-2.29309,53.05147,75
E01029535,Newcastle-under-Lyme 005D,-2.30545,53.05142,15
E01029536,Newcastle-under-Lyme 004A,-2.23651,53.05568,1750
E01029537,Newcastle-under-Lyme 006A,-2.22432,53.04135,300
E01029538,Newcastle-under-Lyme 006B,-2.23625,53.04351,2000
E01029539,Newcastle-under-Lyme 006C,-2.23514,53.03713,500
E01029540,Newcastle-under-Lyme 003A,-2.25018,53.07965,35
E01029541,Newcastle-under-Lyme 003B,-2.25982,53.08432,225
E01029542,Newcastle-under-Lyme 003C,-2.26134,53.0879,900
E01029543,Newcastle-under-Lyme 003D,-2.24746,53.08429,200
E01029544,Newcastle-under-Lyme 004B,-2.26082,53.0547,100
E01029545,Newcastle-under-Lyme 004C,-2.24973,53.05374,350
E01029546,Newcastle-under-Lyme 004D,-2.26542,53.04744,100
E01029547,Newcastle-under-Lyme 007A,-2.25107,53.04506,1000
E01029548,Newcastle-under-Lyme 007B,-2.26203,53.04165,700
E01029549,Newcastle-under-Lyme 014A,-2.21764,52.99085,40
E01029551,Newcastle-under-Lyme 014B,-2.21906,52.9987,125
E01029552,Newcastle-under-Lyme 006D,-2.23229,53.02839,200
E01029553,Newcastle-under-Lyme 010A,-2.2369,53.02432,450
E01029554,Newcastle-under-Lyme 010B,-2.23896,53.02057,350
E01029555,Newcastle-under-Lyme 011A,-2.23282,53.01633,1750
E01029556,Newcastle-under-Lyme 005E,-2.30533,53.03622,300
E01029557,Newcastle-under-Lyme 013A,-2.36283,53.03597,350
E01029558,Newcastle-under-Lyme 006E,-2.24292,53.03942,200
E01029559,Newcastle-under-Lyme 007C,-2.25197,53.03127,7000
E01029560,Newcastle-under-Lyme 007D,-2.25062,53.03643,600
E01029561,Newcastle-under-Lyme 002A,-2.23408,53.09499,300
E01029562,Newcastle-under-Lyme 001A,-2.22143,53.0942,75
E01029563,Newcastle-under-Lyme 002B,-2.22511,53.09224,45
E01029564,Newcastle-under-Lyme 002C,-2.2416,53.09002,225
E01029565,Newcastle-under-Lyme 001B,-2.22357,53.08884,45
E01029566,Newcastle-under-Lyme 010C,-2.24556,53.01722,25
E01029567,Newcastle-under-Lyme 010D,-2.25898,53.01803,1000
E01029568,Newcastle-under-Lyme 007E,-2.25375,53.02217,75
E01029570,Newcastle-under-Lyme 016B,-2.32869,52.95861,700
E01029573,Newcastle-under-Lyme 013B,-2.33298,53.00967,225
E01029574,Newcastle-under-Lyme 013C,-2.36243,52.99904,300
E01029575,Newcastle-under-Lyme 013D,-2.33052,52.99782,75
E01029576,Newcastle-under-Lyme 012A,-2.30015,53.0092,6000
E01029577,Newcastle-under-Lyme 009A,-2.22079,53.02389,75
E01029578,Newcastle-under-Lyme 011B,-2.21982,53.0182,1000
E01029579,Newcastle-under-Lyme 009B,-2.21124,53.02302,900
E01029580,Newcastle-under-Lyme 009C,-2.21001,53.0192,700
E01029581,Newcastle-under-Lyme 001C,-2.21331,53.09479,125
E01029582,Newcastle-under-Lyme 001D,-2.21013,53.10125,300
E01029583,Newcastle-under-Lyme 008A,-2.2249,53.03737,100
E01029584,Newcastle-under-Lyme 008B,-2.21656,53.0373,150
E01029585,Newcastle-under-Lyme 008C,-2.22253,53.03485,125
E01029586,Newcastle-under-Lyme 001E,-2.23674,53.0793,125
E01029587,Newcastle-under-Lyme 001F,-2.22731,53.08194,45
E01029588,Newcastle-under-Lyme 002D,-2.23892,53.0861,500
E01029589,Newcastle-under-Lyme 015B,-2.22914,52.98489,300
E01029590,Newcastle-under-Lyme 015C,-2.23872,52.98806,45
E01029591,Newcastle-under-Lyme 014C,-2.22884,52.99098,150
E01029593,Newcastle-under-Lyme 012B,-2.28211,53.01999,300
E01029594,Newcastle-under-Lyme 012C,-2.26962,53.01289,450
E01029595,Newcastle-under-Lyme 003E,-2.26897,53.07661,150
E01029596,Newcastle-under-Lyme 004E,-2.25785,53.06627,1000
E01029597,Newcastle-under-Lyme 003F,-2.25694,53.07152,75
E01029598,Newcastle-under-Lyme 010E,-2.2419,53.01127,450
E01029599,Newcastle-under-Lyme 010F,-2.25029,53.00679,250
E01029600,Newcastle-under-Lyme 014D,-2.23861,53.0037,75
E01029601,Newcastle-under-Lyme 015E,-2.25053,52.9984,450
E01029602,Newcastle-under-Lyme 011C,-2.22252,53.00838,1000
E01029603,Newcastle-under-Lyme 011D,-2.21627,53.01005,1500
E01029604,Newcastle-under-Lyme 011E,-2.22952,53.01276,5000
E01029605,Newcastle-under-Lyme 014E,-2.22894,53.00424,150
E01029606,Newcastle-under-Lyme 015F,-2.23554,52.998,100
E01029607,Newcastle-under-Lyme 014F,-2.22873,52.99554,100
E01029608,Newcastle-under-Lyme 015G,-2.24454,52.99034,200
E01029609,Newcastle-under-Lyme 008D,-2.21652,53.03347,450
E01029610,Newcastle-under-Lyme 009D,-2.22621,53.03176,125
E01029611,Newcastle-under-Lyme 008E,-2.21185,53.031,1000
E01029612,Newcastle-under-Lyme 009E,-2.22254,53.0279,350
E01029681,Stafford 002A,-2.14354,52.95608,500
E01029682,Stafford 002B,-2.16716,52.94257,350
E01029683,Stafford 002C,-2.14206,52.92259,600
E01029687,Stafford 008A,-1.99146,52.86068,800
E01029702,Stafford 001A,-2.07716,52.96912,400
E01029703,Stafford 001B,-2.07177,52.94032,250
E01029704,Stafford 001C,-2.11129,52.95214,150
E01029705,Stafford 001D,-2.06901,52.95783,400
E01029733,Stafford 004A,-2.05698,52.8889,900
E01029739,Stafford 004B,-2.124,52.9004,75
E01029740,Stafford 003A,-2.12928,52.89968,40
E01029741,Stafford 004C,-2.12852,52.89116,350
E01029744,Stafford 003B,-2.15582,52.9058,1250
E01029745,Stafford 003C,-2.13992,52.90378,1750
E01029746,Stafford 003D,-2.13677,52.91084,600
E01029748,Stafford 002D,-2.23248,52.96067,900
E01029749,Stafford 002E,-2.22908,52.93225,350
E01029753,Stafford 003E,-2.15333,52.89293,350
E01029754,Stafford 004D,-2.13988,52.88901,2250
E01029755,Stafford 004E,-2.15424,52.88966,700
E01029756,Stafford 003F,-2.15627,52.8985,250
E01029761,Staffordshire Moorlands 010A,-1.90193,52.98745,3500
E01029762,Staffordshire Moorlands 008A,-2.10826,53.0575,600
E01029763,Staffordshire Moorlands 003A,-2.17285,53.11303,150
E01029764,Staffordshire Moorlands 003B,-2.16297,53.11048,75
E01029765,Staffordshire Moorlands 003C,-2.17309,53.10933,20
E01029766,Staffordshire Moorlands 003D,-2.17106,53.11692,225
E01029767,Staffordshire Moorlands 002A,-2.14334,53.11666,250
E01029768,Staffordshire Moorlands 004A,-2.17796,53.1348,150
E01029769,Staffordshire Moorlands 002B,-2.14949,53.14059,300
E01029770,Staffordshire Moorlands 002C,-2.16331,53.11869,100
E01029771,Staffordshire Moorlands 004B,-2.15257,53.10079,450
E01029772,Staffordshire Moorlands 004C,-2.18964,53.10439,500
E01029773,Staffordshire Moorlands 004D,-2.19174,53.11693,250
E01029774,Staffordshire Moorlands 003E,-2.17676,53.11762,800
E01029775,Staffordshire Moorlands 008B,-2.15207,53.08261,175
E01029776,Staffordshire Moorlands 008C,-2.11645,53.08457,500
E01029777,Staffordshire Moorlands 008D,-2.12897,53.0751,250
E01029778,Staffordshire Moorlands 012A,-2.06564,52.99995,600
E01029779,Staffordshire Moorlands 009A,-2.0778,53.02831,225
E01029780,Staffordshire Moorlands 009B,-2.09132,53.02418,500
E01029781,Staffordshire Moorlands 011A,-1.97858,52.99088,100
E01029782,Staffordshire Moorlands 010B,-1.96643,53.0016,400
E01029783,Staffordshire Moorlands 011B,-1.98022,52.98648,350
E01029784,Staffordshire Moorlands 013A,-1.96572,52.97652,300
E01029785,Staffordshire Moorlands 013B,-2.00079,52.97298,1250
E01029786,Staffordshire Moorlands 011C,-2.01751,53.00472,1500
E01029787,Staffordshire Moorlands 011D,-1.99209,52.98518,1250
E01029788,Staffordshire Moorlands 013C,-1.94379,52.95695,250
E01029789,Staffordshire Moorlands 012B,-2.02809,52.95085,500
E01029790,Staffordshire Moorlands 013D,-1.98937,52.95618,75
E01029791,Staffordshire Moorlands 013E,-1.99787,52.94442,225
E01029792,Staffordshire Moorlands 006A,-2.01724,53.06458,800
E01029793,Staffordshire Moorlands 006B,-2.04528,53.06441,250
E01029794,Staffordshire Moorlands 009C,-2.05221,53.04906,700
E01029795,Staffordshire Moorlands 010C,-1.921,53.02224,500
E01029796,Staffordshire Moorlands 010D,-2.00042,53.01657,250
E01029797,Staffordshire Moorlands 001A,-2.00531,53.16846,700
E01029798,Staffordshire Moorlands 012C,-2.05589,52.96625,450
E01029799,Staffordshire Moorlands 012D,-2.04295,52.97251,150
E01029800,Staffordshire Moorlands 012E,-2.0654,52.96794,175
E01029801,Staffordshire Moorlands 007A,-1.84381,53.08016,600
E01029802,Staffordshire Moorlands 002D,-2.08924,53.12047,450
E01029803,Staffordshire Moorlands 007B,-1.9592,53.06228,350
E01029804,Staffordshire Moorlands 005A,-2.02211,53.1045,1500
E01029805,Staffordshire Moorlands 006C,-2.00993,53.09287,300
E01029806,Staffordshire Moorlands 001B,-2.0045,53.10757,500
E01029807,Staffordshire Moorlands 005B,-2.0358,53.11492,1250
E01029808,Staffordshire Moorlands 001C,-2.01744,53.11162,600
E01029809,Staffordshire Moorlands 001D,-2.00731,53.11509,125
E01029810,Staffordshire Moorlands 001E,-2.01128,53.11338,200
E01029811,Staffordshire Moorlands 005C,-2.0311,53.10056,300
E01029812,Staffordshire Moorlands 005D,-2.02923,53.10406,1250
E01029813,Staffordshire Moorlands 006D,-2.03881,53.09009,2250
E01029814,Staffordshire Moorlands 005E,-2.03636,53.10792,125
E01029815,Staffordshire Moorlands 006E,-2.05042,53.10827,350
E01029816,Staffordshire Moorlands 006F,-2.04442,53.09907,100
E01029817,Staffordshire Moorlands 007C,-1.88896,53.12262,500
E01029818,Staffordshire Moorlands 009D,-2.10613,53.02307,225
E01029819,Staffordshire Moorlands 009E,-2.10909,53.02958,225
E01032485,Blackburn with Darwen 018E,-2.40965,53.65977,600
E01032486,Blackburn with Darwen 018F,-2.39591,53.64869,200
E01032487,Leeds 097F,-1.45301,53.75273,125
E01032488,Leeds 097G,-1.45904,53.75319,200
E01032489,Leeds 102F,-1.59286,53.74828,600
E01032490,Leeds 102G,-1.58721,53.74298,100
E01032491,Leeds 102H,-1.58528,53.73724,1750
E01032492,Leeds 102I,-1.5951,53.74528,600
E01032493,Leeds 033F,-1.61554,53.82579,125
E01032494,Leeds 033G,-1.62074,53.82875,225
E01032496,Leeds 105F,-1.50828,53.73742,400
E01032497,Leeds 099E,-1.54201,53.75906,300
E01032498,Leeds 099F,-1.55051,53.75226,250
E01032499,Leeds 067G,-1.60861,53.80076,1000
E01032500,Leeds 067H,-1.59749,53.79889,300
E01032501,Leeds 017E,-1.62608,53.84932,75
E01032502,Leeds 017F,-1.62372,53.84542,50
E01032503,Leeds 007E,-1.64245,53.87509,5000
E01032504,Leeds 007F,-1.6023,53.8778,300
E01032505,Liverpool 050F,-2.96083,53.37604,150
E01032506,Liverpool 050G,-2.95628,53.37956,600
E01032507,Liverpool 050H,-2.95353,53.37799,100
E01032508,Liverpool 027G,-2.91721,53.41237,1250
E01032509,Liverpool 027H,-2.92407,53.40953,1250
E01032510,Liverpool 008F,-2.9408,53.4505,800
E01032511,Liverpool 008G,-2.9476,53.45415,1250
E01032520,Nottingham 028E,-1.1634,52.9529,1000
E01032522,Nottingham 028F,-1.15837,52.95045,7000
E01032540,Hartlepool 003G,-1.23363,54.7012,125
E01032541,Hartlepool 003H,-1.23763,54.6956,350
E01032542,Stockton-on-Tees 009F,-1.35068,54.58555,75
E01032543,Stockton-on-Tees 009G,-1.35725,54.58394,75
E01032544,Stockton-on-Tees 009H,-1.34953,54.58066,3500
E01032545,Darlington 002E,-1.54393,54.55269,100
E01032546,Darlington 002F,-1.55373,54.5554,250
E01032548,Redcar and Cleveland 019E,-1.0731,54.52693,225
E01032549,Redcar and Cleveland 019F,-1.0835,54.53225,300
E01032551,Barnsley 010H,-1.49023,53.56725,300
E01032552,Middlesbrough 018G,-1.25287,54.52349,75
E01032556,Oldham 026E,-2.07491,53.53526,300
E01032557,Oldham 026F,-2.07539,53.52957,50
E01032558,Oldham 007E,-2.0744,53.56936,75
E01032559,Oldham 007F,-2.08226,53.56648,450
E01032560,Redcar and Cleveland 003E,-1.09611,54.58889,4500
E01032561,Redcar and Cleveland 003F,-1.10097,54.60484,900
E01032585,Sheffield 072E,-1.35368,53.32154,150
E01032586,North East Derbyshire 014D,-1.35658,53.31394,450
E01032593,Middlesbrough 020F,-1.16633,54.51497,350
E01032594,Redcar and Cleveland 021E,-1.17504,54.53303,175
E01032595,Kingston upon Hull 033E,-0.41149,53.73638,500
E01032596,East Riding of Yorkshire 043F,-0.41521,53.74261,250
E01032606,Leeds 067I,-1.62112,53.80298,1250
E01032607,Leeds 067J,-1.59753,53.79577,600
E01032608,Leeds 067K,-1.60309,53.79894,125
E01032613,Amber Valley 017E,-1.34773,52.99122,900
E01032614,Erewash 016E,-1.32597,52.9852,50
E01032621,Nottingham 038E,-1.14934,53.00415,75
E01032622,Gedling 016D,-1.14512,53.01247,100
E01032683,West Lindsey 001G,-0.26094,53.57892,400
E01032684,Salford 034D,-2.2624,53.48935,75
E01032876,Leeds 109G,-1.57957,53.83706,225
E01032897,East Staffordshire 011G,-1.60932,52.82487,2250
E01032904,St. Helens 025C,-2.75157,53.43045,100
E01032905,St. Helens 025D,-2.75493,53.4246,250
E01032906,Salford 034E,-2.26019,53.48145,4500
E01032909,Salford 033F,-2.24875,53.48511,4500
E01032912,Salford 035B,-2.28215,53.47422,11000
E01032914,Salford 035A,-2.29365,53.47751,3500
E01032915,Salford 036C,-2.27117,53.47244,175
E01032920,Oldham 011E,-2.09644,53.54858,1500
E01032922,Oldham 020E,-1.99988,53.54732,300
E01032923,Calderdale 008F,-1.86289,53.73075,3000
E01032924,Barnsley 026F,-1.37462,53.52133,900
E01032925,Barnsley 026G,-1.39236,53.51973,1750
E01032926,Rotherham 012E,-1.28181,53.43666,175
E01032927,Rotherham 012F,-1.28895,53.43339,75
E01032946,Leeds 110G,-1.56857,53.81798,900
E01032986,East Lindsey 004D,-0.00446,53.36825,700
E01032987,East Lindsey 004E,0.001377,53.3709,225
E01032988,North Kesteven 013B,-0.59486,53.176,75
E01032989,North Kesteven 013C,-0.60918,53.17902,100
E01032991,North Kesteven 014E,-0.60201,53.19853,8000
E01032992,North Kesteven 014F,-0.60772,53.18742,700
E01032993,North Kesteven 013D,-0.59734,53.18014,300
E01032994,North Kesteven 003H,-0.61764,53.16224,1000
E01033002,Leeds 055F,-1.53982,53.80406,1250
E01033003,Leeds 055G,-1.53491,53.80511,500
E01033008,Leeds 111A,-1.55386,53.79962,30000
E01033010,Leeds 111B,-1.54188,53.7999,41000
E01033011,Leeds 111C,-1.53507,53.79651,8000
E01033013,Leeds 082E,-1.56015,53.78905,2500
E01033015,Leeds 111D,-1.55506,53.79408,24000
E01033016,Leeds 111E,-1.54418,53.79044,27000
E01033021,Leeds 075E,-1.52227,53.79538,1000
E01033031,Leeds 064E,-1.52867,53.80726,2250
E01033033,Leeds 075F,-1.53074,53.79551,700
E01033034,Leeds 075G,-1.5296,53.79263,225
E01033035,Leeds 064F,-1.52461,53.80335,12000
E01033067,York 013F,-1.06875,53.95797,7000
E01033068,York 013G,-1.0871,53.95864,11000
E01033069,York 013H,-1.08579,53.95479,600
E01033070,York 013I,-1.07766,53.95716,7000
E01033071,Lancaster 014E,-2.79914,54.04621,12000
E01033072,Lancaster 016I,-2.87676,54.02298,3000
E01033073,Lancaster 014F,-2.8034,54.04311,1250
E01033094,Sefton 004F,-3.00383,53.65266,300
E01033095,Sefton 033F,-2.98968,53.46803,400
E01033097,Sefton 004G,-3.00036,53.65092,1000
E01033104,Kingston upon Hull 029E,-0.3348,53.7421,16000
E01033105,Kingston upon Hull 035D,-0.34256,53.79675,1000
E01033107,Kingston upon Hull 035E,-0.35249,53.79592,350
E01033109,Kingston upon Hull 029F,-0.33421,53.75062,7000
E01033161,County Durham 021D,-1.37453,54.81207,1750
E01033166,Derby 018F,-1.46959,52.91798,3000
E01033167,Derby 018G,-1.46665,52.91334,7000
E01033168,Derby 030E,-1.44518,52.87455,100
E01033169,Derby 030F,-1.45727,52.87332,400
E01033170,Derby 030G,-1.44267,52.8683,300
E01033171,Derby 024E,-1.43986,52.90668,2500
E01033172,Derby 024F,-1.45352,52.90927,25000
E01033184,Richmondshire 004H,-1.7468,54.3761,175
E01033185,Richmondshire 006F,-1.83949,54.31921,900
E01033186,Richmondshire 006G,-1.81219,54.3016,700
E01033195,County Durham 030E,-1.56584,54.77982,100
E01033197,County Durham 030F,-1.56503,54.77199,1750
E01033198,County Durham 021E,-1.38645,54.81797,125
E01033205,County Durham 021F,-1.40469,54.79457,100
E01033206,County Durham 021G,-1.41385,54.80554,150
E01033217,Bolton 016E,-2.43143,53.5805,8000
E01033218,Bolton 028F,-2.49698,53.55615,50
E01033219,Bolton 028G,-2.49929,53.56399,175
E01033220,Bolton 016F,-2.42549,53.58565,4000
E01033223,Preston 017F,-2.69722,53.76062,9000
E01033224,Preston 017G,-2.68856,53.75785,2000
E01033226,Preston 017H,-2.69226,53.75616,1250
E01033228,Knowsley 008F,-2.85965,53.4252,500
E01033257,Newcastle-under-Lyme 015H,-2.21566,52.98286,500
E01033259,Doncaster 014E,-1.06739,53.53463,300
E01033260,Doncaster 014F,-1.06825,53.5406,100
E01033261,Sheffield 073A,-1.47727,53.38349,900
E01033262,Sheffield 073B,-1.4715,53.38484,5000
E01033263,Sheffield 073C,-1.47791,53.39037,1500
E01033264,Sheffield 073D,-1.46802,53.38015,19000
E01033265,Sheffield 074C,-1.47387,53.38035,6000
E01033268,Sheffield 075G,-1.4594,53.38319,17000
E01033269,Sheffield 022G,-1.44383,53.39327,15000
E01033270,Sheffield 022H,-1.47165,53.3922,4000
E01033271,Sheffield 040E,-1.4787,53.3725,1000
E01033272,Sheffield 040F,-1.4829,53.37294,900
E01033273,Sheffield 042F,-1.46512,53.37088,1000
E01033274,Sheffield 042G,-1.46802,53.37535,6000
E01033275,Sheffield 008F,-1.51952,53.41594,50
E01033276,Sheffield 073E,-1.47939,53.38648,250
E01033277,Sheffield 011E,-1.47093,53.42599,200
E01033279,Sheffield 076F,-1.38442,53.3514,125
E01033280,Sheffield 008G,-1.52253,53.43177,700
E01033281,Rossendale 004G,-2.27228,53.69286,2500
E01033296,North Lincolnshire 018F,-0.62638,53.5607,100
E01033297,North Lincolnshire 018G,-0.63156,53.55787,75
E01033299,Warrington 017F,-2.58203,53.39557,300
E01033300,Warrington 018F,-2.59492,53.38945,32000
E01033302,Warrington 018G,-2.60534,53.38571,6000
E01033303,Warrington 017G,-2.58819,53.39826,175
E01033330,Salford 033E,-2.25673,53.49181,3000
E01033372,Cheshire East 050E,-2.53204,53.06903,250
E01033373,Cheshire East 050F,-2.5344,53.06556,1500
E01033375,Cheshire East 053B,-2.50582,53.05905,300
E01033376,Cheshire East 053A,-2.50808,53.06262,150
E01033378,Cheshire East 053E,-2.48677,53.04398,1250
E01033387,Chesterfield 010F,-1.42375,53.23292,6000
E01033388,Chesterfield 010G,-1.43128,53.23,1500
E01033389,Mansfield 013G,-1.18303,53.13537,75
E01033390,Mansfield 013H,-1.18014,53.13327,125
E01033391,Mansfield 013I,-1.18667,53.12931,75
E01033392,Mansfield 006G,-1.23734,53.1627,2500
E01033394,Newark and Sherwood 012G,-0.83872,53.04664,400
E01033395,Nottingham 026G,-1.18074,52.95824,900
E01033396,Nottingham 026H,-1.17708,52.95419,500
E01033397,Nottingham 006F,-1.16533,52.99374,100
E01033398,Nottingham 006G,-1.16169,52.99197,75
E01033399,Nottingham 023E,-1.14469,52.95884,8000
E01033400,Nottingham 039B,-1.14706,52.94932,10000
E01033402,Nottingham 039C,-1.13736,52.94696,10000
E01033407,Nottingham 039F,-1.14096,52.95306,2250
E01033409,Nottingham 023H,-1.1478,52.95678,8000
E01033410,Nottingham 031I,-1.18847,52.93471,16000
E01033411,Nottingham 023I,-1.13856,52.96022,100
E01033412,Broxtowe 016F,-1.26893,52.95461,600
E01033413,Broxtowe 016G,-1.2861,52.99178,225
E01033414,North East Lincolnshire 009E,-0.11581,53.56526,500
E01033465,Hartlepool 001F,-1.24746,54.70787,225
E01033466,Hartlepool 003I,-1.22273,54.69606,175
E01033467,Hartlepool 001G,-1.23979,54.70528,250
E01033469,Middlesbrough 006E,-1.2323,54.55636,300
E01033470,Redcar and Cleveland 022G,-1.17904,54.57809,4500
E01033471,Redcar and Cleveland 009F,-1.15085,54.58562,350
E01033472,Redcar and Cleveland 019G,-1.06248,54.52618,75
E01033473,Redcar and Cleveland 013E,-0.89839,54.55762,200
E01033474,Stockton-on-Tees 027C,-1.32152,54.51973,1250
E01033475,Stockton-on-Tees 028A,-1.32366,54.53034,150
E01033476,Stockton-on-Tees 005F,-1.36365,54.63299,450
E01033479,Stockton-on-Tees 027A,-1.31706,54.52652,125
E01033480,Stockton-on-Tees 005G,-1.36203,54.61953,5000
E01033481,Darlington 001E,-1.59309,54.54895,1000
E01033482,Darlington 001F,-1.57331,54.54907,3000
E01033495,East Riding of Yorkshire 032G,-0.55853,53.72597,75
E01033496,East Riding of Yorkshire 032H,-0.56324,53.73391,75
E01033532,South Derbyshire 002F,-1.64263,52.88045,400
E01033533,South Derbyshire 002G,-1.63355,52.86974,350
E01033534,South Derbyshire 002H,-1.64038,52.86892,35
E01033651,Manchester 054B,-2.22942,53.48868,6000
E01033653,Manchester 055B,-2.23691,53.47923,30000
E01033654,Manchester 055C,-2.23139,53.47964,10000
E01033655,Manchester 056B,-2.24189,53.4912,3500
E01033656,Manchester 057B,-2.24629,53.47223,7000
E01033658,Manchester 054C,-2.24324,53.48336,64000
E01033660,Manchester 059B,-2.26354,53.47189,300
E01033661,Manchester 055E,-2.22446,53.47712,9000
E01033662,Manchester 057C,-2.24085,53.475,15000
E01033664,Manchester 054D,-2.23603,53.48821,8000
E01033665,Manchester 056C,-2.2333,53.49396,3500
E01033667,Manchester 054E,-2.23506,53.48498,5000
E01033668,Manchester 015F,-2.19451,53.48737,300
E01033669,Manchester 015G,-2.19168,53.48474,1000
E01033670,Manchester 039E,-2.2508,53.42988,1000
E01033671,Manchester 039F,-2.24337,53.42946,800
E01033672,Manchester 059C,-2.25427,53.47046,300
E01033673,Manchester 059D,-2.26155,53.47386,300
E01033674,Manchester 058C,-2.24816,53.4933,6000
E01033675,Manchester 058D,-2.2492,53.5011,225
E01033676,Manchester 056D,-2.22735,53.50028,2000
E01033677,Manchester 060A,-2.24662,53.47617,21000
E01033678,Manchester 009F,-2.21096,53.49951,900
E01033679,Manchester 009G,-2.21704,53.49897,45
E01033680,Manchester 028E,-2.25513,53.45303,400
E01033681,Manchester 060B,-2.25708,53.47681,16000
E01033682,Manchester 060C,-2.25466,53.47621,7000
E01033684,Manchester 062D,-2.21984,53.47884,300
E01033685,Manchester 003F,-2.18124,53.52576,200
E01033686,Manchester 028F,-2.25883,53.45241,175
E01033687,Manchester 003G,-2.18969,53.52599,225
E01033688,Manchester 062B,-2.20991,53.48253,3500
E01033689,Bradford 020E,-1.77978,53.8364,3500
E01033690,Bradford 065C,-1.75267,53.79357,13000
E01033691,Bradford 065B,-1.76067,53.79768,3500
E01033692,Bradford 064D,-1.74398,53.79601,2000
E01033693,Bradford 064A,-1.7545,53.80452,6000
E01033694,Bradford 020F,-1.78561,53.8378,2500
E01033695,Bradford 049H,-1.81259,53.76797,350
E01033696,Bradford 049I,-1.82043,53.77465,40
E01033697,Bradford 049J,-1.78917,53.78535,500
E01033747,Liverpool 018F,-2.96397,53.42817,250
E01033748,Liverpool 050I,-2.97534,53.38172,7000
E01033750,Liverpool 061A,-2.98536,53.39313,800
E01033751,Liverpool 062A,-2.99458,53.4141,1500
E01033756,Liverpool 061C,-2.99134,53.40028,13000
E01033757,Liverpool 037E,-2.96531,53.39974,350
E01033758,Liverpool 060B,-2.97208,53.41121,800
E01033760,Liverpool 060C,-2.9793,53.40824,10000
E01033761,Liverpool 060D,-2.98011,53.40176,3500
E01033762,Liverpool 060E,-2.98622,53.41116,1750
E01033763,Liverpool 031G,-2.95027,53.40593,450
E01033765,Liverpool 061D,-2.98012,53.39025,800
E01033767,Liverpool 050J,-2.97013,53.38113,50
E01033768,Liverpool 037F,-2.96505,53.39758,100
E01033769,Bassetlaw 014F,-1.12306,53.25631,1500
E01033770,Newark and Sherwood 001G,-1.0084,53.19878,1750
E01033771,Newark and Sherwood 001H,-1.02039,53.19409,1000
E01033772,Newark and Sherwood 002F,-1.13605,53.17672,0
E01033773,Newark and Sherwood 002G,-1.11618,53.1704,100
E01033774,Newark and Sherwood 002H,-1.12269,53.16277,225
E01033775,Mansfield 007G,-1.16876,53.15879,10
E01033776,Mansfield 007H,-1.167,53.15623,500
E01033777,Newark and Sherwood 012H,-0.77023,53.04971,175
E01033778,Ashfield 013F,-1.18697,53.04526,200
E01033779,Ashfield 013G,-1.18748,53.04125,30
E01033780,Newark and Sherwood 012I,-0.78079,53.03517,800
E01033781,Ashfield 013H,-1.18859,53.03483,1500
E01033782,Ashfield 013I,-1.18711,53.02724,75
E01033783,Ashfield 013J,-1.19378,53.02133,125
E01033793,St. Helens 013D,-2.64454,53.44805,1000
E01033794,St. Helens 013E,-2.65932,53.45256,35
E01033795,St. Helens 022G,-2.68105,53.43647,300
E01033796,St. Helens 022H,-2.70262,53.43068,500
E01033797,Sefton 004H,-3.01239,53.64617,1500
E01033798,Sefton 004I,-3.00385,53.64748,4000
E01033799,Sefton 018G,-2.92149,53.51763,25
E01033800,Sefton 018H,-2.92399,53.52176,2000
E01033898,Bradford 030E,-1.80402,53.81677,200
E01033899,Bradford 030F,-1.81037,53.81219,10
E01033900,Bradford 044G,-1.77738,53.78965,75
E01033901,Bradford 044H,-1.77863,53.78887,100
E01033947,Stockport 014E,-2.15412,53.41268,8000
E01033948,Stockport 014F,-2.15751,53.4058,4500
E01033949,Tameside 013F,-2.10271,53.4874,600
E01033950,Tameside 013G,-2.10295,53.48092,800
E01033976,Salford 003D,-2.37125,53.52639,600
E01033977,Salford 003E,-2.38994,53.52436,225
E01033978,Salford 008E,-2.30738,53.51361,100
E01033979,Salford 008F,-2.30024,53.51192,1750
E01033980,Salford 017G,-2.27384,53.50378,150
E01033981,Salford 017H,-2.27615,53.49463,900
E01033982,Salford 021H,-2.30803,53.48615,300
E01033983,Salford 021I,-2.31304,53.47974,2000
E01033984,Salford 024E,-2.28446,53.48425,250
E01033985,Salford 032A,-2.25861,53.49795,600
E01033986,Salford 032B,-2.26268,53.49447,225
E01033987,Salford 033A,-2.25169,53.49038,700
E01033988,Salford 033B,-2.25175,53.48668,225
E01033989,Salford 033C,-2.25715,53.48447,9000
E01033990,Salford 033D,-2.25377,53.48397,1000
E01033991,Salford 034A,-2.27159,53.48455,5000
E01033992,Salford 034B,-2.26513,53.48043,350
E01033993,Salford 036A,-2.2672,53.47615,1000
E01033994,Salford 036B,-2.26623,53.47329,20
E01033995,Salford 037A,-2.29596,53.47374,3500
E01033996,Salford 037B,-2.29377,53.47139,6000
E01033997,Salford 037C,-2.28551,53.47092,4500
E01033998,Salford 037D,-2.28831,53.46786,7000
E01033999,Salford 037E,-2.28151,53.46888,1000
E01034000,Trafford 001G,-2.26811,53.46775,1250
E01034001,Trafford 001H,-2.26684,53.46395,225
E01034052,Stoke-on-Trent 009F,-2.20089,53.04454,400
E01034053,Stoke-on-Trent 009G,-2.19928,53.04183,1250
E01034054,Stoke-on-Trent 016H,-2.16505,53.02142,150
E01034055,Stoke-on-Trent 016I,-2.17012,53.01988,450
E01034056,Stoke-on-Trent 016J,-2.1583,53.01181,2000
E01034057,Stoke-on-Trent 016K,-2.1661,53.01496,1500
E01034058,Stoke-on-Trent 032E,-2.16685,52.97455,150
E01034059,Stoke-on-Trent 032F,-2.16731,52.96174,2500
E01034069,Barrow-in-Furness 007G,-3.21161,54.1083,125
E01034077,South Lakeland 002F,-2.88807,54.37241,250
E01034078,South Lakeland 006H,-2.741,54.31571,600
E01034079,South Lakeland 006I,-2.72376,54.30156,2000
E01034080,South Lakeland 011F,-2.82391,54.19695,450
E01034107,Manchester 002F,-2.22465,53.52453,350
E01034108,Manchester 002G,-2.21498,53.52103,450
E01034109,Manchester 008G,-2.23269,53.5081,75
E01034110,Manchester 008H,-2.22595,53.50636,600
E01034111,Manchester 017G,-2.16847,53.47614,500
E01034112,Manchester 017H,-2.16649,53.47283,500
E01034113,Manchester 017I,-2.17176,53.47366,1750
E01034114,Manchester 017J,-2.155,53.4727,175
E01034115,Manchester 018F,-2.2279,53.46371,31000
E01034116,Manchester 018G,-2.21912,53.46534,15
E01034117,Manchester 019E,-2.23399,53.46219,3500
E01034118,Manchester 019F,-2.24082,53.46129,500
E01034119,Manchester 022H,-2.21811,53.46145,1750
E01034120,Manchester 023F,-2.17008,53.45494,20
E01034121,Manchester 023G,-2.17117,53.4511,400
E01034122,Manchester 024E,-2.24076,53.45272,45
E01034123,Manchester 024F,-2.24732,53.45241,300
E01034124,Manchester 025F,-2.23536,53.45392,175
E01034125,Manchester 025G,-2.23263,53.4527,75
E01034126,Manchester 025H,-2.2357,53.45108,100
E01034127,Manchester 025I,-2.23338,53.44944,100
E01034128,Manchester 032F,-2.20252,53.44502,250
E01034129,Manchester 055F,-2.2321,53.48363,4000
E01034130,Manchester 055G,-2.22932,53.48184,2500
E01034131,Manchester 060E,-2.25097,53.47427,2000
E01034132,Manchester 060F,-2.25293,53.47201,450
E01034133,Manchester 061C,-2.22048,53.48517,800
E01034134,Manchester 061D,-2.22472,53.48438,0
E01034135,Manchester 062A,-2.21653,53.48341,1250
E01034136,Manchester 062C,-2.22199,53.48062,125
E01034137,Manchester 063C,-2.1907,53.45158,400
E01034138,Manchester 064B,-2.18938,53.44979,200
E01034232,Oldham 036A,-2.13438,53.53669,150
E01034233,Oldham 036B,-2.12929,53.53541,700
E01034234,Rochdale 008H,-2.14439,53.62388,150
E01034235,Rochdale 008I,-2.14038,53.62061,500
E01034236,Doncaster 019G,-1.12452,53.5281,150
E01034237,Doncaster 019H,-1.12642,53.52757,600
E01034238,Doncaster 022G,-1.12959,53.52073,9000
E01034239,Doncaster 022H,-1.12772,53.51756,100
E01034240,Doncaster 027E,-1.10352,53.50874,2000
E01034241,Doncaster 027F,-1.09357,53.50733,125
E01034242,Doncaster 028E,-1.12851,53.49525,1750
E01034243,Doncaster 028F,-1.14478,53.49392,5000
E01034244,Doncaster 038D,-1.02079,53.49744,600
E01034245,Doncaster 038E,-1.02936,53.48653,400
E01034246,Rotherham 001F,-1.36443,53.51186,900
E01034247,Rotherham 001G,-1.34946,53.50765,300
E01034248,Rotherham 027F,-1.36748,53.38327,50
E01034249,Rotherham 027G,-1.36318,53.37724,75
E01034250,Rotherham 027H,-1.34363,53.36558,1500
E01034251,Rotherham 028E,-1.21797,53.40219,150
E01034252,Rotherham 028F,-1.23452,53.38171,350
E01034253,Rotherham 034G,-1.30416,53.39813,400
E01034254,Amber Valley 016E,-1.54654,52.96973,1750
E01034255,Amber Valley 016F,-1.5413,52.92886,0
E01034256,Derby 013G,-1.47443,52.92274,11000
E01034257,Derby 013H,-1.48193,52.92125,1250
E01034258,Barnsley 010I,-1.47249,53.57213,200
E01034259,Barnsley 010J,-1.47522,53.56916,450
E01034260,Wakefield 002F,-1.36477,53.7289,1250
E01034261,Wakefield 002G,-1.36335,53.72417,1750
E01034262,Wakefield 005E,-1.34533,53.71537,225
E01034263,Wakefield 005F,-1.34733,53.71188,6000
E01034264,Wakefield 017E,-1.4933,53.67924,4000
E01034265,Wakefield 017F,-1.49908,53.68008,4500
E01034266,Wakefield 024G,-1.37567,53.71126,30
E01034267,Wakefield 024H,-1.36297,53.70324,350
E01034268,Wakefield 024I,-1.37963,53.69767,7000
E01034269,Wakefield 034G,-1.35701,53.65324,175
E01034270,Wakefield 034H,-1.35461,53.64205,75
E01034335,Hyndburn 006I,-2.37791,53.75386,200
E01034336,Hyndburn 006J,-2.38335,53.75152,350
E01034337,Chorley 004E,-2.63974,53.68752,350
E01034338,Chorley 004F,-2.65394,53.68484,600
E01034339,Chorley 006G,-2.61194,53.66882,800
E01034340,Chorley 008E,-2.671,53.67802,225
E01034341,Chorley 008F,-2.66324,53.67787,300
E01034342,Chorley 008G,-2.65308,53.67238,2000
E01034343,Chorley 008H,-2.64606,53.6659,50
E01034344,Chorley 012E,-2.64784,53.6457,175
E01034345,Chorley 012F,-2.63954,53.64426,100
E01034346,Preston 002E,-2.78327,53.8117,1250
E01034347,Preston 002F,-2.75689,53.79434,400
E01034348,South Ribble 005E,-2.70692,53.7405,225
E01034349,South Ribble 012E,-2.71258,53.71386,5000
E01034350,South Ribble 012F,-2.70318,53.70438,150
E01034351,South Ribble 016F,-2.68709,53.69173,800
E01034352,South Ribble 016G,-2.67244,53.68614,3500
E01034353,South Ribble 016H,-2.66033,53.68594,75
E01034396,Liverpool 010G,-2.92469,53.44171,400
E01034397,Liverpool 010H,-2.91583,53.44057,125
E01034398,Liverpool 022F,-2.9815,53.43065,125
E01034399,Liverpool 022G,-2.9789,53.42953,150
E01034400,Liverpool 022H,-2.98295,53.41876,2250
E01034401,Liverpool 035G,-2.94424,53.39999,1000
E01034402,Liverpool 037G,-2.97896,53.39805,2500
E01034403,Liverpool 037H,-2.97531,53.39429,250
E01034404,Liverpool 042H,-2.92278,53.38481,350
E01034405,Liverpool 060F,-2.96832,53.40437,11000
E01034406,Liverpool 060G,-2.97446,53.40078,2500
E01034407,Liverpool 061E,-2.98601,53.39945,200
E01034408,Liverpool 061F,-2.98255,53.39928,2500
E01034409,Liverpool 062E,-2.99802,53.40947,14000
E01034410,Liverpool 062F,-2.99277,53.40758,21000
E01034411,Liverpool 062G,-2.99496,53.40342,25000
E01034493,County Durham 030H,-1.57216,54.76239,14000
E01034494,County Durham 031D,-1.64939,54.77993,200
E01034495,County Durham 031E,-1.66714,54.77086,75
E01034496,County Durham 033F,-1.59246,54.76356,225
E01034497,County Durham 033G,-1.61042,54.75474,1000
E01034498,County Durham 033H,-1.59109,54.75195,100
E01034499,County Durham 033I,-1.60231,54.74296,4000
E01034500,County Durham 039F,-1.27197,54.73506,200
E01034501,County Durham 049E,-1.58368,54.70462,500
E01034502,County Durham 049F,-1.57485,54.70468,1250
E01034503,County Durham 052F,-1.62554,54.70702,900
E01034504,County Durham 052G,-1.61397,54.69538,450
E01034505,County Durham 053F,-1.53416,54.6871,75
E01034506,County Durham 053G,-1.52732,54.67363,150
E01034507,County Durham 053H,-1.54882,54.67016,1000
E01034508,County Durham 053I,-1.58229,54.65062,500
E01034509,County Durham 057F,-1.72108,54.63873,2000
E01034510,County Durham 057G,-1.70677,54.63844,50
E01034511,County Durham 067A,-2.18226,54.6298,800
E01034582,Calderdale 008G,-1.85927,53.72298,9000
E01034583,Calderdale 008H,-1.86336,53.71943,5000
E01034584,Kirklees 017F,-1.64484,53.698,175
E01034585,Kirklees 017G,-1.64089,53.69403,600
E01034586,Kirklees 030E,-1.83711,53.66754,200
E01034587,Kirklees 030F,-1.83623,53.66391,300
E01034588,Kirklees 053G,-1.79459,53.60443,700
E01034644,Bolsover 001F,-1.25999,53.2714,1250
E01034645,Bolsover 001G,-1.2806,53.26708,450
E01034646,Bolsover 006E,-1.227,53.20536,25
E01034647,Bolsover 006F,-1.23247,53.20099,75
E01034648,North East Derbyshire 012E,-1.40149,53.16805,700
E01034649,North East Derbyshire 012F,-1.4105,53.16723,1000
E01034650,South Derbyshire 003F,-1.53158,52.88685,350
E01034651,South Derbyshire 003G,-1.54304,52.87358,75
E01034652,South Derbyshire 004E,-1.41412,52.88256,45
E01034653,South Derbyshire 004F,-1.40604,52.87273,150
E01034658,Cheshire East 003F,-2.11186,53.34436,600
E01034659,Cheshire East 016F,-2.11399,53.2592,350
E01034660,Cheshire East 016G,-2.11695,53.25658,450
E01034661,Cheshire East 020E,-2.20027,53.27136,200
E01034662,Cheshire East 020F,-2.24485,53.22911,600
E01034663,Cheshire East 022D,-2.25475,53.18392,1250
E01034664,Cheshire East 022E,-2.25461,53.14015,700
E01034665,Cheshire East 031E,-2.38862,53.14263,100
E01034666,Cheshire East 031F,-2.38147,53.1381,800
E01034667,Cheshire East 033H,-2.30274,53.16737,400
E01034668,Cheshire East 033I,-2.38976,53.16212,1500
E01034669,Cheshire East 036F,-2.45121,53.10159,200
E01034670,Cheshire East 036G,-2.45711,53.09947,1000
E01034671,Cheshire East 041F,-2.36703,53.08275,2000
E01034672,Cheshire East 041G,-2.41096,53.06893,350
E01034673,Cheshire East 041H,-2.38027,53.06566,250
E01034674,Cheshire East 052A,-2.45747,53.13435,6000
E01034675,Cheshire East 052B,-2.5403,53.11812,1250
E01034676,Cheshire East 052C,-2.55997,53.09264,400
E01034677,Cheshire East 052D,-2.56872,53.03461,600
E01034678,Cheshire East 052E,-2.52519,53.03337,100
E01034687,Lincoln 005E,-0.54691,53.2329,2250
E01034688,Lincoln 005F,-0.54346,53.23036,4000
E01034689,Lincoln 007E,-0.61574,53.21263,75
E01034690,Lincoln 007F,-0.60802,53.21083,350
E01034691,Lincoln 008E,-0.56026,53.22392,3000
E01034692,Lincoln 008F,-0.54987,53.219,350
E01034693,North Kesteven 003I,-0.65348,53.15264,250
E01034694,North Kesteven 003J,-0.67779,53.14465,1000
E01034706,West Lindsey 009E,-0.66957,53.28274,250
E01034707,West Lindsey 009F,-0.58668,53.27232,800
E01034752,East Riding of Yorkshire 001G,-0.20211,54.11253,125
E01034753,East Riding of Yorkshire 001H,-0.18826,54.10829,15
E01034754,East Riding of Yorkshire 011H,-0.76169,53.93072,250
E01034755,East Riding of Yorkshire 011I,-0.77549,53.91256,300
E01034756,East Riding of Yorkshire 024F,-0.53565,53.80547,500
E01034757,East Riding of Yorkshire 032I,-0.58947,53.73997,1500
E01034758,East Riding of Yorkshire 032J,-0.56545,53.72128,350
E01034759,East Riding of Yorkshire 044E,-0.41429,54.00552,250
E01034760,East Riding of Yorkshire 044F,-0.42576,54.0016,900
E01034761,York 023D,-1.06287,53.93333,50
E01034762,York 023E,-1.07868,53.92617,2250
E01034763,Lancaster 015E,-2.79043,54.04179,700
E01034764,Ribble Valley 008H,-2.45702,53.79187,600
E01034832,Knowsley 006E,-2.86601,53.43124,100
E01034833,Knowsley 006F,-2.85077,53.43124,300
E01034834,Knowsley 007F,-2.80095,53.42861,1750
E01034835,Knowsley 007G,-2.80396,53.4263,150
E01034836,Wirral 010G,-3.04701,53.4023,1000
E01034837,Wirral 010H,-3.03865,53.39702,350
E01034838,Wirral 016F,-3.0206,53.39689,4500
E01034839,Wirral 016G,-3.01506,53.39159,5000
E01034840,Wirral 036F,-2.98942,53.35844,75
E01034841,Wirral 036G,-2.98458,53.35359,125
E01034842,Sheffield 022I,-1.43655,53.40401,3500
E01034843,Sheffield 036F,-1.50134,53.37445,1750
E01034844,Sheffield 074F,-1.48023,53.3803,2000
E01034845,Sheffield 076G,-1.39139,53.34704,150
E01034846,Sheffield 076H,-1.39155,53.3405,75
E01034956,Craven 006E,-2.03488,53.95596,600
E01034957,Craven 006F,-2.04385,53.95387,9000
E01034958,Hambleton 007F,-1.51167,54.26644,1000
E01034959,Hambleton 009E,-1.36074,54.21812,450
E01034960,Hambleton 009F,-1.32751,54.21036,800
E01034961,Hambleton 012A,-1.45909,54.36217,4000
E01034962,Hambleton 012B,-1.4412,54.34163,1000
E01034963,Harrogate 008E,-1.60648,54.01246,450
E01034964,Harrogate 008F,-1.58275,54.01697,1500
E01034965,Richmondshire 004I,-1.72751,54.3898,1500
E01034966,Richmondshire 004J,-1.69582,54.38927,125
E01034967,Richmondshire 004K,-1.6952,54.37132,800
E01034968,Ryedale 009B,-0.80207,54.14067,500
E01034969,Ryedale 009C,-0.76793,54.13849,900
E01034970,Ryedale 009D,-0.79503,54.13697,2000
E01034971,Ryedale 009E,-0.77759,54.13173,175
E01034972,Scarborough 001F,-0.62147,54.48596,2500
E01034973,Scarborough 004G,-0.56856,54.42311,1000
E01034974,Scarborough 006F,-0.41303,54.29868,700
E01034975,Selby 004F,-1.2008,53.7982,6000
E01034976,Selby 004G,-1.24847,53.79765,75
E01034977,Selby 004H,-1.28639,53.78359,700
E01034978,Selby 004I,-1.23914,53.77683,250
E01034979,Selby 005G,-1.0753,53.79274,175
E01034980,Selby 005H,-1.06847,53.7881,125
E01034981,Selby 005I,-1.05216,53.77717,300
E01034982,Selby 005J,-1.06056,53.77668,50
E01034983,Selby 005K,-1.04588,53.77284,700
E01034984,Selby 006F,-1.07886,53.77857,800
E01035040,Leeds 044G,-1.58684,53.82069,15
E01035041,Leeds 044H,-1.58566,53.81744,75
E01035042,Leeds 055I,-1.55973,53.81235,800
E01035043,Leeds 055J,-1.54841,53.8072,1500
E01035044,Leeds 063F,-1.55875,53.80801,12000
E01035045,Leeds 063G,-1.56149,53.80482,50
E01035046,Leeds 082G,-1.54737,53.78897,7000
E01035047,Leeds 082H,-1.55166,53.78798,2250
E01035048,Leeds 099G,-1.53171,53.74881,1000
E01035049,Leeds 099H,-1.5215,53.74584,75
E01035050,Leeds 105G,-1.54345,53.73664,50
E01035051,Leeds 105H,-1.52641,53.74003,125
E01035052,Leeds 105I,-1.53135,53.73428,75
E01035053,Leeds 105J,-1.51628,53.73171,125
E01035054,Leeds 112F,-1.53237,53.7882,5000
E01035098,North West Leicestershire 001F,-1.31369,52.85234,12000
E01035099,North West Leicestershire 001G,-1.33593,52.84333,1750
E01035183,Darlington 009E,-1.51491,54.52629,9000
E01035184,Darlington 009F,-1.52746,54.52394,250
E01035185,Darlington 010D,-1.57176,54.52763,225
E01035186,Darlington 010E,-1.56573,54.52673,400
E01035187,Darlington 016H,-1.55277,54.52603,10000
E01035188,Hartlepool 015C,-1.22185,54.68855,350
E01035189,Middlesbrough 001H,-1.23726,54.58063,18000
E01035190,Middlesbrough 001I,-1.20975,54.57503,3000
E01035191,Middlesbrough 001J,-1.2206,54.56901,400
E01035192,Middlesbrough 001K,-1.2245,54.56702,450
E01035193,Middlesbrough 018I,-1.2675,54.52122,250
E01035194,Middlesbrough 018J,-1.23681,54.51647,1250
E01035195,Middlesbrough 020G,-1.2053,54.54354,225
E01035196,Middlesbrough 020H,-1.20093,54.53547,100
E01035197,Stockton-on-Tees 025A,-1.3087,54.57092,5000
E01035198,Stockton-on-Tees 025B,-1.28563,54.5702,1750
E01035199,Stockton-on-Tees 025D,-1.31546,54.56176,1750
E01035200,Stockton-on-Tees 026A,-1.3214,54.56058,700
E01035201,Stockton-on-Tees 026C,-1.33212,54.54706,2500
E01035202,Stockton-on-Tees 026D,-1.32629,54.53788,7000
E01035203,Stockton-on-Tees 027B,-1.32514,54.52407,125
E01035204,Stockton-on-Tees 028B,-1.33281,54.52574,225
E01035365,Cheshire West and Chester 007F,-2.91637,53.30166,4000
E01035366,Cheshire West and Chester 007G,-2.91465,53.29025,4500
E01035367,Cheshire West and Chester 007H,-2.90008,53.28631,75
E01035368,Cheshire West and Chester 007I,-2.90519,53.28495,75
E01035369,Cheshire West and Chester 018D,-2.52538,53.26612,900
E01035370,Cheshire West and Chester 018E,-2.53479,53.26341,300
E01035371,Cheshire West and Chester 018F,-2.52529,53.26214,100
E01035372,Cheshire West and Chester 018G,-2.54555,53.25921,150
E01035382,Halton 012G,-2.74862,53.33936,700
E01035383,Halton 012H,-2.73995,53.33647,100
E01035384,Warrington 009E,-2.64739,53.40444,50
E01035385,Warrington 009F,-2.66217,53.40411,8000
E01035386,Warrington 009G,-2.65312,53.40179,250
E01035387,Warrington 009H,-2.64075,53.39825,200
E01035388,Warrington 009I,-2.64611,53.39627,75
E01035389,Warrington 010G,-2.62913,53.39838,175
E01035390,Warrington 010H,-2.63248,53.39605,200
E01035391,Warrington 020F,-2.55029,53.38571,400
E01035392,Warrington 020G,-2.55524,53.38087,125
E01035463,Kingston upon Hull 011F,-0.2923,53.77243,500
E01035464,Kingston upon Hull 017G,-0.28078,53.75687,500
E01035465,Kingston upon Hull 029G,-0.34302,53.74996,4000
E01035466,Kingston upon Hull 029H,-0.35146,53.74623,3500
E01035467,Kingston upon Hull 031H,-0.38172,53.73938,125
E01035468,Kingston upon Hull 031I,-0.37602,53.73621,225
E01035469,Kingston upon Hull 034C,-0.34228,53.80442,125
E01035470,Kingston upon Hull 035A,-0.35241,53.8053,50
E01035471,Kingston upon Hull 035B,-0.35207,53.80064,350
E01035472,Kingston upon Hull 035C,-0.35959,53.79908,900
E01035473,North East Lincolnshire 002E,-0.07033,53.57083,2250
E01035474,North East Lincolnshire 007E,-0.14748,53.58348,3500
E01035475,North East Lincolnshire 007F,-0.17391,53.57388,400
E01035476,North East Lincolnshire 020F,-0.0252,53.53236,500
E01035477,North East Lincolnshire 021F,-0.09968,53.53963,50
E01035478,North East Lincolnshire 021G,-0.10662,53.53916,125
E01035479,North East Lincolnshire 022F,-0.04603,53.53151,2250
E01035480,North East Lincolnshire 022G,-0.04915,53.52396,225
E01035481,North Lincolnshire 015E,-0.62713,53.56812,20
E01035482,North Lincolnshire 015F,-0.62143,53.56359,10
E01035483,North Lincolnshire 015G,-0.61279,53.56284,700
E01035500,Nottingham 023J,-1.13923,52.95566,2500
E01035501,Nottingham 028H,-1.16711,52.9562,500
E01035502,Nottingham 028I,-1.17202,52.95421,25
E01035503,Nottingham 031J,-1.16998,52.95168,100
E01035504,Nottingham 031K,-1.16918,52.94713,75
E01035505,Nottingham 031L,-1.1756,52.94606,1750
E01035506,Nottingham 039G,-1.14703,52.95338,13000
E01035507,Nottingham 041E,-1.19382,52.94646,8000
E01035508,Nottingham 041F,-1.20248,52.93708,500
E01035509,Rushcliffe 008F,-1.11621,52.9112,500
E01035510,Rushcliffe 008G,-1.12763,52.90836,1000
