LSOA21CD,LSOA21NM,city,origin_bng_e,origin_bng_n,population_mid_2022,population_per_km2,imd_score,imd_decile,census2021_no_car_household_pct,distance_to_city_centre_km,active_bus_stops,bus_stops_per_km2,scheduled_stop_calls_core_06_22,calls_per_active_stop_per_hour_core_06_22,unique_lines_core_06_22,nearest_any_core_bus_network_m,nearest_hf_bus_network_m,within_400m_any_core_bus,within_400m_hf_bus,reachable_graph_snap_offset_any_m,reachable_graph_snap_offset_hf_m,walk_distance_repair_flag
E01011264,Leeds 011A,Leeds,421068.6992627782,441788.0341678163,1300,2039.805787991053,17.003,6,19.09722222222222,11.774498164483983,15,23.536220630666,86,0.3583333333333333,2,123.9454178303116,828.9764178303117,True,0,,,False
E01011265,Leeds 009A,Leeds,419100.2656928175,442007.84871901193,1989,3771.669448257361,11.121,8,24.45175438596491,13.43557241734039,16,30.340226833643932,723,2.82421875,6,184.6485141420349,184.6485141420349,True,1,,,False
E01011266,Leeds 008A,Leeds,417321.1314009817,442493.6309210092,2604,1028.650530015438,2.03,10,7.80701754385965,15.164204343601773,7,2.765189596815694,179,1.5982142857142858,4,1030.4111025369652,2090.3531025369653,False,0,,,False
E01011267,Leeds 009B,Leeds,419641.1321479365,442026.4181370964,1687,3755.747953500565,21.65,4,23.236514522821576,13.019228038804028,18,40.073185040314264,421,1.4618055555555556,5,204.18253589704184,755.247535897042,True,0,,,False
E01011268,Leeds 010A,Leeds,420223.2028546827,441937.225790376,1401,3547.401074699739,33.334,3,32.432432432432435,12.511568616854074,7,17.724345126979426,120,1.0714285714285714,3,132.46663154575245,1272.3076315457522,True,0,,,False
E01011269,Leeds 011B,Leeds,421525.9733605907,441585.58222264505,1568,2489.3753852040886,18.612,5,26.190476190476193,11.300037461672709,14,22.22656593932222,308,1.375,4,248.6849182169555,721.7009182169554,True,0,,,False
E01011270,Leeds 008B,Leeds,415381.50895893655,442684.9389813169,1691,213.24882132059415,2.95,10,4.545454545454546,16.898489916642912,2,0.2522162286464744,18,0.5625,2,3803.151595435168,4896.286595435166,False,0,,,False
E01011271,Leeds 009C,Leeds,418683.31354145333,441617.6892186874,2194,3696.7811437361866,3.447,10,11.409395973154362,13.545468388249148,5,8.424751922826314,88,1.1,6,341.8246209537999,750.8926209537999,True,0,,,False
E01011272,Leeds 009D,Leeds,419386.744812772,441032.1586147934,1454,2614.6232502582748,2.173,10,9.734513274336283,12.634200910100269,0,0.0,0,0.0,0,565.098694718046,1498.0516947180463,False,0,,,False
E01011273,Leeds 010B,Leeds,420098.4478416309,441234.8698536376,1474,3474.8172834760085,13.15,7,19.252077562326868,12.1732104525296,7,16.501845986656758,182,1.625,3,175.86721705284185,822.6692170528419,True,0,,,False
E01011274,Leeds 010C,Leeds,420655.0586700052,440925.6026273081,1394,4652.130604740121,33.352,3,34.776119402985074,11.542765058548987,8,26.698023556614757,481,3.7578125,5,152.63222951894053,234.98522951894057,True,1,,,False
E01011275,Leeds 010D,Leeds,420082.1053247707,440882.75219995633,1439,4887.084080065151,18.799,5,16.25615763546798,11.97830543217448,6,20.37700102876366,229,2.3854166666666665,3,216.52394913463425,981.870949134634,True,0,,,False
E01011276,Leeds 011C,Leeds,421113.7554979136,440694.3903689051,1829,5173.638525861183,7.0,9,16.940581542351456,11.03826155400511,1,2.8286705991586563,88,5.5,5,440.7434083250536,533.4294083250536,False,0,,,False
E01011277,Leeds 014A,Leeds,420216.48961035674,440141.07511556544,1598,4060.0243044783097,6.225,9,9.204368174726987,11.450037566510057,3,7.622073162349768,55,1.1458333333333333,2,243.9203823489127,988.0913823489128,True,0,,,False
E01011278,Leeds 014B,Leeds,420706.8867586305,440113.75535436615,1591,2701.414620750199,7.858,9,11.502029769959403,11.0261167937333,14,23.771090314583773,525,2.34375,6,197.6520730058029,587.4880730058029,True,0,,,False
E01011279,Leeds 008C,Leeds,419740.05710628594,443142.2840545545,1312,377.43158077820135,7.877,9,17.82006920415225,13.668391668517335,4,1.1507060389579309,20,0.3125,1,1011.4732064280798,1946.03920642808,False,0,,,False
E01011280,Leeds 008D,Leeds,418873.974479481,442686.35647560353,2122,2244.079276540788,3.439,10,9.85748218527316,14.03048435236624,9,9.517772614923228,141,0.9791666666666666,6,392.1301961396743,902.0791961396744,True,0,,,False
E01011281,Leeds 059A,Leeds,426094.4868090528,434927.5487421513,2153,2332.909908986197,29.572,3,31.305309734513276,3.8690270668539593,11,11.919186715674948,177,1.005681818181818,2,254.63007705680408,860.3990770568041,True,0,,,False
E01011282,Leeds 059B,Leeds,424928.9569513761,434879.554428726,1464,10177.033261962875,40.945,2,44.951140065146575,4.99429760342314,3,20.8545763564813,136,2.8333333333333335,6,313.23524521882473,313.23524521882473,True,1,,,False
E01011283,Leeds 059C,Leeds,425780.8654665139,434490.2211060365,1560,7275.832053388232,48.308,1,40.536277602523654,4.089432477401351,7,32.64796434212668,212,1.8928571428571428,6,396.41082338699835,484.5558233869983,True,0,,,False
E01011284,Leeds 071A,Leeds,427266.96435051213,434149.4697499263,2163,2949.162810490086,43.244,2,48.85426214482126,2.5737636219108793,9,12.271135133800636,451,3.1319444444444446,5,744.9458245054558,744.9458245054558,False,0,,,False
E01011286,Leeds 059D,Leeds,425231.6945249557,434557.55887372745,1275,4518.002191046773,17.207,6,20.819112627986343,4.642643811464343,6,21.261186781396574,521,5.427083333333333,7,495.9474132118592,495.9474132118592,False,0,,,False
E01011287,Leeds 067B,Leeds,424188.9114491897,434231.4079251994,1466,4656.011967572885,20.508,5,24.464831804281346,5.650240956504132,3,9.527991748102766,240,5.0,5,373.37895921489456,413.93195921489456,True,0,,,False
E01011292,Leeds 071B,Leeds,426983.9355350344,433380.158036212,1991,6905.760101075745,58.291,1,61.233019853709514,2.8979753912050175,12,41.62185897182769,638,3.3229166666666665,7,88.169774763838,123.41277476383802,True,1,,,False
E01011293,Leeds 071C,Leeds,427362.1730962033,433510.10550473735,1882,8302.434905335946,51.266,1,50.0,2.5027467212191277,7,30.880469892322857,730,6.517857142857143,10,170.59147854334026,287.66647854334025,True,1,,,False
E01011294,Leeds 071D,Leeds,427862.8787044119,433294.74002354714,1557,6132.8948018778865,56.068,1,52.342158859470466,2.065541389293711,7,27.57242364363854,427,3.8125,8,191.59637480199623,651.4103748019963,True,0,,,False
E01011295,Leeds 059E,Leeds,425328.64364392514,434999.81269728247,1721,6927.310186835467,37.606,2,36.72922252010724,4.629154702536188,4,16.100662839826768,106,1.65625,1,100.1746190785109,756.5706190785108,True,0,,,False
E01011296,Leeds 030A,Leeds,440252.94222690817,435634.6435243853,1677,435.0483954669258,6.314,9,11.870967741935484,10.561930347440892,12,3.1130475525361416,218,1.1354166666666667,3,686.5944478727941,2498.7824478727935,False,0,,,False
E01011297,Leeds 030B,Leeds,441955.6320762215,435009.4689601693,1883,94.28984980659386,8.612,8,7.627118644067797,12.17354977075238,18,0.9013368542319116,448,1.5555555555555556,5,2221.580393911902,3288.5363939119015,False,0,,,False
E01011298,Leeds 088A,Leeds,443729.1505930129,433388.77897697384,1541,485.12585340897914,32.978,3,18.945868945868945,13.908692257704482,13,4.092560736091323,236,1.1346153846153846,2,149.58892863759706,3772.293928637596,True,0,,,False
E01011299,Leeds 088B,Leeds,444648.9060890217,429238.8440405304,2924,166.7870073575575,16.334,6,12.360515021459229,15.54078755214504,31,1.7682617059111774,680,1.3709677419354838,5,407.895098069641,3284.470098069641,False,0,,,False
E01011300,Leeds 089A,Leeds,440887.3995793358,431357.7097441204,1459,3064.605061435354,21.899,4,19.87075928917609,11.350279701852918,12,25.205798997412096,564,2.9375,5,56.48690145999948,56.48690145999948,True,1,,,False
E01011301,Leeds 089B,Leeds,441511.99501348345,430930.50539565,1297,5051.289291311854,5.195,10,11.732851985559568,12.05839145180471,2,7.789189346664385,161,5.03125,5,209.5269293947638,209.5269293947638,True,1,,,False
E01011302,Leeds 088C,Leeds,442191.1976547154,431271.9762548521,1892,770.6916781610244,4.764,10,10.269576379974326,12.641489993931213,12,4.888107895313051,547,2.8489583333333335,5,830.6483623044023,1274.2883623044022,False,0,,,False
E01011303,Leeds 088D,Leeds,442260.7130927744,429702.63527708064,1083,582.9003625558998,20.112,5,20.404040404040405,13.12679254205082,7,3.7675923710907657,217,1.9375,4,475.36319649554775,617.9051964955479,False,0,,,False
E01011304,Leeds 089C,Leeds,441594.9024452037,430171.51306412456,1604,5364.837177492936,31.321,3,26.533523537803138,12.347733939336775,9,30.101954237803252,466,3.236111111111111,5,94.52744583136806,260.7274458313681,True,1,,,False
E01011305,Leeds 089D,Leeds,441370.45314756,429901.6439547647,1527,2017.122091183891,13.827,7,11.638591117917304,12.220203665018882,7,9.246794131163876,389,3.4732142857142856,4,125.99066524708104,684.5116652470809,True,0,,,False
E01011306,Leeds 089E,Leeds,440768.2637578345,430377.0501596994,1316,1732.876298472539,6.457,9,10.11029411764706,11.497855398711012,1,1.3167753027906832,63,3.9375,4,885.8376255996865,1200.5346255996865,False,0,,,False
E01011307,Leeds 103A,Leeds,441773.40554882906,428474.2678529286,1621,1025.6925047976297,26.115,4,22.699386503067483,13.126756509043856,15,9.49129399874426,888,3.7,3,587.3363194504419,706.6383194504419,False,0,,,False
E01011308,Leeds 103B,Leeds,440800.26631596626,428821.0119747757,1527,1984.6267618707411,16.275,6,19.6048632218845,12.097802926189862,9,11.69721077723423,373,2.5902777777777777,3,220.84122039566552,271.6292203956655,True,1,,,False
E01011309,Leeds 030C,Leeds,441480.70011605584,439643.7487226887,1512,111.19678611293584,12.13,7,10.725075528700906,12.979010284239912,13,0.9560570234577818,472,2.269230769230769,5,346.2395756397635,6557.903575639763,True,0,,,False
E01011310,Leeds 030D,Leeds,438798.8768229414,440516.2993930632,1690,225.30685334204625,11.755,7,14.657534246575343,11.13130109296588,13,1.7331296410926635,231,1.1105769230769231,3,712.6882904188618,4886.258290418862,False,0,,,False
E01011311,Leeds 022A,Leeds,436479.4762138836,440363.87119471625,1288,189.98556756499048,8.435,8,5.154639175257731,9.257267084248648,17,2.5075734849416444,434,1.5955882352941178,3,1028.1848998857845,3784.611899885784,False,0,,,False
E01011312,Leeds 086A,Leeds,429922.11902067345,430901.97552196303,2082,10691.406996819132,67.811,1,63.96276595744681,3.021941986494545,4,20.54064744825962,712,11.125,9,161.43524937524535,161.43524937524535,True,1,,,False
E01011313,Leeds 091A,Leeds,429043.3283579912,430754.7011630109,1771,13250.06685984293,37.756,2,39.29121725731895,3.264219370145024,1,7.481686538590022,88,5.5,3,342.90335350760927,342.90335350760927,True,1,,,False
E01011314,Leeds 091B,Leeds,429154.80727335706,430907.9509860195,1578,9055.463468074,33.519,2,42.13649851632047,3.089425488554571,1,5.738570005116603,88,5.5,3,339.19492237069284,339.19492237069284,True,1,,,False
E01011315,Leeds 090A,Leeds,428723.67533212865,430514.2843878312,1701,5034.000033243041,34.157,2,29.74203338391502,3.583529094674734,7,20.716049519518684,281,2.5089285714285716,4,496.0670571748408,604.6000571748408,False,0,,,False
E01011316,Leeds 086B,Leeds,429561.9607951323,430595.2891683396,2008,6203.3698245743435,57.382,1,54.40115440115441,3.3380809367668984,2,6.178655203759306,465,14.53125,8,182.25767463171616,182.25767463171616,True,1,,,False
E01011317,Leeds 090B,Leeds,427939.8226903071,430266.1068504604,1794,3554.490865987568,47.36,1,50.962627406568515,4.116417657635615,6,11.887929317684176,344,3.5833333333333335,8,125.32113547732465,200.06613547732465,True,1,,,False
E01011318,Leeds 090C,Leeds,427462.32832427265,430691.4782401856,1542,2200.889664278545,52.065,1,45.878693623639194,4.006111165547695,15,21.40943253189246,504,2.1,8,11.990680499270818,399.4526804992708,True,1,,,False
E01011319,Leeds 091C,Leeds,429365.6757250723,430189.32525300415,1650,6832.034867094284,30.178,3,32.25283630470016,3.762060926326197,4,16.562508768713418,929,14.515625,8,105.97050487145042,105.97050487145042,True,1,,,False
E01011320,Leeds 091D,Leeds,429160.9041002798,430107.3697775078,1821,6026.540504139444,22.776,4,23.9477503628447,3.873514359049654,6,19.856805614956983,728,7.583333333333333,16,243.6118888528196,243.6118888528196,True,1,,,False
E01011321,Leeds 090D,Leeds,428438.813763791,429790.86550530785,1676,5316.059217897615,40.834,2,39.097744360902254,4.359821836497388,12,38.06247650046025,1135,5.911458333333333,15,297.86133899227235,297.86133899227235,True,1,,,False
E01011322,Leeds 091E,Leeds,430017.6460713526,430060.36765370955,1647,1426.164956299871,22.89,4,27.32558139534883,3.8666885423640367,14,12.122835086944866,865,3.861607142857143,15,287.35032090362284,868.0363209036229,True,0,,,False
E01011323,Leeds 051A,Leeds,424470.22455722897,435515.0291893733,1348,7003.335303267722,26.527,4,36.05220228384992,5.592027915074887,9,46.75817338976966,373,2.5902777777777777,6,130.70804332579343,365.24304332579345,True,1,,,False
E01011324,Leeds 046A,Leeds,425578.39526948053,435844.6488805274,1810,3057.1131296570497,45.696,1,54.166666666666664,4.6665459222297425,13,21.957166124608644,595,2.860576923076923,4,118.34994655918138,567.2439465591814,True,0,118.34994655918138,118.34994655918138,True
E01011325,Leeds 046B,Leeds,424485.9763175839,436294.3734131399,1673,1210.527336800301,23.725,4,24.566088117489983,5.847369564998257,14,10.12993587280587,312,1.3928571428571428,3,317.9688234094799,1287.0198234094798,True,0,,,False
E01011326,Leeds 046C,Leeds,424798.10724242055,435819.47541654535,1480,6313.124565660507,43.224,2,34.7068145800317,5.378235040347729,7,29.85937294569159,189,1.6875,3,83.81534330182708,932.3113433018268,True,0,,,False
E01011327,Leeds 052A,Leeds,423070.0319567794,436118.30417387286,1285,1796.5879017872312,29.842,3,31.14503816793893,7.108311132911677,10,13.981228807682731,227,1.41875,7,631.0251535325871,2093.5271535325874,False,0,,,False
E01011328,Leeds 052B,Leeds,422658.6980834727,435198.31381132646,1589,3622.715797868883,24.845,4,29.23728813559322,7.284591803220008,8,18.238971921303374,352,2.75,6,271.3585585227723,527.6845585227722,True,0,,,False
E01011329,Leeds 051B,Leeds,423870.4162748925,435434.4997420378,1445,4283.484810113346,10.268,8,19.568345323741006,6.149070282731024,10,29.64349349559409,529,3.30625,7,190.53292717633775,532.7949271763378,True,0,,,False
E01011330,Leeds 051C,Leeds,423581.8770361011,435877.50660944823,1396,2450.663851303625,20.721,5,19.759450171821307,6.547499590426621,11,19.310388513137447,389,2.210227272727273,6,235.9690310852842,989.8360310852844,True,0,,,False
E01011331,Leeds 058A,Leeds,424375.8954797111,435074.4121874647,1323,5877.766836507085,24.781,4,33.80726698262243,5.575101359584613,3,13.328269470537608,309,6.4375,7,351.4170039352243,351.4170039352243,True,1,,,False
E01011332,Leeds 046D,Leeds,425144.68488941214,435392.58665163687,1595,6599.731838421608,48.541,1,40.66570188133141,4.911193930037741,11,45.51539198911454,375,2.1306818181818183,3,225.64574331556608,1088.035743315566,True,0,,,False
E01011333,Leeds 051D,Leeds,423316.9306674941,435090.31390902656,1345,5341.76157820837,28.106,3,30.551181102362207,6.6176240571632565,6,23.829419679739942,193,2.0104166666666665,2,119.37875588639896,609.164755886399,True,0,,,False
E01011334,Leeds 058B,Leeds,424177.1954682035,434711.6276123515,1366,6228.057807422087,36.836,2,37.88098693759071,5.708311793191278,4,18.237358147648862,334,5.21875,2,358.36639353322096,358.36639353322096,True,1,,,False
E01011335,Leeds 052C,Leeds,423152.51171013014,434773.5507304605,1702,4392.684535559765,22.939,4,26.585365853658537,6.732197055103729,9,23.22806158639124,481,3.3402777777777777,4,224.46453073592923,224.46453073592923,True,1,,,False
E01011336,Leeds 058C,Leeds,424610.90646676027,434883.671404869,1545,5117.3100547158265,49.979,1,48.67469879518072,5.30754816668266,15,49.68262189044492,627,2.6125,8,104.30003609775773,198.8680360977577,True,1,,,False
E01011337,Leeds 058D,Leeds,423756.402323536,434765.52034255903,1766,4147.955596564382,53.313,1,37.08260105448154,6.1325168262119005,5,11.743928642594517,304,3.8,3,421.2816610577448,421.2816610577448,False,0,,,False
E01011338,Leeds 064A,Leeds,431573.87457928667,433779.989168566,2038,9705.73734224714,42.925,2,53.40768277571251,1.74898936614039,4,19.049533547099394,1308,20.4375,21,335.93696608583895,335.93696608583895,True,1,,,False
E01011339,Leeds 060A,Leeds,433989.68681074545,435178.8741005619,2175,3661.93432798428,38.059,2,39.25667828106853,4.344597734012367,8,13.469183735114594,490,3.828125,6,87.61178853733148,87.61178853733148,True,1,,,False
E01011340,Leeds 060B,Leeds,432940.074385133,434585.7854439597,1821,4925.298256442106,48.085,1,40.94955489614243,3.179321893384248,6,16.228330334240876,422,4.395833333333333,9,383.7380800872874,764.9270800872873,True,0,,,False
E01011341,Leeds 061A,Leeds,434691.7147011749,434221.14619705646,2268,3804.179262329843,23.034,4,24.59954233409611,4.870174190996154,5,8.38663858538325,908,11.35,11,376.7662100947046,376.7662100947046,True,1,,,False
E01011342,Leeds 060C,Leeds,433377.8607360042,434698.15609225014,1941,4911.818306515982,46.255,1,42.662632375189105,3.6309656701073663,5,12.652803468614067,422,5.275,5,284.56809896906935,284.56809896906935,True,1,,,False
E01011343,Leeds 061B,Leeds,435018.7478380216,434804.2020937143,2039,3595.149733005463,28.76,3,25.241675617615467,5.262427143905024,11,19.39511871655718,878,4.988636363636363,8,332.9232332436595,332.9232332436595,True,1,,,False
E01011344,Leeds 065A,Leeds,432532.78160930425,434699.9903289743,2118,14220.067475945036,76.495,1,64.35406698564593,2.8117009871090497,3,20.141738634483055,366,7.625,7,143.7881952630898,226.21319526308983,True,1,,,False
E01011345,Leeds 061C,Leeds,435907.2829004739,434502.5314317342,1539,4522.7711207634675,33.329,3,41.72876304023845,6.10419617187657,3,8.816317974197792,370,7.708333333333333,9,422.23622640507455,422.23622640507455,False,0,,,False
E01011346,Leeds 060D,Leeds,433959.4673580632,434588.58481695165,1898,2814.7926691231937,40.44,2,41.035353535353536,4.182142052551718,17,25.211525487404792,1108,4.073529411764706,12,296.3917373165906,572.9457373165906,True,0,,,False
E01011347,Leeds 065B,Leeds,432413.76212008897,434368.66875322326,1934,10303.045196359752,76.013,1,60.45918367346938,2.6213024309353408,6,31.963945800495612,96,1.0,2,265.4881659574661,459.61016595746605,True,0,,,False
E01011348,Leeds 065C,Leeds,432499.0238548192,434024.2297809361,1838,3922.764610709554,51.003,1,48.8235294117647,2.6702573366398736,8,17.074057065112314,1003,7.8359375,15,186.0841216830077,345.30612168300775,True,1,,,False
E01011349,Leeds 065D,Leeds,431809.8699529392,434083.14919718413,1874,6925.9031236161245,46.808,1,58.7027027027027,1.985672690951197,8,29.566288681392205,581,4.5390625,14,262.4861606001312,494.3381606001312,True,0,,,False
E01011350,Leeds 034A,Leeds,430138.3504059024,437241.56563046545,1512,4140.348110766492,5.875,9,16.152716593245227,3.3332587725058413,8,21.90660376066927,380,2.96875,8,159.68361421332077,475.23261421332074,True,0,,,False
E01011351,Leeds 034B,Leeds,430830.93614847143,437354.6806732695,1723,4616.714645355142,9.274,8,22.05071664829107,3.5749254778766524,2,5.3589258796925625,386,12.0625,7,516.085267515797,516.085267515797,False,0,,,False
E01011352,Leeds 034C,Leeds,430492.7963329423,436939.06070010114,1871,6317.469193942159,15.877,6,30.944963655244027,3.0883323759128976,10,33.76520146414837,1661,10.38125,8,78.02909022554825,78.02909022554825,True,1,,,False
E01011353,Leeds 034D,Leeds,431187.8091356001,436795.02572275826,1911,4992.924514279047,3.699,10,13.931523022432112,3.1769389120340916,0,0.0,0,0.0,0,500.607318526918,601.5073185269179,False,0,,,False
E01011354,Leeds 038A,Leeds,429354.580305752,436939.8415492881,1583,6213.354086048431,45.706,1,45.87155963302752,3.0546415937585856,2,7.85009991920206,52,1.625,1,379.1590796501262,1325.258079650126,True,0,,,False
E01011355,Leeds 038B,Leeds,429570.17632986873,436513.7128883809,1464,2503.4291530460014,30.134,3,31.36288998357964,2.604242673172553,7,11.969948136148917,217,1.9375,4,196.9359103202764,1414.1879103202764,True,0,,,False
E01011356,Leeds 042A,Leeds,430914.7235544984,436419.23801217985,2014,4635.433511764366,15.382,6,29.594017094017097,2.721879379771895,7,16.111238620829475,815,7.276785714285714,8,174.37335100486547,174.37335100486547,True,1,,,False
E01011357,Leeds 038C,Leeds,430330.8271300717,435682.074961413,2068,3752.366197267708,49.373,1,52.69526952695269,1.829236456270716,8,14.515923393685524,690,5.390625,8,157.8356552586143,682.1436552586143,True,0,,,False
E01011358,Leeds 042B,Leeds,430325.7372372628,436302.34985559445,1581,5348.738392432407,35.946,2,41.11888111888112,2.4307569288528907,2,6.766272476195328,146,4.5625,3,271.0423682564414,610.7313682564414,True,0,,,False
E01011359,Leeds 042C,Leeds,431633.87833448045,436149.3028358987,1974,4925.213148715659,30.443,3,40.86538461538461,2.865298560435526,5,12.47521060971545,120,1.5,1,82.6196181704742,490.6886181704743,True,0,,,False
E01011360,Leeds 042D,Leeds,430746.0899938309,435560.3313054548,2187,9359.286872802571,51.93,1,46.1436170212766,1.8762490126698133,4,17.11803726164165,644,10.0625,8,188.2890417071031,188.2890417071031,True,1,,,False
E01011361,Leeds 042E,Leeds,431266.0969652365,435396.52870323136,2939,7284.008227427121,50.932,1,48.59894921190893,2.0574286451502375,14,34.697555353514694,1147,5.120535714285714,11,396.872385537604,396.872385537604,True,1,,,False
E01011362,Leeds 081A,Leeds,427945.11913314,432375.6805086109,1902,2019.8433752835176,48.692,1,51.21241513094083,2.4388904363944035,18,19.115236990064837,1039,3.607638888888889,10,350.8444252469593,742.3694252469593,True,0,,,False
E01011363,Leeds 071E,Leeds,428426.9644371176,433298.5240416183,1939,1794.7980328494375,57.778,1,48.43568945538818,1.5361878320050737,18,16.661353579829747,2160,7.5,25,28.87312049747481,28.87312049747481,True,1,,,False
E01011364,Leeds 085A,Leeds,430066.05931653344,432032.3856398685,2182,3017.5327166569327,42.315,2,49.25883694412771,1.9047453935053376,7,9.680444095599691,946,8.446428571428571,11,205.17619223450964,205.17619223450964,True,1,,,False
E01011366,Leeds 082A,Leeds,428574.9528167717,431869.2539825997,1780,2491.7058918539137,58.58,1,53.9440203562341,2.4068384399933302,5,6.99917385352223,451,5.6375,11,918.3696903570298,1086.3176903570295,False,0,,,False
E01011368,Leeds 082C,Leeds,429242.9300922493,431779.8753243649,1624,11526.63281443449,60.472,1,60.97222222222223,2.221815977594754,2,14.19536060890947,123,3.84375,5,121.30615803699791,121.30615803699791,True,1,,,False
E01011369,Leeds 090E,Leeds,428059.9179509053,431243.0300676322,1618,1518.7537492876545,21.558,4,36.84210526315789,3.2117637406048303,20,18.773223106151477,1040,3.25,8,93.03975688463431,93.03975688463431,True,1,,,False
E01011370,Leeds 082D,Leeds,428816.8800934454,431221.53289882984,1697,6883.198422658999,47.034,1,43.503649635036496,2.885003998416189,6,24.336588412465527,511,5.322916666666667,5,260.846799494857,260.846799494857,True,1,,,False
E01011371,Leeds 085B,Leeds,430034.5524907581,431513.93068589113,1758,6154.267716349011,60.175,1,59.01856763925729,2.41721465977333,6,21.00432667695908,904,9.416666666666666,10,339.8992988860417,339.8992988860417,True,1,,,False
E01011372,Leeds 086C,Leeds,429897.3921639563,431292.7174077523,1724,15114.392368775136,63.284,1,53.516295025728986,2.630662530749834,0,0.0,0,0.0,0,239.90348942476564,239.90348942476564,True,1,,,False
E01011373,Leeds 085C,Leeds,429549.2866807972,431401.9548507639,1522,8920.66368768751,57.846,1,47.45762711864407,2.5362407973695227,4,23.444582622043395,218,3.40625,5,282.68010301379354,348.9451030137935,True,1,,,False
E01011374,Leeds 085D,Leeds,430347.2499914746,431375.1694162051,1273,9672.925374279885,49.402,1,53.768844221105525,2.59920929858047,0,0.0,0,0.0,0,286.1465482915573,286.1465482915573,True,1,,,False
E01011375,Leeds 086D,Leeds,429507.6769105444,431011.32121036545,2130,24423.53724956826,65.793,1,53.97973950795948,2.9290799257511457,0,0.0,0,0.0,0,348.83986161876237,348.83986161876237,True,1,,,False
E01011376,Leeds 013A,Leeds,424800.1849358192,441060.4958007878,1747,953.5954295956776,2.849,10,8.823529411764707,8.73250311445652,4,2.183389649904242,246,3.84375,3,694.9014957112402,1957.09049571124,False,0,,,False
E01011377,Leeds 013B,Leeds,425182.0159265679,440375.0543059066,1406,2900.4064561868004,2.499,10,15.2317880794702,7.952691992898023,7,14.44014594118606,346,3.0892857142857144,3,345.00019008618915,1119.5041900861888,True,0,,,False
E01011378,Leeds 013C,Leeds,425786.2275138679,440500.568871133,1418,3423.391575847428,48.382,1,42.63233190271817,7.721937829870321,5,12.07119737604876,135,1.6875,3,194.36026350877,548.17826350877,True,0,,,False
E01011379,Leeds 017A,Leeds,425832.4305279837,439851.69615412614,1618,3589.2356580207356,34.429,2,35.0,7.151303820474552,11,24.401478515592142,653,3.710227272727273,5,220.18073748628692,444.83473748628694,True,0,,,False
E01011380,Leeds 016A,Leeds,427670.611969972,439676.6911766104,1587,1962.2607705623675,4.574,10,9.185185185185183,6.146244000043044,6,7.418755276228232,279,2.90625,3,374.7459601237629,2034.7029601237628,True,0,,,False
E01011381,Leeds 016B,Leeds,426760.3227981023,440930.4831919104,1580,598.4861678534213,5.365,10,9.557522123893806,7.65105115214593,7,2.651520996818955,225,2.0089285714285716,2,668.9658756282053,2183.322875628205,False,0,,,False
E01011382,Leeds 013D,Leeds,424706.3343927776,439820.5011966404,1664,5548.958659993415,3.496,10,11.440107671601616,7.813140985675075,3,10.004132199507358,180,3.75,3,90.82884161829972,1278.3948416182998,True,0,,,False
E01011383,Leeds 019A,Leeds,426350.84698785446,439468.71527010534,1697,2284.3861286991055,14.571,6,19.363395225464192,6.547482257270078,13,17.49971695526716,498,2.394230769230769,4,730.6477955862898,973.33979558629,False,0,,,False
E01011384,Leeds 017B,Leeds,425101.96263376286,439681.09867926646,1557,4761.270977911743,13.957,7,19.097744360902254,7.451312204743968,1,3.057977506687054,58,3.625,2,719.8721438447216,1373.0711438447215,False,0,,,False
E01011385,Leeds 016C,Leeds,428169.7309012436,439252.40986946056,1351,1148.1615557363566,5.281,10,9.981167608286253,5.582687707969395,8,6.7988841198303875,150,1.171875,2,484.4621723929224,2420.551172392922,False,0,,,False
E01011386,Leeds 016D,Leeds,427074.3102891126,439528.30995441065,1907,2841.2085372310785,3.72,10,10.54739652870494,6.246793023705528,7,10.429187079505793,393,3.5089285714285716,2,487.46394605776686,1535.036946057767,False,0,,,False
E01011388,Leeds 019B,Leeds,425495.8595205175,438882.43582740426,1628,2750.914834122313,14.965,6,21.88782489740082,6.587222125616828,5,8.448755633053787,153,1.9125,3,565.5148862711118,1329.964886271112,False,0,,,False
E01011390,Leeds 087A,Leeds,438630.32053649554,430523.3047542888,1354,1574.537316988492,24.165,4,20.09966777408638,9.43334611786367,11,12.791662102565295,388,2.2045454545454546,7,185.5517050552855,2198.4847050552858,True,0,,,False
E01011391,Leeds 087B,Leeds,438098.936434077,430459.8549090685,1575,2114.3977826046475,23.279,4,19.749652294853963,8.964029348924702,12,16.109697391273507,252,1.3125,6,233.16348786165472,2168.7194878616547,True,0,,,False
E01011392,Leeds 087C,Leeds,439735.73255844926,429441.07088510355,2006,478.0597085161538,15.258,6,15.724815724815723,10.871665577823066,20,4.766298190589769,713,2.228125,5,538.9128531545349,1747.6568531545352,False,0,,,False
E01011393,Leeds 103C,Leeds,439108.2543285733,427152.959614675,2308,1291.9631613585595,9.472,8,11.049723756906078,11.484776423524414,21,11.75529739537684,550,1.636904761904762,3,608.9961203924819,2670.3921203924815,False,0,,,False
E01011394,Leeds 103D,Leeds,440880.26385855465,427113.7166987945,1160,447.0484521682363,15.284,6,13.414634146341465,12.978935979699042,22,8.478505127328619,320,0.9090909090909092,3,108.42125627927832,3842.0832562792775,True,0,,,False
E01011395,Leeds 103E,Leeds,439671.18286550825,426049.5769362688,1184,275.9905665140493,20.553,5,6.451612903225806,12.6023208462033,15,3.4965021095529893,223,0.9291666666666668,3,145.91641952822047,4261.579419528221,True,0,,,False
E01011396,Leeds 074A,Leeds,440311.3415135689,433639.41099401715,1843,1972.215952400616,16.301,6,27.932960893854748,10.484461234876354,18,19.262011472170965,1127,3.9131944444444446,10,116.51215884683414,275.8911588468342,True,1,,,False
E01011397,Leeds 077A,Leeds,441442.314736177,433209.668379826,1515,5506.661211342471,6.045,9,14.00329489291598,11.633472757602572,7,25.443319128315046,329,2.9375,5,448.3662991512518,1365.9962991512516,False,0,,,False
E01011398,Leeds 077B,Leeds,441830.4226640696,433437.7402865624,1108,3636.710478967207,3.32,10,8.282828282828284,12.009507902588574,4,13.128918696632518,155,2.421875,3,228.952674937913,1617.301674937913,True,0,,,False
E01011399,Leeds 074B,Leeds,439500.39205319015,433185.4233922566,1475,2619.872106497329,9.479,8,19.131832797427652,9.697742271841706,14,24.86658270573736,524,2.3392857142857144,6,515.9914436207986,1233.7194436207983,False,0,,,False
E01011400,Leeds 074C,Leeds,441127.1239470226,433585.6740842546,1454,2986.134656550558,14.775,6,20.99173553719008,11.301441712659408,8,16.429901824212145,295,2.3046875,6,141.80636765302154,846.7383676530213,True,0,,,False
E01011401,Leeds 077C,Leeds,441269.07017778896,432611.1329427227,1886,5400.461734513727,3.005,10,10.53370786516854,11.51329671245138,8,22.907578937491948,226,1.765625,3,148.1742762558462,1294.105276255846,True,0,,,False
E01011402,Leeds 087D,Leeds,437329.3145243827,430506.94886628207,2300,239.44741733466012,16.255,6,14.33408577878104,8.239865850117027,38,3.9560877646596015,1903,3.129934210526316,13,669.0712894375303,1760.6502894375303,False,0,,,False
E01011403,Leeds 074D,Leeds,440888.9422510332,432869.7747493456,1547,3601.339115367229,8.034,9,21.311475409836063,11.108237592931829,10,23.27950300819153,386,2.4125,3,263.0330222180292,741.0990222180291,True,0,,,False
E01011404,Leeds 077D,Leeds,441944.38393844065,432321.1595321113,1332,1141.1520347925004,4.016,10,12.338858195211786,12.21906911940635,2,1.713441493682433,8,0.25,1,784.2747163294525,1710.807716329453,False,0,,,False
E01011405,Leeds 077E,Leeds,440767.31108972186,432278.143118317,1518,3414.7744284035957,4.518,10,15.454545454545451,11.059539036976064,5,11.247610106731212,238,2.975,5,392.0456215726427,972.327621572643,True,0,,,False
E01011406,Leeds 057A,Leeds,436344.0714592589,435207.6498881526,1300,3997.131710353468,6.335,9,14.431239388794568,6.638936720112369,6,18.44830020163139,240,2.5,5,297.6350414899275,612.1530414899275,True,0,,,False
E01011407,Leeds 057B,Leeds,437057.55149174086,435261.34623637394,1416,4641.202953101329,19.316,5,25.11346444780635,7.349812615241413,7,22.94379990939922,360,3.2142857142857144,5,48.713613872509384,722.0636138725093,True,0,,,False
E01011408,Leeds 057C,Leeds,436224.2555448519,434535.3795555023,1491,4128.262524415608,13.722,7,29.3733681462141,6.42285636789666,8,22.15030194186778,787,6.1484375,14,147.7590638868986,147.7590638868986,True,1,,,False
E01011409,Leeds 057D,Leeds,436693.39673993096,434775.09523420833,1442,4746.278934898709,17.172,6,24.58521870286576,6.915447578029487,8,26.331644576414476,714,5.578125,9,175.64393938711794,175.64393938711794,True,1,,,False
E01011410,Leeds 057E,Leeds,438665.33465918753,434510.8355744259,1715,353.4706411856253,6.704,9,15.167095115681231,8.854196851574265,17,3.503790612335645,810,2.9779411764705883,5,1093.7562988795296,1408.0122988795292,False,0,,,False
E01011411,Leeds 073A,Leeds,437408.6739436132,432953.3635625392,1755,673.4939872639164,5.014,10,12.397820163487738,7.639694036193704,25,9.593931442505932,1337,3.3425,11,166.61615804917193,463.2871580491719,True,0,,,False
E01011412,Leeds 057F,Leeds,437102.3250659657,434228.8372546884,1812,2183.2465010831156,5.152,10,18.36477987421383,7.278069682213905,11,13.2537039248975,483,2.7443181818181817,10,432.6535041726458,790.1115041726458,False,0,,,False
E01011413,Leeds 069A,Leeds,435508.32343318383,434056.2867149318,1482,4691.042996233782,6.342,9,12.816188870151771,5.679194943353563,3,9.49603845391454,301,6.270833333333333,2,440.876337999011,440.876337999011,False,0,,,False
E01011414,Leeds 073B,Leeds,436290.87336524547,433740.9379337481,1512,5234.00249530507,7.218,9,15.57632398753894,6.462721493338362,8,27.69313489579402,139,1.0859375,4,176.01855377868594,755.9895537786858,True,0,,,False
E01011415,Leeds 069B,Leeds,434857.8781969688,433528.5146906901,1650,2712.9594880406175,18.369,5,24.65753424657534,5.04259207087191,12,19.73061445847722,856,4.458333333333333,5,214.22864228679083,214.22864228679083,True,1,,,False
E01011416,Leeds 069C,Leeds,435964.1778300843,433620.19131258014,1481,4169.6258239203935,11.211,7,19.67479674796748,6.140921430076584,7,19.70788708132529,238,2.125,5,39.76001331675432,538.8430133167543,True,0,,,False
E01011417,Leeds 069D,Leeds,435314.17970575066,433444.14125757106,1548,4645.304773800946,14.096,7,26.486486486486488,5.504304582740219,9,27.00758589419155,310,2.1527777777777777,5,124.57743705446832,317.3774370544684,True,1,,,False
E01011418,Leeds 073C,Leeds,437085.92047667224,433030.2577525129,1491,3194.6904859953747,5.826,9,12.980769230769232,7.309878790534333,10,21.42649554658199,400,2.5,8,151.01434412636024,540.8933441263601,True,0,,,False
E01011419,Leeds 073D,Leeds,436438.0251511168,432675.4355602014,1132,1307.088747371807,3.002,10,8.669354838709678,6.723983360072154,3,3.4640161149429507,114,2.375,5,696.3454746863388,1302.471474686339,False,0,,,False
E01011420,Leeds 069E,Leeds,435881.60496799106,431589.3088207223,1429,225.94625182337708,9.556,8,14.785373608903022,6.48516368197411,8,1.2649195343506066,178,1.390625,2,1039.621949062954,2315.5899490629536,False,0,,,False
E01011421,Leeds 040A,Leeds,433513.5658451861,436217.77535895415,1522,5765.880164129139,36.787,2,30.267558528428097,4.339539600273731,7,26.518502725955308,482,4.303571428571429,4,216.7823710704294,216.7823710704294,True,1,,,False
E01011422,Leeds 048A,Leeds,431922.7576131114,435887.75987194135,1714,14077.127496589475,49.778,1,46.35036496350365,2.8703310237957353,3,24.63907963230363,193,4.020833333333333,6,35.63442063349489,85.3704206334949,True,1,,,False
E01011423,Leeds 047A,Leeds,433134.7240292737,435854.7520827382,1729,4665.244551078277,38.581,2,27.1523178807947,3.8275337898223936,3,8.094698469193078,156,3.25,1,645.9930591031491,645.9930591031491,False,0,,,False
E01011424,Leeds 047B,Leeds,432911.4323231164,435675.3693597454,1923,9568.349457647017,34.816,2,25.217391304347824,3.5444772109884664,3,14.927222242819058,218,4.541666666666667,3,450.3692854386021,450.3692854386021,False,0,,,False
E01011425,Leeds 040B,Leeds,433967.0301343664,436167.5503002389,1553,5686.5640795307145,16.957,6,17.957166392092258,4.706303438471269,4,14.64665571031736,159,2.484375,1,314.9356655488235,543.1236655488235,True,0,,,False
E01011426,Leeds 048B,Leeds,431549.9570690801,435706.83378993033,1684,19977.170323300936,66.336,1,41.76706827309237,2.477812739963924,0,0.0,0,0.0,0,424.3785964020803,424.3785964020803,False,0,,,False
E01011427,Leeds 047C,Leeds,432577.66119837214,435548.81974613544,2061,8884.111783251426,62.458,1,41.30808950086058,3.192268632759206,1,4.310583106866291,109,6.8125,3,400.7414025198882,400.7414025198882,False,0,,,False
E01011428,Leeds 048C,Leeds,431986.3750283438,435537.1997565321,2150,18053.28430349496,63.228,1,47.839506172839506,2.693336707535873,5,41.98438210115107,585,7.3125,10,148.19902910604736,156.05002910604736,True,1,,,False
E01011429,Leeds 048D,Leeds,431569.95986069494,435374.89952932793,2125,11571.74753088636,64.081,1,53.65853658536586,2.2659161611180965,8,43.564225998631,806,6.296875,8,217.27863774469728,217.27863774469728,True,1,,,False
E01011430,Leeds 053A,Leeds,432328.5962121061,435334.5958033181,1676,13586.064336596895,68.404,1,45.77319587628866,2.869387385485545,3,24.31873091276294,72,1.5,1,211.63137636180704,569.9993763618071,True,0,,,False
E01011431,Leeds 047D,Leeds,432984.7094958367,435299.6131140731,2152,7121.805844605367,55.757,1,45.978391356542616,3.441525516311087,10,33.09389332995059,511,3.19375,5,161.8054971690809,540.5464971690809,True,0,,,False
E01011432,Leeds 053B,Leeds,432310.849460545,435189.2440946205,1827,19332.72955837995,76.227,1,58.48056537102474,2.7849014411098763,3,31.745040325747045,126,2.625,2,117.2790057485733,517.7630057485733,True,0,,,False
E01011433,Leeds 053C,Leeds,432321.9789515914,434856.7464288944,1995,13843.156943426487,78.55,1,63.04347826086957,2.6606773875979717,6,41.633554717072144,594,6.1875,10,105.51042949147671,105.51042949147671,True,1,,,False
E01011434,Leeds 053D,Leeds,431978.1902390957,435116.0694378864,1865,16939.093833965384,72.774,1,57.81487101669196,2.456872798475366,1,9.082624039659724,109,6.8125,3,144.12918383982532,144.12918383982532,True,1,,,False
E01011435,Leeds 044A,Leeds,427563.3472633936,436084.8525524798,1831,12198.581701921772,14.071,7,35.64356435643564,3.1331333566446955,3,19.98675319812415,242,5.041666666666667,4,382.46924935436823,522.7602493543684,True,0,,,False
E01011440,Leeds 044D,Leeds,427833.0669544195,436118.75516816234,1711,8595.238677155474,15.904,6,35.444947209653094,2.9688276871796724,7,35.16462346001655,708,6.321428571428571,7,108.0195615544529,265.9505615544529,True,1,,,False
E01011441,Leeds 044E,Leeds,427829.2628690798,435387.5769535138,1926,9289.446672004446,13.094,7,36.04651162790697,2.480345712575194,2,9.646362068540444,125,3.90625,3,186.2238002307301,462.6188002307301,True,0,,,False
E01011442,Leeds 110A,Leeds,428198.13071506366,435523.0856199133,1821,14668.217078812932,10.816,8,41.62679425837321,2.286276116441046,4,32.220136362027304,436,6.8125,9,189.03078661000583,420.8347866100058,True,0,,,False
E01011443,Leeds 110B,Leeds,428921.15985953785,435604.2779307124,1800,11609.846667310234,10.459,8,46.38888888888889,1.911944290144214,1,6.449914815172352,207,12.9375,6,247.0670124383352,247.0670124383352,True,1,,,False
E01011444,Leeds 110C,Leeds,428668.98379700165,435222.52609380585,1953,20033.143322395463,24.736,4,45.20766773162939,1.7434366357731437,1,10.2576258691221,67,4.1875,1,312.7938474073986,449.9278474073986,True,0,,,False
E01011445,Leeds 054A,Leeds,428420.06005394773,435232.4781303487,1685,24628.82824588966,17.812,5,32.83898305084746,1.9250630766074384,2,29.23303055891948,134,4.1875,1,121.34111125481412,650.7121112548141,True,0,,,False
E01011446,Leeds 054B,Leeds,428089.85069560533,435219.71562667703,1786,21945.557673465966,18.165,5,40.0390625,2.171001638206191,4,49.150185158938335,158,2.46875,3,228.88640370287288,594.8304037028729,True,0,,,False
E01011447,Leeds 054C,Leeds,428086.70869196387,434979.0369307027,1396,15519.781513759375,21.846,4,41.10854503464203,2.0390478255633626,2,22.2346440025206,60,1.875,2,90.14774953235724,543.5547495323573,True,0,,,False
E01011448,Leeds 054D,Leeds,428583.8107848342,434870.9294661432,1618,19923.722118201113,31.272,3,43.541666666666664,1.5665870523084822,1,12.313796117553222,66,4.125,1,181.68734777304053,585.5113477730406,True,0,,,False
E01011449,Leeds 054E,Leeds,428334.7737281068,434852.3498039898,1524,17371.604397468785,29.278,3,54.63414634146342,1.7613526143047549,0,0.0,0,0.0,0,251.98378830923653,558.6107883092363,True,0,,,False
E01011450,Leeds 038D,Leeds,428862.8989488538,436416.2772982074,1238,3102.4822405915374,30.261,3,26.78227360308285,2.6749577879287427,7,17.542306691551506,280,2.5,3,212.491043103781,1150.598043103781,True,0,,,False
E01011451,Leeds 110D,Leeds,428205.3899068411,436264.04168290866,1490,6472.462450547981,11.007,8,38.54961832061068,2.850315918882386,0,0.0,0,0.0,0,394.35041601305966,714.4154160130597,True,0,,,False
E01011452,Leeds 027A,Leeds,422798.9114330548,437328.70059089566,1697,1669.765918079563,3.127,10,10.773899848254931,7.813326448458799,6,5.903709786963689,266,2.7708333333333335,6,537.9884065461235,922.8934065461236,False,0,,,False
E01011453,Leeds 028A,Leeds,424473.59958992014,437276.8159112483,1626,3588.119820394598,4.788,10,14.992927864214993,6.320582917435977,5,11.033578783501223,236,2.95,4,42.11876675178056,627.2097667517805,True,0,,,False
E01011454,Leeds 027B,Leeds,423555.2022801845,437197.1096814596,1638,6521.798682325167,4.998,10,11.935953420669575,7.078471651476815,10,39.81562077121591,344,2.15,4,154.57966049877095,375.96566049877094,True,1,,,False
E01011455,Leeds 021A,Leeds,422914.1675163597,439277.7310706895,1342,867.5068099470926,1.83,10,7.337526205450734,8.747376938434396,12,7.757139880301872,172,0.8958333333333334,1,103.02092287082004,1673.5319228708204,True,0,,,False
E01011456,Leeds 021B,Leeds,423886.06536656735,439366.6990562701,2005,1986.5101737054908,2.518,10,13.353115727002969,8.06087171423709,10,9.90778141498998,111,0.69375,2,464.0286503434495,1217.7976503434495,False,0,,,False
E01011457,Leeds 027C,Leeds,420653.39608328056,438690.39547891455,1665,650.4824360391184,6.141,9,8.914100486223662,10.34192795108281,14,5.469521984713308,589,2.6294642857142856,5,825.0854701180969,1562.500470118097,False,0,,,False
E01011458,Leeds 027D,Leeds,422176.3064766721,438317.78757269983,2791,1692.132780048797,2.113,10,5.88235294117647,8.826553500563284,18,10.913074181611734,714,2.4791666666666665,5,439.85723219587857,1876.5822321958788,False,0,,,False
E01011459,Leeds 021C,Leeds,424160.96055228217,438813.5667893961,1701,2620.055815552419,8.732,8,18.985695708712612,7.487869148106883,18,27.725458365634065,721,2.5034722222222223,6,87.31763555988336,725.1276355598833,True,0,,,False
E01011460,Leeds 028B,Leeds,424750.9732761119,438467.16882011946,1566,5311.2361036638085,12.464,7,21.49390243902439,6.815963792766707,12,40.699127231140295,436,2.2708333333333335,6,150.45981766222008,1288.2908176622202,True,0,,,False
E01011461,Leeds 021D,Leeds,422688.398725172,438364.26390596415,1588,2169.1507299765058,1.288,10,10.947712418300654,8.410795486483515,0,0.0,0,0.0,0,606.1037371096023,1145.7937371096025,False,0,,,False
E01011462,Leeds 028C,Leeds,424126.01744828327,437874.6481028464,1786,4805.948166713906,18.102,5,23.27823691460055,6.939931364726213,10,26.909004292911007,129,0.80625,3,194.36569040397228,600.6696904039724,True,0,,,False
E01011463,Leeds 028D,Leeds,424621.0816221008,438044.91170406895,1644,6044.216160587849,25.233,4,30.647291941875825,6.643354285692187,15,55.14795766959717,232,0.9666666666666668,3,240.6688681960813,946.6578681960816,True,0,,,False
E01011464,Leeds 028E,Leeds,425120.6822607629,437854.3934155693,1855,5038.530736861025,8.621,8,17.928730512249444,6.135455698473214,13,35.31045799417429,422,2.0288461538461537,6,62.86530201576262,1338.4173020157623,True,0,,,False
E01011465,Leeds 027E,Leeds,423594.7636109233,437652.7739587604,1770,4530.233784329763,18.285,5,28.708133971291865,7.266473383478419,17,43.510719962489254,442,1.625,8,228.6681542676009,324.9261542676009,True,1,,,False
E01011466,Leeds 094A,Leeds,431243.9313643637,428665.2628889604,1508,5619.09355194237,41.319,2,36.990595611285265,5.443906435783886,10,37.2618935805197,614,3.8375,5,127.34021800318284,268.86821800318285,True,1,,,False
E01011467,Leeds 112A,Leeds,431011.1513672323,431811.7043040346,1985,2675.3326591802947,35.275,2,45.94594594594595,2.418483161847491,11,14.825521033240928,1744,9.909090909090908,16,219.6946096855892,219.6946096855892,True,1,,,False
E01011468,Leeds 112B,Leeds,431771.6881630566,431027.07645775634,2090,904.7544533951556,43.723,2,44.711014176663035,3.485842499951405,28,12.121112294289166,2466,5.504464285714286,17,372.53045680607937,372.53045680607937,True,1,,,False
E01011469,Leeds 094B,Leeds,432170.2499182656,429750.3115701408,1426,1769.3540794509602,21.124,5,19.936708860759495,4.783400534079302,9,11.16703135698362,343,2.3819444444444446,8,575.4031559246682,575.4031559246682,False,0,,,False
E01011470,Leeds 112C,Leeds,432599.7574949121,430141.80616968306,1323,852.9683144275949,28.702,3,35.55926544240401,4.686316846043086,13,8.381396891578786,696,3.3461538461538463,7,590.1285748764722,930.651574876472,False,0,,,False
E01011471,Leeds 092A,Leeds,430781.8125301731,430524.57743571,1550,4300.041862766203,51.536,1,50.15105740181269,3.5285578149168613,10,27.742205566233565,672,4.2,9,56.889422365071944,457.409422365072,True,0,,,False
E01011472,Leeds 092B,Leeds,431277.31838631735,430399.28476675774,1694,5551.965559507048,52.966,1,46.57342657342657,3.808672045154738,7,22.942006444244,323,2.8839285714285716,7,297.8449057172137,694.7789057172135,True,0,,,False
E01011473,Leeds 092C,Leeds,430789.2321858179,429887.18193080614,1500,4487.662197043201,61.202,1,48.045602605863195,4.147631524932095,6,17.950648788172803,302,3.1458333333333335,5,276.09159431372893,596.6235943137289,True,0,,,False
E01011474,Leeds 092D,Leeds,431472.9008849358,429834.8111005998,1552,4012.6763870184977,53.647,1,42.31354642313546,4.405257563678808,10,25.854873627696502,502,3.1375,5,111.74665883985637,484.8426588398563,True,0,,,False
E01011475,Leeds 094C,Leeds,431155.4191966566,429201.6207677745,1613,6074.537957499439,54.952,1,49.28366762177651,4.903253783307631,6,22.59592544637113,420,4.375,6,184.86285379497332,184.86285379497332,True,1,,,False
E01011476,Leeds 094D,Leeds,431525.3592996697,428989.7061777801,1218,6394.618144309396,42.652,2,38.13387423935091,5.215807980947517,2,10.500193997223969,133,4.15625,4,288.91985933515156,288.91985933515156,True,1,,,False
E01011477,Leeds 045A,Leeds,426664.8587972567,435516.5377032926,1998,3748.813672433575,26.752,3,40.93886462882096,3.544491540206234,21,39.401945506058595,1714,5.101190476190476,12,157.95745031479242,157.95745031479242,True,1,,,False
E01011478,Leeds 056A,Leeds,427448.617470004,435086.3783649034,1823,10719.883043230157,23.456,4,43.47826086956522,2.6512011313477366,2,11.760705478036371,218,6.8125,3,199.25538378831752,199.25538378831752,True,1,,,False
E01011479,Leeds 056B,Leeds,427606.8323377076,435236.251405687,1564,13631.223805212328,17.594,5,38.83495145631068,2.5829161857591827,0,0.0,0,0.0,0,532.6663834016792,532.6663834016792,False,0,,,False
E01011480,Leeds 045B,Leeds,426953.3116280061,435309.31615434017,1649,6149.024766298039,11.26,7,24.461538461538463,3.194142858700044,4,14.915766564701126,325,5.078125,3,258.6911825151519,258.6911825151519,True,1,,,False
E01011481,Leeds 056C,Leeds,427946.11544662574,434746.765318693,1833,7044.404696057292,32.62,3,50.985915492957744,2.0569466207651517,4,15.37240522871204,428,6.6875,12,343.5597048621173,372.99570486211735,True,1,,,False
E01011482,Leeds 056D,Leeds,427413.16048102913,434602.4923511546,1799,3708.876917188763,24.49,4,39.86254295532646,2.5113458539878546,8,16.493060220961702,913,7.1328125,8,75.35090212564921,75.35090212564921,True,1,,,False
E01011483,Leeds 056E,Leeds,427811.6573071043,434409.3375128458,1616,5201.742146479532,42.781,2,56.79542203147353,2.076902886106016,8,25.751198744948177,773,6.0390625,12,79.26265718304772,79.26265718304772,True,1,,,False
E01011484,Leeds 033A,Leeds,425755.6859236132,437213.1831846414,1641,3920.915261013602,48.46,1,41.25560538116592,5.237760854184546,10,23.893450706968935,441,2.75625,4,581.4786416686777,1242.376641668678,False,0,,,False
E01011485,Leeds 033B,Leeds,426012.572880012,436765.7298863096,1633,3352.681630771173,34.067,2,37.876802096985585,4.760449882464815,12,24.636974629059445,897,4.671875,8,260.62877616257384,611.9967761625737,True,0,,,False
E01011488,Leeds 045C,Leeds,426110.2617395578,436022.8051016912,1468,3114.1010635238345,30.091,3,35.47008547008547,4.272332514539537,10,21.213222503568357,678,4.2375,5,350.79059715833256,585.9175971583326,True,0,,,False
E01011489,Leeds 045D,Leeds,426687.69448296784,436093.7632544419,1719,4302.304614940882,27.943,3,40.44032444959444,3.8200446784720934,4,10.01118002313178,314,4.90625,4,182.56474907899204,182.56474907899204,True,1,,,False
E01011491,Leeds 101A,Leeds,429531.825589357,427789.37943993,1452,7227.417286433722,57.378,1,45.55921052631579,6.140433150861813,3,14.932680343871327,116,2.4166666666666665,1,137.3804916551705,396.9014916551705,True,1,,,False
E01011492,Leeds 101B,Leeds,430532.30261274,427546.83117482887,1711,5135.3150475625325,54.986,1,39.577039274924466,6.414190053743047,11,33.01488341507181,645,3.664772727272727,6,15.371802022072316,830.2178020220724,True,0,,,False
E01011493,Leeds 101C,Leeds,428745.55812960817,428377.05088281067,1611,1092.2110970812912,54.722,1,43.02848575712144,5.650657452586577,14,9.491592401699616,874,3.9017857142857144,12,302.4699982088855,479.05599820888546,True,0,215.79299820888548,215.79299820888548,True
E01011494,Leeds 101D,Leeds,430101.50305834296,427769.47891228506,1705,7292.066716448709,43.209,2,34.82428115015975,6.159011730344544,8,34.21497579565377,574,4.484375,9,278.7915254556844,278.7915254556844,True,1,,,False
E01011496,Leeds 100A,Leeds,432447.35802928347,428424.17961509654,1504,1094.1021994929397,7.788,9,8.05921052631579,6.089235282320481,13,9.457000394553337,712,3.423076923076923,6,169.71329521308945,1507.0272952130892,True,0,,,False
E01011497,Leeds 101E,Leeds,429760.255859225,427485.11630650033,1806,4050.8366441326657,58.274,1,43.17180616740088,6.437803667142171,6,13.457929050274636,365,3.8020833333333335,6,462.53102043953953,462.53102043953953,False,0,,,False
E01011500,Leeds 105D,Leeds,433362.3032155963,425990.3706785471,1522,1249.6718296484007,16.987,6,16.3265306122449,8.68282316110365,16,13.137154582374777,569,2.22265625,1,94.84562993058763,3087.354629930588,True,0,,,False
E01011502,Leeds 099C,Leeds,431776.4662802555,428275.4308280054,1377,2330.096971001051,32.499,3,28.717948717948715,5.972919884114824,9,15.22939196732713,146,1.0138888888888888,4,406.3677250545767,1025.3987250545767,False,0,,,False
E01011504,Leeds 032A,Leeds,431083.6389278909,437631.66737082065,1572,4627.562977505112,41.521,2,41.54460719041278,3.9150368052047497,9,26.493681168922397,287,1.9930555555555556,2,238.57222081499785,816.5902208149977,True,0,,,False
E01011505,Leeds 025A,Leeds,429561.6729159341,437992.92989052896,1758,2246.800798243238,12.677,7,20.801232665639446,4.079276420170105,25,31.951092125188257,386,0.965,5,207.0217544303761,1287.1957544303757,True,0,,,False
E01011506,Leeds 025B,Leeds,429986.4870994953,437977.0582876859,1538,7231.190330278441,10.666,8,13.851992409867172,4.057515435080315,5,23.508421099734853,190,2.375,3,209.95538774167517,719.043387741675,True,0,,,False
E01011507,Leeds 025C,Leeds,429798.75252154854,437387.27776055795,1652,5395.00547334214,4.826,10,13.253012048192772,3.464890569198936,4,13.062967247801792,122,1.90625,4,304.09007624834027,766.3040762483403,True,0,,,False
E01011508,Leeds 024A,Leeds,431670.29743930825,438841.0058640359,1406,4908.805311324741,5.247,10,10.359408033826638,5.251234661807531,4,13.965306717851323,134,2.09375,3,190.78479990137157,992.5637999013716,True,0,,,False
E01011509,Leeds 023A,Leeds,431105.88850201305,439024.48220872536,1375,4026.886415525759,5.858,9,21.962616822429908,5.2588940390748,6,17.571867995021492,159,1.65625,3,121.27375704682863,520.9927570468286,True,0,,,False
E01011510,Leeds 025D,Leeds,430119.4698850976,438855.8924973814,1571,4170.063842919084,46.924,1,45.1497005988024,4.94180198970062,10,26.54400918471728,339,2.11875,5,157.776769556118,641.0307695561179,True,0,,,False
E01011511,Leeds 023B,Leeds,431246.6208608241,438565.7316770072,1411,4285.234391287209,10.369,8,18.35205992509363,4.854286893812956,3,9.11105823803092,182,3.7916666666666665,4,253.7435165560646,590.1245165560647,True,0,,,False
E01011512,Leeds 023C,Leeds,430883.93581842503,438724.6418388824,1749,4738.351547298869,12.316,7,17.877094972067038,4.916251887374867,15,40.63766335590797,1087,4.529166666666667,11,99.49649788610124,262.06049788610125,True,1,,,False
E01011513,Leeds 031A,Leeds,428594.0391072162,437990.3979726357,2250,2820.2222256496634,3.789,10,12.344398340248963,4.251688195208225,3,3.760296300866218,80,1.6666666666666667,1,385.6488215803719,1720.5508215803711,True,0,,,False
E01011514,Leeds 025E,Leeds,430343.88264011935,438551.66388445545,1784,5649.461380577829,7.562,9,10.046367851622875,4.657487664429717,7,22.16716909419552,362,3.232142857142857,10,75.5422469040042,527.6062469040043,True,0,,,False
E01011515,Leeds 023D,Leeds,430326.9460141946,437984.1396175651,1512,5151.498194443224,6.226,9,17.97583081570997,4.091807967366654,6,20.44245315255247,623,6.489583333333333,9,159.0291175616927,159.0291175616927,True,1,,,False
E01011516,Leeds 023E,Leeds,430723.4758744169,437948.5407092027,1727,6098.430988564945,2.886,10,10.454545454545451,4.123805040192651,1,3.5312281346641257,196,12.25,7,415.8875499366115,415.8875499366115,False,0,,,False
E01011517,Leeds 024B,Leeds,431654.76296960266,438015.4026503879,1738,4640.400971854115,14.003,7,21.65775401069519,4.480933131079085,8,21.359728293919975,265,2.0703125,4,593.2613148269514,892.8993148269514,False,0,,,False
E01011518,Leeds 093A,Leeds,427406.82704636466,429726.4406492824,2291,2629.569790129345,12.36,7,20.47952047952048,4.845862344168729,3,3.4433476082008014,194,4.041666666666667,4,76.17187709731395,933.212877097314,True,0,,,False
E01011519,Leeds 095A,Leeds,424613.8919120259,429667.60415733606,1465,2339.202435124389,25.235,4,25.773195876288657,6.73198022981883,11,17.563977328579025,229,1.3011363636363635,4,462.33094175878114,610.8809417587812,False,0,,,False
E01011520,Leeds 096A,Leeds,423873.11804649135,429518.26285797695,1469,1551.2817071933466,8.656,8,11.922503725782414,7.408807995799801,7,7.392084377367887,221,1.9732142857142856,5,182.80934686716125,668.5743468671611,True,0,,,False
E01011521,Leeds 096B,Leeds,422415.60611660266,429307.13460696593,2315,1037.1606177248668,9.983,8,14.64393179538616,8.734162170718424,29,12.99250881815168,1165,2.5107758620689653,4,248.5451391220932,2480.974139122093,True,0,,,False
E01011522,Leeds 095B,Leeds,425240.3587449229,429073.5069654091,1349,536.7940236935276,5.662,9,12.33108108108108,6.6771502292383245,12,4.775039499127006,816,4.25,4,300.88532877123964,300.88532877123964,True,1,,,False
E01011523,Leeds 096C,Leeds,423785.7919725136,428491.63031993,1878,1409.5571080349762,21.046,5,20.98159509202454,8.12623396405537,12,9.00675468392956,635,3.3072916666666665,2,296.3378334601696,1327.0368334601694,True,0,,,False
E01011524,Leeds 093B,Leeds,427108.7369857511,429314.42300195474,1228,3266.583765347022,8.878,8,16.036036036036037,5.351989781314597,4,10.640337997873036,258,4.03125,4,232.8753121793252,1728.673312179325,True,0,,,False
E01011525,Leeds 095C,Leeds,426267.0813329058,428359.5343325026,1617,7704.604412792748,14.061,7,23.38593974175036,6.606540361738012,11,52.41227491695747,425,2.414772727272727,7,57.61886285718705,392.131862857187,True,1,,,False
E01011526,Leeds 093C,Leeds,426583.6186990825,429148.4182709858,1232,4535.735764408333,3.411,10,6.938775510204081,5.773711722005691,1,3.6816037048768937,64,4.0,3,518.9846599245465,1559.8416599245463,False,0,,,False
E01011527,Leeds 096D,Leeds,422122.40329160955,428416.68159341096,1654,1889.6954718512495,8.399,8,12.11340206185567,9.472714074209495,12,13.710003423346432,62,0.3229166666666667,3,500.197023015332,2396.2210230153314,False,0,,,False
E01011528,Leeds 095D,Leeds,426076.4773230727,428883.20144068345,1578,5457.816839245848,5.717,9,9.35483870967742,6.2840348249413855,1,3.458692547050601,54,3.375,2,545.3519491231085,1004.5629491231084,False,0,,,False
E01011529,Leeds 096E,Leeds,423132.60808271024,428353.5187902503,1356,2124.9295117311694,26.479,4,19.52054794520548,8.710822081866882,7,10.969400134305449,112,1.0,1,131.03029956693703,1724.323299566937,True,0,,,False
E01011530,Leeds 106A,Leeds,424605.4579303652,427060.80608226807,1407,680.0095562174083,11.914,7,16.37795275590551,8.62476148414297,17,8.216178006891216,568,2.088235294117647,9,1217.3593040012795,2319.76130400128,False,0,,,False
E01011531,Leeds 093D,Leeds,427512.6456329223,428876.2743099036,1659,1131.9185142049112,7.935,9,17.815344603381014,5.553209463592184,18,12.281213535677155,956,3.3194444444444446,18,760.7104882373014,1382.5564882373012,False,0,,,False
E01011532,Leeds 095E,Leeds,425791.13484438136,428463.4359954418,1566,3168.468019298034,27.659,3,28.83522727272727,6.791161414315232,10,20.23287368644977,195,1.21875,3,147.7562714537401,400.78127145374015,True,0,,,False
E01011533,Leeds 104A,Leeds,426442.34228485543,428177.0603067159,1389,4801.588047408395,24.549,4,33.46666666666667,6.670192433020723,10,34.56866844786462,568,3.55,10,253.32815077686288,482.2021507768629,True,0,,,False
E01011534,Leeds 106B,Leeds,425042.5516025587,426461.1673481932,2536,2198.301843104868,7.679,9,16.470588235294116,8.865573907073154,12,10.40205919450253,159,0.828125,2,508.9107098907344,1950.622709890734,False,0,,,False
E01011535,Leeds 108A,Leeds,428180.24945020274,424923.5040850006,1730,1588.4958006134495,5.288,10,7.848837209302325,9.149128261315605,15,13.773084976417191,599,2.495833333333333,6,383.247533825631,3018.1685338256316,True,0,,,False
E01011536,Leeds 108B,Leeds,429030.3991163804,424022.3316418986,1627,464.26391320490274,11.072,8,11.647727272727272,9.93249738681775,16,4.565594721129959,482,1.8828125,3,382.8391813075876,4549.221181307588,True,0,,,False
E01011537,Leeds 107A,Leeds,430298.88609883795,424911.9177255946,2059,1367.4694498128094,18.21,5,19.48186528497409,9.022771725482349,13,8.633852767152268,448,2.1538461538461537,4,231.45815635655387,3236.0441563565537,True,0,,,False
E01011538,Leeds 107B,Leeds,429196.2090026142,426511.2417926959,1718,605.0044681505218,35.311,2,20.260492040520983,7.438403278021268,18,6.338812821134686,388,1.3472222222222223,8,973.336209572086,1249.8562095720858,False,0,,,False
E01011540,Leeds 102B,Leeds,428153.0874419749,427567.08136312687,2181,1252.996951169835,27.24,3,25.658648339060708,6.5731408871513874,11,6.319562798197243,721,4.096590909090909,6,310.6669948334869,1454.9589948334874,True,0,,,False
E01011541,Leeds 104B,Leeds,426428.474677086,427507.4359974628,1979,4505.487585300272,26.097,4,45.17766497461929,7.261449679424566,14,31.87308044174018,1220,5.446428571428571,10,182.88580977650955,182.88580977650955,True,1,,,False
E01011545,Leeds 104C,Leeds,426007.5848846613,427080.1491391872,1368,6579.445655279104,16.893,6,25.71428571428571,7.83801475238258,11,52.90489927490508,224,1.2727272727272727,3,205.18799189023665,575.6849918902366,True,0,,,False
E01011546,Leeds 106C,Leeds,425362.603843907,425862.123338774,1728,891.179230574525,19.598,5,24.26564495530013,9.215972267223629,12,6.188744656767535,305,1.5885416666666667,3,590.9044981370978,2415.8894981370977,False,0,,,False
E01011547,Leeds 104D,Leeds,426792.3628183495,426811.3535672789,2011,3440.309313807412,24.331,4,30.17057569296375,7.733072474451173,19,32.504165570532486,533,1.7532894736842106,6,149.6592251379749,149.6592251379749,True,1,,,False
E01011548,Leeds 106D,Leeds,426765.17554613727,425344.0214462177,1526,802.7025030583038,12.979,7,16.355140186915886,9.109794149005817,11,5.786191044325912,425,2.414772727272727,7,857.3241162043807,1816.2421162043809,False,0,,,False
E01011549,Leeds 108C,Leeds,428299.5723966114,425836.4954047824,1396,5143.087360638391,2.924,10,2.3166023166023164,8.229726094511046,1,3.6841600004573,39,2.4375,2,452.5483226124475,2197.107322612448,False,0,,,False
E01011550,Leeds 106E,Leeds,427311.1548325337,426095.97379052185,1367,1317.7407588241035,8.947,8,8.73440285204991,8.222115260107788,10,9.639654417147796,294,1.8375,8,236.3371583742436,896.8781583742436,True,0,,,False
E01011551,Leeds 107C,Leeds,431130.4898012737,425645.1340998521,1795,1405.0809502927902,15.275,6,11.49110807113543,8.378830552689154,14,10.958848637381095,176,0.7857142857142857,4,312.7257526482284,2388.781752648229,True,0,,,False
E01011552,Leeds 107D,Leeds,428999.98287148064,425505.6600079559,1476,3795.2776073302166,39.964,2,26.54424040066778,8.457770010832276,16,41.141220675666304,388,1.515625,5,220.4155517927132,2325.5105517927136,True,0,,,False
E01011553,Leeds 108D,Leeds,428661.2610688652,425915.32737884,1405,3968.1134461996944,10.142,8,11.475409836065571,8.092154360976503,4,11.29712013152938,152,2.375,6,530.6029268792571,2301.8489268792578,False,0,,,False
E01011554,Leeds 012A,Leeds,429112.4393926109,441658.73560851166,1442,150.04692612115693,5.437,10,10.221465076660987,7.7694730229078655,6,0.6243284027232604,52,0.5416666666666666,2,944.964664062864,2956.5316640628644,False,0,,,False
E01011555,Leeds 018A,Leeds,429909.15636878496,439841.5761839215,1425,3028.8270215150833,3.184,10,9.929078014184398,5.919561565612619,1,2.1254926466772512,25,1.5625,1,349.5763602398893,1197.1623602398893,True,0,,,False
E01011556,Leeds 015A,Leeds,431286.4043845713,439627.2348563004,1677,4496.263501054803,12.132,7,20.606826801517062,5.887501203987059,5,13.405675316203943,138,1.725,4,607.1939340298705,923.8299340298705,False,0,88.50793402987047,88.50793402987047,True
E01011557,Leeds 015B,Leeds,431045.3713802188,439895.7799409744,1476,4317.497666208774,5.463,9,19.80360065466449,6.095496572521337,5,14.625669600978233,315,3.9375,3,223.98801069482437,223.98801069482437,True,1,,,False
E01011558,Leeds 018B,Leeds,430366.3821052244,439263.92504129873,1759,4207.762015673787,36.619,2,34.599728629579374,5.368184433467841,9,21.529197351372417,353,2.451388888888889,6,330.0166844449691,438.71568444496904,True,0,,,False
E01011559,Leeds 018C,Leeds,429411.97871568264,439065.038652763,1488,3003.853054893964,39.691,2,33.61629881154499,5.15952318234112,17,34.31821366478319,589,2.1654411764705883,6,40.24213113647035,575.0631311364704,True,0,,,False
E01011560,Leeds 018D,Leeds,429041.2186583191,439048.1696660452,1933,3919.1392790733657,40.991,2,39.76878612716763,5.186079675505084,7,14.19243401630293,170,1.5178571428571428,2,294.453825574618,821.4038255746179,True,0,,,False
E01011561,Leeds 006A,Leeds,431931.07745420514,443405.9686956273,1202,47.11034997524513,7.98,9,7.238095238095238,9.713243212993593,15,0.5878995421203635,743,3.095833333333333,4,1877.852199994357,3756.023199994356,False,0,,,False
E01011562,Leeds 012B,Leeds,431548.10310681263,440924.3997058391,1563,1063.1539941154615,3.2,10,6.4,7.209408909707549,14,9.522812487278603,167,0.7455357142857143,3,691.0204212565105,696.6034212565106,False,0,,,False
E01011563,Leeds 012C,Leeds,430136.0902633177,440863.6058209074,1482,997.3641916755888,3.47,10,11.620294599018004,6.9477861114634285,11,7.402838129845802,222,1.2613636363636365,4,119.628404346108,1275.140404346108,True,0,,,False
E01011564,Leeds 012D,Leeds,429104.754154493,440473.2419428072,1607,3637.0062964119193,2.991,10,8.237232289950576,6.590809557272511,2,4.5264546315020775,48,1.5,2,307.5179244078324,2066.941924407832,True,0,,,False
E01011565,Leeds 015C,Leeds,430682.7512471979,440167.3075351447,1549,3392.2024727981243,3.757,10,8.571428571428571,6.3026323935847595,1,2.18993058282642,25,1.5625,1,375.7955654738613,375.7955654738613,True,1,,,False
E01011566,Leeds 015D,Leeds,432538.70822644664,440069.716817735,1260,5222.729335315501,8.562,8,10.99099099099099,6.717227008112034,3,12.435069845989288,48,1.0,2,278.7748258951389,2243.427825895138,True,0,,,False
E01011567,Leeds 012E,Leeds,429250.4390542569,439946.81088581047,1454,3600.6537924715444,4.863,10,8.035714285714286,6.052157707272425,5,12.38189062060366,119,1.4875,2,448.9976762996557,1395.8166762996557,False,0,,,False
E01011568,Leeds 015E,Leeds,431838.2158179588,439830.47845427546,1968,4312.1439517630415,4.117,10,16.207276736493938,6.239704033605005,10,21.91130056790163,186,1.1625,2,327.9158904421071,1504.441890442107,True,0,,,False
E01011569,Leeds 004A,Leeds,422246.7231726555,445046.5485264883,1750,343.7916729742685,12.393,7,26.198439241917505,13.463300071152323,28,5.500666767588297,909,2.029017857142857,11,537.5527416797115,2565.2277416797115,False,0,,,False
E01011570,Leeds 007A,Leeds,423927.24709845334,444671.8729078963,2320,597.9643172512713,8.175,9,8.116545265348595,12.26373010485772,23,5.92809452447381,628,1.7065217391304348,8,637.0814153161514,4480.794415316152,False,0,,,False
E01011571,Leeds 004B,Leeds,419735.6726496266,444747.7111607811,1595,1132.8684674874828,12.157,7,18.84057971014493,14.801827653444136,10,7.102623620611178,296,1.85,4,487.7050072394321,1194.3530072394324,False,0,,,False
E01011572,Leeds 004C,Leeds,421088.3602606106,445369.53625191946,1741,3334.7004358357763,7.345,9,15.301204819277109,14.403555744174326,11,21.069330726130698,108,0.6136363636363636,8,17.656743013623483,1101.0997430136238,True,0,,,False
E01011573,Leeds 004D,Leeds,418337.2792237508,445043.318074926,1333,799.9717528367113,7.131,9,11.23388581952118,15.992830700377027,15,9.001932702588649,278,1.1583333333333334,4,419.45926055976986,2409.7052605597696,False,0,157.27526055976986,157.27526055976986,True
E01011574,Leeds 004E,Leeds,419973.55217164254,445286.3642960374,1392,4710.166214124884,14.914,6,29.428571428571427,15.043273051384654,5,16.91870048177042,163,2.0375,10,103.04337296035564,447.4993729603557,True,0,,,False
E01011576,Leeds 007C,Leeds,426993.5867976245,444498.68676471454,1456,160.1117227976785,7.427,9,5.0,10.950078946162511,15,1.6495026387123473,131,0.5458333333333333,4,324.61483066619513,4675.056830666194,True,0,199.48083066619512,199.48083066619512,True
E01011578,Leeds 011D,Leeds,421723.5108775309,441297.8217510431,1288,2319.8472342555096,11.411,7,16.93548387096774,10.959992596652118,8,14.408989032642918,430,3.359375,5,227.8702535055486,901.7362535055483,True,0,,,False
E01011579,Leeds 014C,Leeds,421315.0220122461,440097.1115601419,1327,6403.154570722371,9.045,8,11.73076923076923,10.518661357363497,5,24.1264301835809,185,2.3125,3,160.28092081543798,895.975920815438,True,0,,,False
E01011580,Leeds 014D,Leeds,422074.1398990039,440068.1282452917,1343,803.9612755363918,5.4,10,14.009661835748794,9.896090375306718,10,5.986308827523394,301,1.88125,5,887.5814006939129,1722.099400693913,False,0,219.52040069391293,219.52040069391293,True
E01011581,Leeds 003A,Leeds,419746.1393738835,446360.21184529224,1711,2735.72409225571,8.042,9,11.354309165526676,16.012315747277064,9,14.390132571771709,141,0.9791666666666666,2,333.4436492248534,1244.768649224853,True,0,,,False
E01011582,Leeds 003B,Leeds,418979.1372982168,445951.4282898941,1594,1255.5900494314744,34.61,2,32.5706594885599,16.200332694923553,10,7.876976470711885,283,1.76875,3,1717.3483882981109,2302.567388298111,False,0,,,False
E01011583,Leeds 003C,Leeds,420107.3944098427,446502.3536332038,1542,4670.81162789458,6.38,9,9.891808346213292,15.899515500546125,7,21.20342502935283,121,1.0803571428571428,2,184.5790190986691,1343.0910190986692,True,0,,,False
E01011584,Leeds 003D,Leeds,420428.72821692954,446084.7603404899,1657,2416.691530290665,6.833,9,12.779973649538867,15.372601619423326,15,21.877111016511755,160,0.6666666666666666,2,429.83226841588805,735.252268415888,False,0,,,False
E01011585,Leeds 062A,Leeds,421669.9683131616,433816.29112604534,1354,4590.37459251744,24.76,4,27.994011976047904,8.16142696567763,1,3.390232343070487,57,3.5625,1,569.2066675838884,747.7226675838884,False,0,,,False
E01011586,Leeds 066A,Leeds,419979.600153221,433535.71241583774,1913,3590.3157466963844,16.156,6,16.165951359084406,9.858695294635565,2,3.75359722602863,50,1.5625,2,718.3200002034009,718.3200002034009,False,0,,,False
E01011587,Leeds 062B,Leeds,422121.1582904918,434118.42086939694,1742,2331.139043268224,15.087,6,20.933165195460276,7.712033601379995,15,20.072953874295845,1112,4.633333333333334,8,128.62371976452877,370.6557197645287,True,1,,,False
E01011588,Leeds 039A,Leeds,421262.061575398,436143.1929342544,1820,1550.522350597798,9.395,8,9.335219236209335,8.85172029112097,8,6.815482859770541,117,0.9140625,3,767.1848230721165,2139.228823072116,False,0,,,False
E01011589,Leeds 039B,Leeds,421229.74354350753,437452.8904729008,1552,635.3721138378586,10.353,8,13.96011396011396,9.2973076344586,14,5.731449480496147,397,1.7723214285714286,4,787.6732583032417,3816.136258303242,False,0,,,False
E01011590,Leeds 039C,Leeds,419951.8286943834,436399.9946117108,1693,536.031427682687,5.786,9,8.610271903323262,10.184791623376109,14,4.432628462821983,164,0.7321428571428571,3,359.70364726210596,3334.666530555636,True,0,276.671647262106,342.3055305556361,True
E01011591,Leeds 052D,Leeds,422689.12008416536,436323.9346927069,1652,2690.415361070797,11.534,7,15.144230769230768,7.534516555385447,7,11.40006508928304,331,2.955357142857143,7,392.4539219697004,1854.9559219697005,True,0,,,False
E01011592,Leeds 039D,Leeds,421544.797259183,435503.76958339434,1621,4315.260725066627,10.527,8,25.346784363177804,8.435434209784122,3,7.986293753978953,178,3.7083333333333335,5,531.0483222713743,1358.0163222713743,False,0,,,False
E01011593,Leeds 039E,Leeds,422129.7861131692,435723.38165581063,1882,2666.894927799094,2.991,10,10.66822977725674,7.908677670510636,8,11.336429023588073,263,2.0546875,6,126.45973944665285,1436.7267394466523,True,0,,,False
E01011594,Leeds 062C,Leeds,421253.26114141976,435033.955761717,1517,5450.2075038154435,23.695,4,26.10759493670886,8.64914900237741,3,10.778261378672598,64,1.3333333333333333,4,266.92948741378706,920.475487413787,True,0,,,False
E01011595,Leeds 066B,Leeds,420644.703009953,434673.8613760861,2211,1964.4196373224208,11.023,8,13.540372670807454,9.21667517002941,9,7.996280748937941,376,2.611111111111111,4,421.7116643682818,421.7116643682818,False,0,,,False
E01011596,Leeds 062D,Leeds,422053.5901227504,434774.30686761014,1657,2712.900694516734,5.245,10,18.333333333333332,7.823618863726689,2,3.274472775518085,164,5.125,2,541.0740907497492,561.3190907497492,False,0,,,False
E01011597,Leeds 066C,Leeds,420053.77909762104,434174.05812687904,1755,2570.288122533751,24.219,4,15.508021390374331,9.7801594718365,12,17.574619641256415,726,3.78125,5,30.075381401451132,30.075381401451132,True,1,,,False
E01011598,Leeds 062E,Leeds,421653.4064922138,434764.3933757957,1567,6785.383754822199,12.577,7,20.159151193633953,8.220518011446869,7,30.311222899652453,409,3.6517857142857144,6,270.90799988205333,502.7949998820534,True,0,,,False
E01011599,Leeds 066D,Leeds,421126.1517583605,434262.0473138409,1663,2901.8106495009347,12.594,7,16.879432624113473,8.711170637702567,6,10.469551351175951,223,2.3229166666666665,6,242.43599746422217,242.43599746422217,True,1,,,False
E01011600,Leeds 079A,Leeds,422700.853152958,432939.5543644203,1530,4372.576448446765,8.512,8,18.57764876632801,7.197292487310323,12,34.29471724271973,436,2.2708333333333335,3,332.52531925873063,944.8943192587307,True,0,60.4183192587306,60.4183192587306,True
E01011601,Leeds 079B,Leeds,423321.45472505566,432345.72535276826,1638,1004.5028239168196,22.357,4,19.79010494752624,6.697510706678744,19,11.651742157765309,309,1.0164473684210529,3,430.17333354615585,2298.881333546156,False,0,,,False
E01011602,Leeds 076A,Leeds,421720.709478512,433147.3744747174,1990,4566.547609872066,16.001,6,26.460859977949287,8.146955244674867,12,27.53697051179135,399,2.078125,4,288.848305080405,536.7023050804049,True,0,,,False
E01011603,Leeds 076B,Leeds,421826.9610477878,432206.2596930587,1608,1331.4151931243664,7.514,9,14.022662889518417,8.185688492412721,9,7.451950707785632,118,0.8194444444444444,2,537.5678880695825,1278.4488880695826,False,0,,,False
E01011604,Leeds 079C,Leeds,422280.0073488534,432724.22159295256,1361,5534.387422492022,12.398,7,18.327974276527332,7.645192581900269,6,24.398475044050063,223,2.3229166666666665,4,216.99936876988352,690.8663687698835,True,0,,,False
E01011605,Leeds 076C,Leeds,421124.7428406062,432774.06283274386,1825,2810.730088981213,5.015,10,15.502793296089385,8.781386115860789,3,4.620378228462268,156,3.25,2,699.2407835470933,1373.2277835470934,False,0,,,False
E01011606,Leeds 076D,Leeds,420004.7533514701,432712.7788747794,2136,1145.418975097579,23.28,4,16.010498687664043,9.90014188997556,9,4.826203546759462,270,1.875,2,409.9991578738519,2046.2101578738525,False,0,,,False
E01011607,Leeds 079D,Leeds,422535.0928539878,432292.9928404285,1639,5085.529148858478,14.907,6,18.258426966292134,7.475382534593714,4,12.41129749568878,71,1.109375,2,156.9926559717348,1595.5356559717347,True,0,,,False
E01011608,Leeds 068A,Leeds,424136.9217020727,433895.2751885928,1334,3413.7550893834323,30.82,3,30.185497470489036,5.693847275191927,12,30.708441583659063,710,3.6979166666666665,8,350.5178206359302,695.2448206359302,True,0,,,False
E01011609,Leeds 068B,Leeds,423244.7274877442,434023.39321934537,1404,7233.569527782332,32.739,3,36.06060606060606,6.586748475086428,4,20.60846019311206,304,4.75,7,241.6916972672419,241.6916972672419,True,1,,,False
E01011610,Leeds 068C,Leeds,422779.806440691,433810.0889931707,1505,4083.824521774832,13.031,7,21.037463976945244,7.051793850219598,6,16.281027993786708,551,5.739583333333333,11,425.4512832930679,425.4512832930679,False,0,,,False
E01011611,Leeds 068D,Leeds,423657.4307088379,433769.0271031656,1454,4286.292332767464,42.426,2,36.69871794871795,6.175181313483705,5,14.73965726536267,169,2.1125,6,182.01906671312068,452.6060667131207,True,0,,,False
E01011612,Leeds 079E,Leeds,422362.18853438867,433410.7946319891,1420,4471.386548701529,29.896,3,40.62078272604588,7.486026773569101,14,44.084092733677046,925,4.129464285714286,11,69.04616229832249,140.5771622983225,True,1,,,False
E01011613,Leeds 076E,Leeds,420826.8696146257,433350.23995194054,1788,3415.5900400024266,21.439,5,19.568345323741006,9.02200364372967,11,21.01313782999256,335,1.9034090909090908,2,134.52048096659735,1220.1384809665976,True,0,,,False
E01011614,Leeds 068E,Leeds,423327.4222015419,433340.77229094127,1820,3409.3604985878274,10.447,8,18.52286049237984,6.529250941187322,1,1.8732749992240811,37,2.3125,2,603.5998762640169,603.5998762640169,False,0,,,False
E01011615,Leeds 070A,Leeds,432779.6231793176,433571.9176443009,1639,5895.494060537082,31.348,3,33.6405529953917,2.9696899058989037,2,7.1940134966895455,751,23.46875,14,352.1957725600097,352.1957725600097,True,1,,,False
E01011616,Leeds 072A,Leeds,434424.1052657438,433550.44620120525,1715,5678.078115958201,53.412,1,38.0,4.608447398787205,4,13.243330882701343,276,4.3125,4,262.0318685832519,262.0318685832519,True,1,,,False
E01011617,Leeds 070B,Leeds,433224.6724074546,433746.19684503943,1687,4904.72495342662,41.017,2,38.83211678832117,3.398546511613807,7,20.351555823346978,1356,12.107142857142858,15,55.99533692760863,382.6343369276086,True,1,,,False
E01011618,Leeds 070C,Leeds,432414.2163025733,433490.3896314677,1748,13697.715479375678,51.854,1,49.36708860759494,2.619405741265352,2,15.67244334024677,24,0.75,1,64.14281995456162,348.87581995456156,True,1,,,False
E01011620,Leeds 072B,Leeds,434547.27140454063,433036.8186974959,1349,5035.968706672562,42.792,2,32.53012048192771,4.7990106461476705,3,11.199337375847062,119,2.4791666666666665,4,455.98349472139176,455.98349472139176,False,0,,,False
E01011621,Leeds 070D,Leeds,433153.3098699824,432284.6332922074,1536,481.9827746463071,50.002,1,34.285714285714285,3.7043801103994807,19,5.962026509296767,717,2.3585526315789473,5,457.04133209087354,2076.787332090874,False,0,,,False
E01011622,Leeds 072C,Leeds,433750.8187666243,433563.9300463727,1830,4115.267941979718,56.265,1,47.22617354196302,3.936483088231432,8,17.990242369310245,598,4.671875,7,190.61819909030447,771.5611990903045,True,0,,,False
E01011623,Leeds 075B,Leeds,432121.4329051279,433343.8502447272,1698,9573.30666016576,61.983,1,57.34664764621969,2.3626924596629792,3,16.913969364250462,381,7.9375,13,286.8196163096121,395.5966163096121,True,1,,,False
E01011624,Leeds 072D,Leeds,433942.4659970796,431727.39039304585,1877,683.6875626226332,58.509,1,46.5564738292011,4.661034937374834,8,2.913958711231255,472,3.6875,4,1696.3210260353303,3316.0670260353304,False,0,,,False
E01011625,Leeds 075C,Leeds,432231.24746945064,432654.96351281065,1706,2864.214934776846,65.569,1,49.52120383036936,2.7146540310645806,11,18.46797437429385,184,1.0454545454545454,2,363.39427342030206,1258.7952734203018,True,0,,,False
E01011626,Leeds 075D,Leeds,431592.3952592729,432782.8658598797,2485,7769.026561943678,43.662,2,52.389078498293514,2.0981901009290755,7,21.88458186463008,174,1.5535714285714286,2,230.2201859126529,808.4871859126531,True,0,,,False
E01011627,Leeds 098A,Leeds,435111.0099027755,428698.8267926115,1325,3041.167442005207,30.437,3,26.450511945392492,7.427567278225929,10,22.952207109473257,666,4.1625,10,400.7642592679374,451.88725926793745,False,0,,,False
E01011628,Leeds 098B,Leeds,434606.9288071288,428900.7819039941,1218,3098.736728785764,7.574,9,16.95205479452055,6.930391424358869,10,25.441188249472617,276,1.725,8,73.70347392179195,456.9624739217919,True,0,,,False
E01011629,Leeds 098C,Leeds,434460.6247336182,428535.2349112872,1308,5178.674743885526,19.566,5,25.36115569823435,7.103461517994074,5,19.796157277849872,350,4.375,3,326.12337936070446,326.12337936070446,True,1,,,False
E01011630,Leeds 100B,Leeds,433251.43591405905,428564.95839765226,2009,2927.174230539711,7.546,9,13.004484304932737,6.356495145406031,6,8.74218286870994,323,3.3645833333333335,3,873.3469475018649,1413.3479475018648,False,0,,,False
E01011632,Leeds 098D,Leeds,433866.6201316831,428657.2882724386,1310,4952.943884665696,47.296,1,33.61204013377927,6.634111787452802,7,26.46611236080906,408,3.642857142857143,3,156.25884011589108,359.381840115891,True,1,,,False
E01011633,Leeds 098E,Leeds,434333.5556986963,427712.735389891,1457,2653.235422482639,12.487,7,19.59564541213064,7.670546332430592,10,18.210263709558262,394,2.4625,7,256.020113624775,735.6791136247748,True,0,,,False
E01011634,Leeds 100C,Leeds,433300.9946561147,427156.5872837514,1598,737.3388509420821,23.539,4,20.50147492625369,7.604009537463951,24,11.073925170594476,591,1.5390625,5,182.60733878449105,2135.603338784491,True,0,,,False
E01011635,Leeds 097B,Leeds,436201.841517722,427760.0264038107,1724,1182.0855746330503,12.29,7,16.25487646293888,8.863853730856901,17,11.656296269583445,770,2.8308823529411766,10,53.14745915735965,315.3174591573597,True,1,,,False
E01011636,Leeds 100D,Leeds,434875.9831513405,427030.0016868296,1909,198.88157872634645,10.587,8,17.61904761904762,8.541771083350408,21,2.187801547015859,643,1.9136904761904765,9,1079.5007252614605,1406.5157252614606,False,0,,,False
E01011637,Leeds 097C,Leeds,437009.5140916369,429130.4849876903,1693,1570.9375166374732,12.259,7,14.325068870523417,8.63128361995111,14,12.9906232917452,359,1.6026785714285714,8,300.3415548118065,304.6005548118065,True,1,,,False
E01011638,Leeds 097D,Leeds,436450.7529031861,429194.42597911693,1403,3525.8520799191474,8.508,8,16.826923076923077,8.135112871039793,11,27.643886585253473,172,0.9772727272727272,4,43.89617390295439,517.6441739029544,True,0,,,False
E01011639,Leeds 100E,Leeds,434531.91865367314,429597.28469036287,1484,524.3174514529713,33.136,3,25.624999999999996,6.388208499142706,6,2.119881879189911,373,3.8854166666666665,6,1063.2395229172944,1146.5945229172942,False,0,,,False
E01011641,Leeds 032B,Leeds,432372.6112413034,437191.8601083335,1614,1897.0847096060315,5.88,9,11.831442463533223,4.141229729924111,11,12.929325777984106,427,2.426136363636364,6,376.7781457716963,469.6461457716963,True,0,,,False
E01011642,Leeds 032C,Leeds,431974.5685066346,436640.1818030685,1344,3849.988684096428,9.281,8,10.526315789473683,3.4614683301121003,2,5.729149827524447,91,2.84375,3,598.6782942371406,598.6782942371406,False,0,,,False
E01011643,Leeds 037A,Leeds,433150.2927917115,436881.496731862,1544,3731.296593855472,6.543,9,19.62025316455696,4.446923542240559,5,12.083214358340255,84,1.05,2,346.5436130351373,717.5256130351372,True,0,,,False
E01011644,Leeds 037B,Leeds,434260.74025407503,437262.1389983356,1315,1267.3164265605913,20.057,5,24.057450628366247,5.547808736293626,10,9.637387274225029,361,2.25625,5,393.1936761714051,537.3356761714051,True,0,,,False
E01011645,Leeds 032D,Leeds,432589.0281559499,436676.4700989115,1503,3919.933928907304,11.515,7,19.611021069692057,3.8977576737442616,10,26.08073139658885,655,4.09375,7,172.46217576794544,172.46217576794544,True,1,,,False
E01011646,Leeds 037C,Leeds,433482.8907042354,436466.1827347353,1882,5776.042178208454,11.816,7,15.926493108728945,4.450687139390122,3,9.207293589067676,477,9.9375,4,189.05960510491911,189.05960510491911,True,1,,,False
E01011647,Leeds 037D,Leeds,432313.2201350816,436178.8437721036,1901,7034.129766734142,28.264,3,20.29520295202952,3.3546712512012564,6,22.201356444189823,807,8.40625,10,168.18603455898574,168.18603455898574,True,1,,,False
E01011648,Leeds 037E,Leeds,432978.76792947063,436184.5562656716,1896,7376.681389445107,16.703,6,15.397923875432523,3.8764739970598647,4,15.562618965074066,216,3.375,3,386.4560221525623,386.4560221525623,True,1,,,False
E01011649,Leeds 022B,Leeds,434474.4631667799,439548.3295092612,1582,630.2498099179084,4.537,10,5.6316590563165905,7.294797536872335,11,4.382267957709855,250,1.4204545454545454,2,268.6557395306267,2860.7637395306256,True,0,,,False
E01011650,Leeds 020A,Leeds,433478.2701172527,438683.098386633,1518,466.7646529212839,8.21,9,10.613598673300164,5.997308478803906,14,4.304812345782592,240,1.0714285714285714,5,1260.7106335037652,1260.7106335037652,False,0,,,False
E01011651,Leeds 020B,Leeds,432380.0944594054,439318.91769547184,1483,3635.01225116298,15.049,6,16.30094043887147,5.968278192114053,6,14.706725223855615,44,0.4583333333333333,2,492.616755618527,1439.467755618527,False,0,,,False
E01011652,Leeds 024C,Leeds,432053.0241334591,438843.6495773034,1476,5801.229767383832,6.913,9,14.412811387900357,5.3996371621433665,2,7.860744942254515,122,3.8125,2,170.89960074742416,1225.982600747424,True,0,,,False
E01011653,Leeds 020C,Leeds,432366.6937751872,438679.4580485001,1378,5696.953302509134,7.675,9,24.328593996840443,5.390692633226781,5,20.67109326019279,293,3.6625,2,184.89103405252803,946.226034052528,True,0,,,False
E01011654,Leeds 024D,Leeds,432022.616733338,438030.8709406851,1442,4367.007707373128,2.291,10,5.58659217877095,4.6564912591633405,1,3.028438077235179,0,0.0,0,501.16483113878,800.8028311387799,False,0,,,False
E01011655,Leeds 020D,Leeds,432490.0334013275,438020.17116590973,1454,2014.014735318716,6.014,9,19.28374655647383,4.884942218114886,4,5.540618253971708,288,4.5,2,283.7727876287305,283.7727876287305,True,1,,,False
E01011656,Leeds 035A,Leeds,434695.4578536692,437199.761256107,1554,6187.395277433738,45.297,1,36.990595611285265,5.865666873023311,8,31.85274274097162,477,3.7265625,4,234.65779394050324,714.0417939405035,True,0,,,False
E01011657,Leeds 035B,Leeds,435223.1166307919,437306.9544719512,1214,1922.034780743916,58.212,1,42.73927392739274,6.366507316622884,11,17.415471654187048,366,2.0795454545454546,6,541.6027774814937,913.119777481494,False,0,,,False
E01011658,Leeds 040C,Leeds,434247.4360624595,436778.0519170797,1779,5182.761048448518,52.892,1,46.13333333333333,5.25942051865536,7,20.393101371073428,382,3.4107142857142856,3,311.6847224995763,537.2427224995764,True,0,,,False
E01011659,Leeds 035C,Leeds,435161.03823222045,436479.6243992752,1457,4952.348046294221,47.629,1,43.50453172205438,5.911951847867294,10,33.9900346348265,591,3.69375,5,31.63543337966789,31.63543337966789,True,1,,,False
E01011660,Leeds 040D,Leeds,434865.716022147,436221.0432732292,1841,4131.013544335593,39.812,2,32.317880794701985,5.534843390637782,8,17.951172381686444,224,1.75,1,225.17141288770225,310.2964128877022,True,1,,,False
E01011661,Leeds 035D,Leeds,435623.759501608,436423.77644702327,1782,4265.466683200284,68.656,1,59.06499429874573,6.309968815266418,19,45.47916216655746,1240,4.078947368421052,17,155.26606115182724,155.26606115182724,True,1,,,False
E01011662,Leeds 040E,Leeds,434490.0385325783,435776.303832637,1408,3648.350254135428,69.998,1,49.80694980694981,5.014564940679294,3,7.773473552845372,205,4.270833333333333,4,474.8291429453577,474.8291429453577,False,0,,,False
E01011663,Leeds 050A,Leeds,435267.6782999683,435493.3727041832,1673,4285.07972072695,49.665,1,38.20033955857385,5.659348474543042,8,20.490518688473163,410,3.203125,5,201.1139954760311,299.8179954760311,True,1,,,False
E01011664,Leeds 050B,Leeds,435167.88605986186,435799.6440636704,1375,4798.587948113286,40.349,2,35.9724612736661,5.657654597606845,9,31.408939296741508,496,3.4444444444444446,5,176.901260484938,283.34826048493795,True,1,,,False
E01011665,Leeds 050C,Leeds,435748.8575800607,435437.17222013447,1383,4312.830633773691,39.492,2,36.22291021671827,6.108901082904588,6,18.71076196864942,233,2.4270833333333335,8,354.61187733999606,771.2328773399961,True,0,,,False
E01011666,Leeds 061D,Leeds,435838.4594020104,435142.738890945,1411,5195.066689740374,15.356,6,17.114093959731544,6.1304181752006235,7,25.772832620965715,597,5.330357142857143,11,271.39586744347685,604.121867443477,True,0,,,False
E01011667,Leeds 050D,Leeds,434803.1127139992,435127.2525099201,1621,6461.921869732594,66.997,1,46.04051565377532,5.116267839919605,2,7.972759863951381,23,0.71875,1,206.514035862631,457.045035862631,True,0,,,False
E01011668,Leeds 110E,Leeds,429229.9585245043,435704.86119491234,1764,10124.872872457505,20.827,5,45.59068219633943,1.8808464051193088,0,0.0,0,0.0,0,481.3949913677825,481.3949913677825,False,0,,,False
E01011669,Leeds 110F,Leeds,429689.4810406894,435785.490339733,1363,6275.822534102664,24.951,4,45.038167938931295,1.8683009023976256,5,23.02209293507947,260,3.25,2,63.96474621106218,1126.018746211062,True,0,,,False
E01011670,Leeds 055A,Leeds,429805.1515037824,435410.2458672576,2693,8886.55969933898,29.077,3,57.89473684210527,1.487930775273592,8,26.398989080843613,416,3.25,2,147.8677986884982,767.9357986884982,True,0,,,False
E01011671,Leeds 055B,Leeds,430251.66207586054,434980.7330949006,1704,3321.851625266732,40.288,2,46.02184087363494,1.138854764126534,15,29.24165163086912,891,3.7125,13,144.9762447040648,692.7082447040648,True,0,,,False
E01011673,Leeds 064B,Leeds,431304.47370172193,434942.15381474735,1906,12235.326778782895,70.091,1,63.99491094147582,1.792099736898132,6,38.51624379469957,348,3.625,5,162.22439815966172,255.9983981596617,True,1,,,False
E01011677,Leeds 064D,Leeds,431908.793516178,434565.9382006173,1596,5259.913280813962,64.218,1,60.79182630906769,2.1754138657411644,8,26.365480104330636,980,7.65625,9,131.86899608678303,131.86899608678303,True,1,,,False
E01011678,Leeds 063B,Leeds,428947.96280271705,433983.8248994114,5292,11089.385985505598,12.287,7,58.39160839160839,0.8848661181840426,11,23.0504999698718,1137,6.4602272727272725,14,331.7028698874924,331.7028698874924,True,1,,,False
E01011681,Leeds 063D,Leeds,428625.44304254814,434469.00559732225,1624,5791.657089052863,42.76,2,60.43613707165109,1.3233608574777551,4,14.265165243972568,566,8.84375,12,282.9338982369703,282.9338982369703,True,1,,,False
E01011684,Leeds 019C,Leeds,426445.15333016886,438549.3538934073,1619,2433.959509917693,8.503,8,15.076923076923077,5.733184896819316,15,22.5505822413622,542,2.2583333333333333,6,253.7174314249773,574.0364314249773,True,0,,,False
E01011685,Leeds 109A,Leeds,426620.6931750898,437282.4434118627,2270,1918.8834698616536,3.384,10,16.235294117647058,4.646843610824461,8,6.7625849158119955,912,7.125,7,572.8633423248416,573.5873423248415,False,0,,,False
E01011686,Leeds 033E,Leeds,425473.96092902054,438126.84294028755,1584,2062.4369677762425,46.026,1,42.14463840399002,6.054536906097308,15,19.530653103941688,550,2.2916666666666665,5,230.57635050978945,1389.5343505097894,True,0,,,False
E01011687,Leeds 109B,Leeds,426513.5970335641,437950.9246264264,1543,4102.925934978643,7.844,9,15.476190476190476,5.21834492091469,11,29.24963401475378,266,1.5113636363636365,5,148.02580623366083,439.8388062336609,True,0,,,False
E01011688,Leeds 031B,Leeds,429166.3266192443,437293.04772240354,1522,6478.610937505969,14.011,7,16.013071895424837,3.435368428371313,8,34.053145532225855,278,2.171875,4,228.9003674499944,1483.1083674499946,True,0,,,False
E01011689,Leeds 031C,Leeds,428371.0801527232,437379.088929586,1587,4691.057621822186,11.01,8,26.650062266500623,3.752101999232459,6,17.735567568325845,163,1.6979166666666667,2,399.023965647379,1172.5139656473789,True,0,,,False
E01011690,Leeds 109C,Leeds,427580.9831568684,437075.1490621993,1376,2831.787852477269,6.01,9,26.998491704374057,3.87301189448036,6,12.347912147429954,718,7.479166666666667,6,203.78351551801703,208.83651551801705,True,1,,,False
E01011691,Leeds 031D,Leeds,428807.3240403853,436969.5587809136,1609,6294.749041754069,27.687,3,37.391304347826086,3.214290415116661,7,27.385483711795207,258,2.3035714285714284,5,204.82598638863013,1418.54398638863,True,0,,,False
E01011692,Leeds 109D,Leeds,428092.89693078666,436955.8472574637,1545,4755.90556315528,7.951,9,26.25,3.4958487759092156,4,12.31302411172888,50,0.78125,1,650.7623044881727,697.6183044881727,False,0,,,False
E01011693,Leeds 109E,Leeds,428465.2816354936,436749.4216551173,1507,8136.627752832133,12.883,7,31.88976377952756,3.1393738867597456,4,21.59688852775616,77,1.203125,3,360.98202113868206,1095.209021138682,True,0,,,False
E01011694,Leeds 109F,Leeds,427561.3352416095,436634.8914651148,1857,6479.947875689484,5.812,9,23.803009575923394,3.536511494772392,5,17.447355615749824,792,9.9,6,184.45566343001943,184.45566343001943,True,1,,,False
E01011695,Leeds 019D,Leeds,425952.0298553002,438968.5216500422,1713,4529.441415561784,42.762,2,35.62585969738652,6.364440052467215,10,26.44157277035484,235,1.46875,3,86.01890904437711,1221.8449090443771,True,0,,,False
E01011696,Leeds 006B,Leeds,439273.7126763541,444967.290348001,1581,225.8277591063297,4.056,10,8.841463414634147,14.531243908613796,11,1.5712241304045709,173,0.9829545454545454,3,1369.1861506248183,4207.480150624819,False,0,,,False
E01011697,Leeds 002A,Leeds,444066.87420857255,447360.56906627625,2274,167.12822552757558,10.498,8,11.353711790393014,19.57675465238177,31,2.278353118449799,363,0.7318548387096774,3,435.9004598787471,4497.148459878747,False,0,,,False
E01011698,Leeds 001A,Leeds,440188.45331279055,449231.1253399167,1425,4303.969645193938,6.601,9,14.39873417721519,18.483396053163272,10,30.203295755746936,132,0.825,3,132.34657609869603,1780.2505760986962,True,0,,,False
E01011699,Leeds 001B,Leeds,439663.5124913082,449491.22671980783,1269,3864.2437312947304,2.484,10,6.932409012131716,18.413807463262263,6,18.270655939927803,84,0.875,3,60.641216305854186,1897.3942163058543,True,0,,,False
E01011700,Leeds 002B,Leeds,441250.1053958094,449114.69694641687,1415,1452.4383892601238,9.657,8,17.166666666666668,19.00538171023073,14,14.370415158757408,123,0.5491071428571429,4,649.4901628395089,1818.9101628395092,False,0,,,False
E01011701,Leeds 001C,Leeds,440044.3977919258,448836.80618504697,1369,3435.898205522952,3.867,10,10.57046979865772,18.076367058356674,1,2.509786855750878,53,3.3125,3,491.1457918658815,1202.1607918658815,False,0,,,False
E01011702,Leeds 001D,Leeds,439405.792998982,447885.56125927385,1679,885.0467582882496,1.438,10,7.83132530120482,16.930695512830034,12,6.325527754293625,291,1.515625,3,307.6398256632751,1683.114825663275,True,0,,,False
E01011703,Leeds 001E,Leeds,439142.05804926605,448555.5978241799,1200,2885.9751508311906,1.888,10,6.028368794326241,17.344389907065,2,4.809958584718651,53,1.65625,3,367.65122419571213,1894.7652241957123,True,0,,,False
E01011704,Leeds 002C,Leeds,441583.6016124688,447957.80829973886,2295,348.3367833658018,14.772,6,25.93886462882096,18.30626993817132,13,1.9731495354054136,350,1.6826923076923077,9,118.65980227791916,1537.1888022779194,True,0,,,False
E01011705,Leeds 002D,Leeds,440950.3467405598,448278.1647383265,1377,3618.745667783232,23.982,4,24.61059190031153,18.15848506861977,14,36.79189495204448,115,0.5133928571428571,4,116.36144902765146,866.5164490276513,True,0,,,False
E01011706,Leeds 006C,Leeds,438556.74198731285,446611.34812015994,1555,384.5809330773034,4.311,10,6.30048465266559,15.399666702123298,18,4.451740704431808,229,0.7951388888888888,3,763.4232887860077,3550.4172887860086,False,0,,,False
E01011707,Leeds 005A,Leeds,441568.39430890675,445538.8080254845,1282,533.4630367802624,13.026,7,17.252931323283082,16.513969558638834,7,2.912824693807985,100,0.8928571428571429,2,421.31357798675606,4271.7885779867565,False,0,,,False
E01011708,Leeds 006D,Leeds,435251.31324838474,445050.5069572505,1442,256.4786456658046,8.343,9,8.598726114649681,12.377995732150122,14,2.4900839385029574,222,0.9910714285714286,3,1134.0399722770912,3397.32497227709,False,0,,,False
E01011709,Leeds 005B,Leeds,442746.41291700426,445200.4284315363,2049,1811.055303530668,4.714,10,12.544378698224854,17.146615852503903,15,13.258091533899474,170,0.7083333333333334,3,273.57875177448125,5279.9387517744835,True,0,,,False
E01011710,Leeds 005C,Leeds,442648.3612287381,443898.4626128754,1388,950.9712408941624,7.406,9,11.501597444089455,16.242274636208425,11,7.5365155978644,188,1.068181818181818,3,33.84534713794616,5965.3143471379435,True,0,,,False
E01011711,Leeds 005D,Leeds,443652.5182491325,445184.2324605629,1455,1641.642299548338,8.366,9,13.505311077389983,17.828864165311508,11,12.411041439884343,67,0.3806818181818182,3,114.76918090469582,5877.9421809046935,True,0,,,False
E01011712,Leeds 005E,Leeds,441848.9900456536,442761.7769419921,1432,73.3345901270089,12.924,7,8.346972176759412,14.91882746138448,20,1.024226119092303,264,0.825,3,276.1934435457296,6451.55244354573,True,0,,,False
E01011713,Leeds 006E,Leeds,436739.2045141483,442767.2884055614,1802,182.14555392691793,5.333,10,4.9504950495049505,11.223059056719045,16,1.617274618662978,325,1.26953125,3,305.4837253225053,6110.118725322505,True,0,,,False
E01011714,Leeds 029A,Leeds,436106.27067337447,437960.0001117182,1944,1500.8260404654832,9.481,8,14.896373056994818,7.462162487728919,16,12.352477699304387,373,1.45703125,6,79.61435581955972,79.61435581955972,True,1,,,False
E01011715,Leeds 022C,Leeds,437956.7621612803,437950.7169697165,1325,244.15250898048987,5.616,9,11.187607573149744,9.069679135670745,18,3.3167888012443907,532,1.8472222222222223,5,338.2985022968335,2649.811502296834,True,0,,,False
E01011716,Leeds 029B,Leeds,434983.5603236594,438211.6201680452,1632,4037.1979598614216,10.02,8,12.199036918138042,6.704340899115945,4,9.895093038876034,84,1.3125,2,395.5257160413585,701.4367160413585,True,0,,,False
E01011717,Leeds 029C,Leeds,435481.31242190953,437745.7934587197,1634,3364.890930707566,22.865,4,25.517241379310345,6.822513292030993,12,24.711561302625945,374,1.9479166666666667,3,316.732603496764,594.550603496764,True,0,,,False
E01011718,Leeds 029D,Leeds,435984.62293827825,437444.9753103512,1972,6996.686729630364,27.173,3,25.970873786407765,7.090720052464507,7,24.836109080838007,610,5.446428571428571,7,210.7248954404575,210.7248954404575,True,1,,,False
E01011719,Leeds 022D,Leeds,438535.029706412,436550.8209868564,1445,642.9229536289279,8.411,8,14.421553090332806,9.092479342118926,20,8.898587593479972,496,1.55,3,373.3575207667169,3057.898520766716,True,0,,,False
E01011720,Leeds 029E,Leeds,435960.7828371544,436879.8298395151,1493,3057.441345390954,42.985,2,40.345821325648416,6.8061344077673285,19,38.90916648521643,1168,3.8421052631578942,10,169.38450431051987,169.38450431051987,True,1,,,False
E01011721,Leeds 041A,Leeds,436676.4783658121,436740.2334849962,1567,2825.3545366173485,46.204,1,40.614886731391586,7.402976289081897,8,14.424273320318308,725,5.6640625,8,179.84841923197027,179.84841923197027,True,1,,,False
E01011722,Leeds 041B,Leeds,437335.1585455715,436222.3688524157,2162,2629.474448194554,31.717,3,30.54945054945055,7.848954079958167,9,10.946008341235425,436,3.0277777777777777,2,656.7512116238307,1762.412211623831,False,0,,,False
E01011723,Leeds 041C,Leeds,436686.7883970307,436179.7037131662,1825,7317.168305338833,49.103,1,38.11533052039381,7.218082143787174,3,12.028221871789864,248,5.166666666666667,2,131.33603426547657,443.82603426547655,True,0,,,False
E01011724,Leeds 041D,Leeds,436219.96556021983,435986.48303087545,1864,5158.880543096799,42.632,2,36.8920521945433,6.714354048542211,11,30.444037539734328,660,3.75,1,114.32694554759289,826.440945547593,True,0,,,False
E01011725,Leeds 078A,Leeds,425533.94978445966,433302.0718744196,1548,7054.635826821896,63.209,1,49.33530280649926,4.3413210326826235,12,54.68709943272789,389,2.0260416666666665,3,43.9779033534597,1228.0499033534593,True,0,,,False
E01011726,Leeds 080A,Leeds,424832.1211575416,432513.7485921992,1595,1516.3146258465567,43.724,2,36.36363636363637,5.193313532821885,7,6.654672339138494,130,1.1607142857142858,4,249.67581901865353,518.8118190186534,True,0,,,False
E01011727,Leeds 080B,Leeds,424180.9789513981,433259.0612828663,1522,2765.7159036555536,18.638,5,17.551622418879056,5.688548737716051,16,29.074543008205556,461,1.80078125,7,601.8987641737314,1252.8247641737314,False,0,,,False
E01011728,Leeds 080C,Leeds,424251.13526827935,431553.9144179386,1358,468.70007687630624,14.19,6,14.61038961038961,6.06151345061847,20,6.9027993648940535,548,1.7125,4,449.60064436209694,1592.523644362097,False,0,,,False
E01011729,Leeds 078B,Leeds,426326.1938281685,433116.470000781,1704,6638.4428047730935,51.576,1,48.62155388471178,3.5960157969942257,13,50.64539698477125,405,1.9471153846153848,4,35.2340273286972,669.6480273286973,True,0,,,False
E01011730,Leeds 078C,Leeds,425616.07710837433,432693.43638956296,1648,3089.861174825008,48.968,1,41.56804733727811,4.3901890290779155,14,26.248820659921183,265,1.1830357142857142,6,49.65912526865248,656.2421252686523,True,0,,,False
E01011731,Leeds 081B,Leeds,426490.18744559505,432465.91598530544,1405,3964.045331765118,12.458,7,17.892976588628763,3.6442813481643297,6,16.928307466612605,81,0.84375,1,60.781273481925474,856.3622734819255,True,0,,,False
E01011732,Leeds 081C,Leeds,427051.9551654572,432658.4790524837,1954,3774.4736179139495,13.951,7,18.929016189290163,3.0527495412055408,12,23.179981276851276,264,1.375,4,193.74191101804303,993.339911018043,True,0,,,False
E01011733,Leeds 081D,Leeds,427274.9370446177,432325.20647349773,1580,5287.66054250347,15.517,6,25.206611570247933,3.013867977662905,5,16.73310298260592,152,1.9,1,408.48824121252613,1516.1752412125263,False,0,,,False
E01011734,Leeds 083A,Leeds,426323.93521491473,431069.7137641345,2921,945.0339519479304,6.806,9,15.210084033613445,4.520620709873389,19,6.147088355703759,766,2.5197368421052633,6,1171.9403217459908,1974.6493217459908,False,0,,,False
E01011735,Leeds 078D,Leeds,425533.9479826903,432263.8068892075,1656,5521.710100994375,55.187,1,41.92634560906516,4.605810160515132,6,20.00619601809556,435,4.53125,3,241.754019976104,241.754019976104,True,1,,,False
E01011736,Leeds 083B,Leeds,426769.3546998099,432063.9146243427,1453,3823.454648256301,13.427,7,19.379844961240313,3.581386008290728,11,28.945630509854997,596,3.386363636363636,6,106.06993229832324,1187.7509322983228,True,0,,,False
E01011737,Leeds 083C,Leeds,426118.491470682,431917.28036802553,1570,3312.4894817575696,48.637,1,40.130718954248366,4.219189969935133,8,16.87892729557997,316,2.46875,6,25.438547374311053,543.276547374311,True,0,,,False
E01011738,Leeds 083D,Leeds,425033.72831178654,431474.621636864,1494,1527.0869404939417,13.081,7,16.030534351145036,5.385466605444452,9,9.199318918638202,547,3.798611111111111,6,556.1791477336527,1139.7921477336529,False,0,,,False
E01011739,Leeds 080D,Leeds,425085.06744426594,433630.8873586492,1602,4546.680623622741,51.414,1,40.189445196211096,4.754589547943889,20,56.76255460203173,609,1.903125,5,34.55329456325395,826.0902945632539,True,0,,,False
E01032487,Leeds 097F,Leeds,436165.588426612,428623.8093835546,1081,5944.040701981211,32.227,3,25.164113785557984,8.258768199548662,5,27.49325024043113,95,1.1875,4,160.56501578294683,483.7310157829469,True,0,,,False
E01032488,Leeds 097G,Leeds,435598.5161289497,428932.96337336855,1848,3759.585597342436,6.262,9,11.213720316622693,7.626498546425716,7,14.240854535388015,404,3.607142857142857,8,155.11467286933785,492.54467286933783,True,0,,,False
E01032489,Leeds 102F,Leeds,426947.375273366,428064.4205700035,2083,5244.884617245122,16.105,6,26.97768762677485,6.529248189380571,5,12.589737439378592,130,1.625,1,316.1286209039652,688.1086209039653,True,0,,,False
E01032490,Leeds 102G,Leeds,427416.9682899525,427556.3808633184,1394,4861.007158963259,5.803,9,12.869565217391305,6.808379471688144,10,34.87092653488708,210,1.3125,2,5.888578686634312,902.0095786866344,True,0,,,False
E01032491,Leeds 102H,Leeds,427318.67698536214,427081.33041558607,1221,2296.550335029003,4.308,10,7.331975560081466,7.287822159676075,6,11.285259631592153,81,0.84375,2,616.4408380282658,1511.645838028266,False,0,,,False
E01032492,Leeds 102I,Leeds,426800.58292328013,427731.3246590106,2111,8076.145145606871,33.488,3,37.08920187793427,6.892946504793975,6,22.954462753975,288,3.0,9,188.0156613393858,361.08166133938573,True,1,,,False
E01032493,Leeds 033F,Leeds,425405.1539992166,436681.5234572246,1418,6825.355957314221,7.195,9,16.06864274570983,5.215123236566212,1,4.8133680940156705,77,4.8125,3,286.20134477546907,1485.778344775469,True,0,,,False
E01032494,Leeds 033G,Leeds,425060.08611632977,437014.79004984786,1877,2827.635285309389,36.49,2,34.11927877947296,5.685141746392265,9,13.558187303028502,562,3.9027777777777777,5,364.2130000102466,1471.8170000102466,True,0,,,False
E01032496,Leeds 105F,Leeds,432630.3613772945,427021.9308824417,2160,2922.101684266574,11.642,7,12.48688352570829,7.446906298990586,12,16.23389824592541,531,2.765625,4,101.86588416797171,2661.7728841679723,True,0,,,False
E01032497,Leeds 099E,Leeds,430372.66958939226,429179.9182118801,1637,1137.8539061313809,44.121,2,42.586750788643535,4.773482624908481,9,6.255763686733309,244,1.6944444444444444,5,869.4981604042666,1128.6881604042665,False,0,,,False
E01032498,Leeds 099F,Leeds,429737.03565782146,428525.3786893584,1694,1806.039663557344,23.908,4,25.90529247910863,5.397968569996002,11,11.727530282839895,925,5.255681818181818,9,624.2663871129331,921.400387112933,False,0,,,False
E01032499,Leeds 067G,Leeds,425875.62284590746,433899.17248102266,1700,2119.847788792267,14.779,6,13.980028530670472,3.955149876198048,11,13.71666216277349,757,4.301136363636363,7,333.669965278383,447.59496527838303,True,0,,,False
E01032500,Leeds 067H,Leeds,426609.2763387252,433696.2323167729,1386,9849.442873767346,54.954,1,53.36463223787168,3.229366360060427,4,28.425520559213123,159,2.484375,4,133.81107478693994,370.1870747869399,True,1,,,False
E01032501,Leeds 017E,Leeds,424732.85630546534,439334.99443356384,1159,4711.349546667559,5.122,10,14.035087719298245,7.435238443484468,4,16.2600502042021,227,3.546875,2,471.92540980981784,716.0904098098179,False,0,,,False
E01032502,Leeds 017F,Leeds,424855.24245486065,438863.6275045862,1895,4206.3703106620815,33.858,2,30.046948356807512,7.0121048771635515,13,28.856366247286047,635,3.0528846153846154,3,168.1862747956036,168.1862747956036,True,1,,,False
E01032503,Leeds 007E,Leeds,423605.0944942456,442158.2871240013,1432,111.43929590794212,6.681,9,7.654723127035831,10.324041426434905,29,2.25680138361056,836,1.8017241379310345,5,649.7483185011345,3914.3563185011335,False,0,,,False
E01032504,Leeds 007F,Leeds,426244.3279569313,442476.610949436,1939,651.9518296826548,6.602,9,8.579088471849866,9.275468443305463,10,3.3623095909368477,225,1.40625,1,86.64918818780319,3308.3441881878025,True,0,,,False
E01032606,Leeds 067I,Leeds,425143.3357689441,434000.5481617591,2116,4709.318053770231,28.944,3,31.601731601731604,4.688017116354429,14,31.15805895689189,291,1.2991071428571428,5,105.85187562221785,439.75687562221776,True,0,,,False
E01032607,Leeds 067J,Leeds,426608.92760339275,433348.2625205897,1317,5423.755390840733,46.131,1,43.6055469953775,3.2725570578510608,8,32.9461223437554,247,1.9296875,5,190.18470240643035,357.49170240643036,True,1,,,False
E01032608,Leeds 067K,Leeds,426307.29409249173,433738.7928303322,1111,7629.290729378649,36.167,2,40.26974951830443,3.5281973361462633,5,34.33524180638456,217,2.7125,6,258.30577759416207,353.18577759416206,True,1,,,False
E01032876,Leeds 109G,Leeds,427650.5645875917,438196.1974275202,1843,1154.5191807656947,1.938,10,9.615384615384617,4.797624555083794,11,6.890781871092047,333,1.8920454545454544,4,355.5439840525322,1317.177984052532,True,0,,,False
E01032946,Leeds 110G,Leeds,428501.3716917515,435832.06421112426,3042,6482.87991282763,6.985,9,41.15523465703971,2.326677314379752,6,12.786745390192564,880,9.166666666666666,9,168.28557402852738,168.28557402852738,True,1,,,False
E01033002,Leeds 055F,Leeds,430392.0500709741,434347.0169403235,2277,8143.043803737547,22.655,4,63.77097729516288,0.7037720171650028,8,28.609727900702843,1021,7.9765625,14,184.5046280930316,462.5056280930316,True,0,,,False
E01033003,Leeds 055G,Leeds,430727.2277340002,434412.771663751,2296,10560.385220074775,36.75,2,66.15905245346869,1.021806128295211,4,18.39788365866686,788,12.3125,13,85.18585244023919,85.18585244023919,True,1,,,False
E01033008,Leeds 111A,Leeds,429598.6908097563,433883.70663984586,2114,5474.202165475058,18.915,5,77.87162162162163,0.2352394448725333,12,31.073995262866937,1746,9.09375,33,243.5792745975057,243.5792745975057,True,1,,,False
E01033010,Leeds 111B,Leeds,430256.0597966362,433850.5476934698,4852,6941.925585407364,28.401,3,82.11488250652742,0.4314045548036381,68,97.28997110628622,9278,8.527573529411764,71,140.0842055137764,140.0842055137764,True,1,,,False
E01033011,Leeds 111C,Leeds,430766.4749336441,433456.58774008165,1358,4471.727766710168,20.157,5,65.41554959785523,1.045358383384003,52,171.22963466047773,3981,4.784855769230769,61,64.55009314723206,64.55009314723206,True,1,,,False
E01033013,Leeds 082E,Leeds,428900.7419876382,432729.890006585,1473,2464.106841001795,34.029,2,59.66620305980529,1.5123590014783344,8,13.382793433818303,739,5.7734375,15,158.37412134773825,158.37412134773825,True,1,,,False
E01033015,Leeds 111D,Leeds,429414.11761478265,433171.61651290586,1837,4971.096667881674,9.214,8,55.93582887700534,0.8587326875779221,7,18.942665582564896,1213,10.830357142857142,25,107.98953484707071,533.5215348470707,True,0,,,False
E01033016,Leeds 111E,Leeds,430062.18221862765,432852.62975145824,1072,1408.4070688779668,14.395,6,57.54985754985755,1.0946590748392755,20,26.276251285036693,3018,9.43125,37,40.56301199462109,40.56301199462109,True,1,,,False
E01033021,Leeds 075E,Leeds,431567.9990529808,433337.8187998687,2088,5189.846126694012,35.599,2,53.47544022242817,1.833054151274037,11,27.341143387755817,1340,7.613636363636363,16,74.69060486391746,448.4886048639174,True,0,,,False
E01033031,Leeds 064E,Leeds,431205.9856231302,434380.64801038016,1641,3007.4568294753662,32.896,3,62.21198156682027,1.4495752057289863,8,14.66158113089758,903,7.0546875,13,375.3148551755976,450.2328551755976,True,0,,,False
E01033033,Leeds 075F,Leeds,431008.56138834136,433346.7678456153,1629,14973.447975261117,10.482,8,61.92660550458715,1.3110514596558795,3,27.57541063583999,57,1.1875,1,260.1461412083576,321.9151412083577,True,1,,,False
E01033034,Leeds 075G,Leeds,431085.2711720237,433027.0542665964,1541,11719.892998009738,7.55,9,46.354733405875955,1.541370931943973,3,22.816144707351857,251,5.229166666666667,8,67.63095328970066,67.63095328970066,True,1,,,False
E01033035,Leeds 064F,Leeds,431527.5285706994,434412.4545242764,1831,10702.36593645448,53.095,1,53.69649805447471,1.7661359448980825,5,29.22546678441966,562,7.025,6,150.3899382913224,150.3899382913224,True,1,,,False
E01035040,Leeds 044G,Leeds,427250.58141105383,436012.9564595099,1835,10654.88989531417,13.704,7,30.970149253731343,3.320676899641328,1,5.806479506983199,97,6.0625,3,341.4072771907395,341.4072771907395,True,1,,,False
E01035041,Leeds 044H,Leeds,427421.85955718096,435742.1920860169,1356,9899.301100731043,11.648,7,35.42600896860987,3.0188878597813615,3,21.90110862993594,267,5.5625,4,197.56757799781684,197.56757799781684,True,1,,,False
E01035042,Leeds 055I,Leeds,429087.1632659262,435206.37532254896,2434,6534.977076234462,23.153,4,62.634989200863934,1.483610339797493,7,18.794100054906018,863,7.705357142857143,8,223.85598004632857,223.85598004632857,True,1,,,False
E01035043,Leeds 055J,Leeds,429836.7918671061,434640.0641496103,1473,5469.486449306526,23.861,4,59.08045977011495,0.7175554654921795,6,22.278967206951226,699,7.28125,8,175.4232217098806,175.4232217098806,True,1,,,False
E01035044,Leeds 063F,Leeds,429154.5152119392,434726.2130754545,2614,5523.251999830594,14.665,6,64.40677966101694,1.0503000228503427,12,25.35540321268827,1144,5.958333333333333,7,68.42394407482702,401.92094407482693,True,0,,,False
E01035045,Leeds 063G,Leeds,428942.0959735282,434294.2545177548,1425,14218.949446562428,11.939,7,61.09324758842444,0.9632234933721542,0,0.0,0,0.0,0,463.7997521059977,463.7997521059977,False,0,,,False
E01035046,Leeds 082G,Leeds,429917.1886306204,432614.3110470778,1568,21492.513251841498,9.986,8,60.28833551769331,1.3110790493307691,1,13.70695998204177,403,25.1875,13,230.8132828609856,230.8132828609856,True,1,,,False
E01035047,Leeds 082H,Leeds,429634.7349009559,432500.495154335,1331,3547.319591026719,27.325,3,50.1577287066246,1.4354789149282865,0,0.0,0,0.0,0,543.8534048122556,543.8534048122556,False,0,,,False
E01035048,Leeds 099G,Leeds,430978.7658163387,428151.2749082678,1905,3562.4518734714047,17.464,5,22.37851662404092,5.884342272660909,17,31.7909091070939,930,3.4191176470588234,10,34.96541044397814,194.66241044397816,True,1,,,False
E01035049,Leeds 099H,Leeds,431651.7087184128,427823.5666275012,1467,4643.8748383284865,10.294,8,16.091954022988507,6.365019123705662,4,12.662235414665266,88,1.375,5,100.4567317895145,1153.1707317895148,True,0,,,False
E01035050,Leeds 105G,Leeds,430412.33224201313,427188.4523545894,1687,3166.289227775926,18.614,5,17.647058823529413,6.759153366901116,2,3.753751307381062,24,0.75,3,165.11525943244598,545.1112594324461,True,0,,,False
E01035051,Leeds 105H,Leeds,431335.4427728632,427176.1941331126,1579,1403.928551077702,8.005,9,7.907742998352553,6.912116037296504,8,7.113000892097287,136,1.0625,3,562.3942561265802,1580.9552561265805,False,0,,,False
E01035052,Leeds 105I,Leeds,430825.88472789945,426534.6345990863,1424,1903.0090093957767,23.694,4,14.915254237288137,7.454626104298777,8,10.691061850538071,115,0.8984375,4,66.05067351388153,1510.1056735138818,True,0,,,False
E01035053,Leeds 105J,Leeds,432226.18510398245,426295.2221138288,1720,1112.6428196170575,13.65,7,10.076335877862595,7.994637293842066,7,4.528197521697327,73,0.6517857142857143,3,944.2863343759585,3745.275334375959,False,0,457.4893343759586,457.4893343759586,True
E01035054,Leeds 112F,Leeds,430976.54419898486,432599.41218983807,2537,4146.205338918524,5.978,9,53.26560232220609,1.7503151350960602,16,26.14871321351848,1592,6.21875,16,348.5854018687972,348.5854018687972,True,1,,,False
